label,engine,functional,basis,nucleus,molecule,scenario,group_smarts,n_atoms,molecule_heavy_atoms,molecule_total_atoms,size_bucket,run_seconds,run_seconds_per_heavy_atom,reference_ppm,predicted_ppm,error,abs_error,exchangeable
cdk,cdk,,,1H,methane,aliphatic,[CH4],4,1,5,tiny (1-3 heavy atoms),0.0012,0.001,0.2300,4.4735,4.2435,4.2435,0
cdk,cdk,,,13C,ethane,aliphatic,[CH3],2,2,8,tiny (1-3 heavy atoms),0.0016,0.001,5.7000,19.3303,13.6303,13.6303,0
cdk,cdk,,,1H,ethane,aliphatic,[CH3],6,2,8,tiny (1-3 heavy atoms),0.0020,0.001,0.8600,1.5350,0.6750,0.6750,0
cdk,cdk,,,13C,cyclohexane,aliphatic,[CH2],6,6,18,small (4-7 heavy atoms),0.0033,0.001,27.0000,24.7697,-2.2303,2.2303,0
cdk,cdk,,,1H,cyclohexane,aliphatic,[CH2],12,6,18,small (4-7 heavy atoms),0.0035,0.001,1.4300,1.6780,0.2480,0.2480,0
cdk,cdk,,,13C,ethanol,aliphatic,[CH3],1,3,9,tiny (1-3 heavy atoms),0.0007,0.000,18.4000,17.5000,-0.9000,0.9000,0
cdk,cdk,,,13C,ethanol,aliphatic,[CH2][OH],1,3,9,tiny (1-3 heavy atoms),0.0007,0.000,58.0000,57.9000,-0.1000,0.1000,0
cdk,cdk,,,1H,ethanol,aliphatic,[CH3],3,3,9,tiny (1-3 heavy atoms),0.0012,0.000,1.1800,1.2919,0.1119,0.1119,0
cdk,cdk,,,1H,ethanol,aliphatic,[CH2][OH],2,3,9,tiny (1-3 heavy atoms),0.0012,0.000,3.6900,4.1095,0.4195,0.4195,0
cdk,cdk,,,1H,ethanol,aliphatic,[OH],1,3,9,tiny (1-3 heavy atoms),0.0012,0.000,2.6000,3.6569,1.0569,1.0569,1
cdk,cdk,,,13C,isopropanol,aliphatic,[CH3],2,4,12,small (4-7 heavy atoms),0.0006,0.000,25.3000,26.5000,1.2000,1.2000,0
cdk,cdk,,,13C,isopropanol,aliphatic,[CH1][OH],1,4,12,small (4-7 heavy atoms),0.0006,0.000,64.0000,64.7000,0.7000,0.7000,0
cdk,cdk,,,1H,isopropanol,aliphatic,[CH3],6,4,12,small (4-7 heavy atoms),0.0013,0.000,1.1800,1.3186,0.1386,0.1386,0
cdk,cdk,,,1H,isopropanol,aliphatic,[CH1][OH],1,4,12,small (4-7 heavy atoms),0.0013,0.000,4.0100,4.5865,0.5765,0.5765,0
cdk,cdk,,,1H,isopropanol,aliphatic,[OH],1,4,12,small (4-7 heavy atoms),0.0013,0.000,2.2000,3.9160,1.7160,1.7160,1
cdk,cdk,,,13C,tert_butanol,aliphatic,[CH3],3,5,15,small (4-7 heavy atoms),0.0013,0.000,31.2000,32.0050,0.8050,0.8050,0
cdk,cdk,,,13C,tert_butanol,aliphatic,[CX4]([CH3])([CH3])([CH3])[OH],1,5,15,small (4-7 heavy atoms),0.0013,0.000,69.0000,69.4050,0.4050,0.4050,0
cdk,cdk,,,1H,tert_butanol,aliphatic,[CH3],9,5,15,small (4-7 heavy atoms),0.0016,0.000,1.2200,1.4107,0.1907,0.1907,0
cdk,cdk,,,1H,tert_butanol,aliphatic,[OH],1,5,15,small (4-7 heavy atoms),0.0016,0.000,2.2000,3.6739,1.4739,1.4739,1
cdk,cdk,,,13C,neopentane,aliphatic,[CH3],4,5,17,small (4-7 heavy atoms),0.0014,0.000,31.7000,24.8799,-6.8201,6.8201,0
cdk,cdk,,,13C,neopentane,aliphatic,[CX4]([CH3])([CH3])([CH3])[CH3],1,5,17,small (4-7 heavy atoms),0.0014,0.000,27.9000,40.4961,12.5961,12.5961,0
cdk,cdk,,,1H,neopentane,aliphatic,[CH3],12,5,17,small (4-7 heavy atoms),0.0017,0.000,0.9200,1.1532,0.2332,0.2332,0
cdk,cdk,,,13C,benzene,aromatic,[cH],6,6,12,small (4-7 heavy atoms),0.0048,0.001,128.5000,123.7187,-4.7813,4.7813,0
cdk,cdk,,,1H,benzene,aromatic,[cH],6,6,12,small (4-7 heavy atoms),0.0022,0.000,7.2600,7.4663,0.2063,0.2063,0
cdk,cdk,,,13C,p_xylene,aromatic,[CH3],2,8,18,medium (8-14 heavy atoms),0.0013,0.000,20.9000,18.3644,-2.5356,2.5356,0
cdk,cdk,,,13C,p_xylene,aromatic,[cH],4,8,18,medium (8-14 heavy atoms),0.0013,0.000,129.0000,129.0350,0.0350,0.0350,0
cdk,cdk,,,13C,p_xylene,aromatic,[c]([CH3]),2,8,18,medium (8-14 heavy atoms),0.0013,0.000,134.7000,130.4977,-4.2023,4.2023,0
cdk,cdk,,,1H,p_xylene,aromatic,[CH3],6,8,18,medium (8-14 heavy atoms),0.0016,0.000,2.3000,2.4300,0.1300,0.1300,0
cdk,cdk,,,1H,p_xylene,aromatic,[cH],4,8,18,medium (8-14 heavy atoms),0.0016,0.000,7.0500,7.0460,-0.0040,0.0040,0
cdk,cdk,,,13C,mesitylene,aromatic,[CH3],3,9,21,medium (8-14 heavy atoms),0.0021,0.000,21.2000,18.3644,-2.8356,2.8356,0
cdk,cdk,,,13C,mesitylene,aromatic,[cH],3,9,21,medium (8-14 heavy atoms),0.0021,0.000,126.2000,128.9530,2.7530,2.7530,0
cdk,cdk,,,13C,mesitylene,aromatic,[c]([CH3]),3,9,21,medium (8-14 heavy atoms),0.0021,0.000,137.6000,130.4977,-7.1023,7.1023,0
cdk,cdk,,,1H,mesitylene,aromatic,[CH3],9,9,21,medium (8-14 heavy atoms),0.0022,0.000,2.2500,2.4300,0.1800,0.1800,0
cdk,cdk,,,1H,mesitylene,aromatic,[cH],3,9,21,medium (8-14 heavy atoms),0.0022,0.000,6.7800,7.5919,0.8119,0.8119,0
cdk,cdk,,,13C,pyridine,aromatic,[cH]n,2,6,11,small (4-7 heavy atoms),0.0007,0.000,149.9000,149.7500,-0.1500,0.1500,0
cdk,cdk,,,13C,pyridine,aromatic,[cH]cn,2,6,11,small (4-7 heavy atoms),0.0007,0.000,123.8000,124.0000,0.2000,0.2000,0
cdk,cdk,,,13C,pyridine,aromatic,[cH]ccn,1,6,11,small (4-7 heavy atoms),0.0007,0.000,136.0000,123.7187,-12.2813,12.2813,0
cdk,cdk,,,1H,pyridine,aromatic,[cH]n,2,6,11,small (4-7 heavy atoms),0.0006,0.000,8.6000,8.5971,-0.0029,0.0029,0
cdk,cdk,,,1H,pyridine,aromatic,[cH]cn,2,6,11,small (4-7 heavy atoms),0.0006,0.000,7.2500,7.2943,0.0443,0.0443,0
cdk,cdk,,,1H,pyridine,aromatic,[cH]ccn,1,6,11,small (4-7 heavy atoms),0.0006,0.000,7.6500,7.4663,-0.1837,0.1837,0
cdk,cdk,,,13C,naphthalene,aromatic,[cH][cH0],4,10,18,medium (8-14 heavy atoms),0.0016,0.000,127.9000,127.3481,-0.5519,0.5519,0
cdk,cdk,,,13C,naphthalene,aromatic,[cH]([cH])[cH],4,10,18,medium (8-14 heavy atoms),0.0016,0.000,125.8000,123.7187,-2.0813,2.0813,0
cdk,cdk,,,13C,naphthalene,aromatic,[cH0],2,10,18,medium (8-14 heavy atoms),0.0016,0.000,133.5000,126.6090,-6.8910,6.8910,0
cdk,cdk,,,1H,naphthalene,aromatic,[cH][cH0],4,10,18,medium (8-14 heavy atoms),0.0013,0.000,7.8400,7.8678,0.0278,0.0278,0
cdk,cdk,,,1H,naphthalene,aromatic,[cH]([cH])[cH],4,10,18,medium (8-14 heavy atoms),0.0013,0.000,7.4600,7.4663,0.0063,0.0063,0
cdk,cdk,,,13C,acetone,carbonyl,[CH3],2,4,10,small (4-7 heavy atoms),0.0006,0.000,30.9000,30.7000,-0.2000,0.2000,0
cdk,cdk,,,13C,acetone,carbonyl,[CX3]=O,1,4,10,small (4-7 heavy atoms),0.0006,0.000,206.0000,206.7000,0.7000,0.7000,0
cdk,cdk,,,1H,acetone,carbonyl,[CH3],6,4,10,small (4-7 heavy atoms),0.0006,0.000,2.1700,2.3424,0.1724,0.1724,0
cdk,cdk,,,13C,acetaldehyde,carbonyl,[CH3],1,3,7,tiny (1-3 heavy atoms),0.0004,0.000,30.9000,31.2000,0.3000,0.3000,0
cdk,cdk,,,13C,acetaldehyde,carbonyl,[CX3H1]=O,1,3,7,tiny (1-3 heavy atoms),0.0004,0.000,199.6000,200.5000,0.9000,0.9000,0
cdk,cdk,,,1H,acetaldehyde,carbonyl,[CH3],3,3,7,tiny (1-3 heavy atoms),0.0004,0.000,2.2000,2.1000,-0.1000,0.1000,0
cdk,cdk,,,1H,acetaldehyde,carbonyl,[CX3H1]=O,1,3,7,tiny (1-3 heavy atoms),0.0004,0.000,9.7900,9.7000,-0.0900,0.0900,0
cdk,cdk,,,13C,ethyl_acetate,carbonyl,[CH3]C(=O)O,1,6,14,small (4-7 heavy atoms),0.0006,0.000,21.0000,21.0000,0.0000,0.0000,0
cdk,cdk,,,13C,ethyl_acetate,carbonyl,[CX3](=O)O,1,6,14,small (4-7 heavy atoms),0.0006,0.000,171.0000,170.6000,-0.4000,0.4000,0
cdk,cdk,,,13C,ethyl_acetate,carbonyl,[CH2]OC=O,1,6,14,small (4-7 heavy atoms),0.0006,0.000,60.5000,60.3000,-0.2000,0.2000,0
cdk,cdk,,,13C,ethyl_acetate,carbonyl,[CH3][CH2]O,1,6,14,small (4-7 heavy atoms),0.0006,0.000,14.2000,14.2000,0.0000,0.0000,0
cdk,cdk,,,1H,ethyl_acetate,carbonyl,[CH3]C(=O)O,3,6,14,small (4-7 heavy atoms),0.0010,0.000,2.0400,1.9700,-0.0700,0.0700,0
cdk,cdk,,,1H,ethyl_acetate,carbonyl,[CH2]OC=O,2,6,14,small (4-7 heavy atoms),0.0010,0.000,4.1200,4.1000,-0.0200,0.0200,0
cdk,cdk,,,1H,ethyl_acetate,carbonyl,[CH3][CH2]O,3,6,14,small (4-7 heavy atoms),0.0010,0.000,1.2600,1.2000,-0.0600,0.0600,0
cdk,cdk,,,13C,benzaldehyde,carbonyl,[CX3H1]=O,1,8,14,medium (8-14 heavy atoms),0.0010,0.000,192.4000,190.4461,-1.9539,1.9539,0
cdk,cdk,,,1H,benzaldehyde,carbonyl,[CX3H1]=O,1,8,14,medium (8-14 heavy atoms),0.0008,0.000,9.9900,10.2471,0.2571,0.2571,0
cdk,cdk,,,13C,dmf,carbonyl,[CX3H1]=O,1,5,12,small (4-7 heavy atoms),0.0005,0.000,162.6000,162.6000,0.0000,0.0000,0
cdk,cdk,,,1H,dmf,carbonyl,[CX3H1]=O,1,5,12,small (4-7 heavy atoms),0.0006,0.000,8.0200,8.2131,0.1931,0.1931,0
cdk,cdk,,,13C,acetic_acid,carboxylic_acid,[CH3],1,4,8,small (4-7 heavy atoms),0.0003,0.000,20.8000,20.6000,-0.2000,0.2000,0
cdk,cdk,,,13C,acetic_acid,carboxylic_acid,[CX3](=O)[OH],1,4,8,small (4-7 heavy atoms),0.0003,0.000,178.1000,176.6000,-1.5000,1.5000,0
cdk,cdk,,,1H,acetic_acid,carboxylic_acid,[CH3],3,4,8,small (4-7 heavy atoms),0.0006,0.000,2.1000,2.0747,-0.0253,0.0253,0
cdk,cdk,,,1H,acetic_acid,carboxylic_acid,[OX2H][CX3]=O,1,4,8,small (4-7 heavy atoms),0.0006,0.000,11.4000,11.6769,0.2769,0.2769,1
cdk,cdk,,,13C,formic_acid,carboxylic_acid,[CX3H1](=O)[OH],1,3,5,tiny (1-3 heavy atoms),0.0004,0.000,166.3000,160.5175,-5.7825,5.7825,0
cdk,cdk,,,1H,formic_acid,carboxylic_acid,[CX3H1](=O)[OH],1,3,5,tiny (1-3 heavy atoms),0.0004,0.000,8.0800,8.0359,-0.0441,0.0441,0
cdk,cdk,,,1H,formic_acid,carboxylic_acid,[OX2H][CX3]=O,1,3,5,tiny (1-3 heavy atoms),0.0004,0.000,11.0000,6.8472,-4.1528,4.1528,1
cdk,cdk,,,13C,benzoic_acid,carboxylic_acid,[CX3](=O)[OH],1,9,15,medium (8-14 heavy atoms),0.0380,0.004,172.6000,167.9333,-4.6667,4.6667,0
cdk,cdk,,,1H,benzoic_acid,carboxylic_acid,[OX2H][CX3]=O,1,9,15,medium (8-14 heavy atoms),0.0010,0.000,12.0000,12.5941,0.5941,0.5941,1
cdk,cdk,,,1H,chloroform,heteroatom_halogen,[CX4H1](Cl)(Cl)Cl,1,4,5,small (4-7 heavy atoms),0.0003,0.000,7.2600,4.4735,-2.7865,2.7865,0
cdk,cdk,,,1H,dichloromethane,heteroatom_halogen,[CH2](Cl)Cl,2,3,5,tiny (1-3 heavy atoms),0.0003,0.000,5.3000,4.4735,-0.8265,0.8265,0
cdk,cdk,,,13C,methanol,heteroatom_halogen,[CH3]O,1,2,6,tiny (1-3 heavy atoms),0.0003,0.000,50.4000,50.5000,0.1000,0.1000,0
cdk,cdk,,,1H,methanol,heteroatom_halogen,[CH3]O,3,2,6,tiny (1-3 heavy atoms),0.0004,0.000,3.4000,3.6923,0.2923,0.2923,0
cdk,cdk,,,1H,methanol,heteroatom_halogen,[OH],1,2,6,tiny (1-3 heavy atoms),0.0004,0.000,2.0000,6.8472,4.8472,4.8472,1
cdk,cdk,,,13C,acetonitrile,heteroatom_halogen,[CH3]C#N,1,3,6,tiny (1-3 heavy atoms),0.0003,0.000,1.3000,0.3000,-1.0000,1.0000,0
cdk,cdk,,,13C,acetonitrile,heteroatom_halogen,[CX2]#N,1,3,6,tiny (1-3 heavy atoms),0.0003,0.000,117.7000,117.7000,0.0000,0.0000,0
cdk,cdk,,,1H,acetonitrile,heteroatom_halogen,[CH3]C#N,3,3,6,tiny (1-3 heavy atoms),0.0003,0.000,2.0000,1.9700,-0.0300,0.0300,0
cdk,cdk,,,13C,dmso,heteroatom_halogen,[CH3],2,4,10,small (4-7 heavy atoms),0.0003,0.000,40.5000,40.1000,-0.4000,0.4000,0
cdk,cdk,,,1H,dmso,heteroatom_halogen,[CH3],6,4,10,small (4-7 heavy atoms),0.0005,0.000,2.5000,2.5390,0.0390,0.0390,0
cdk,cdk,,,1H,iodomethane,heteroatom_halogen,[CH3]I,3,2,5,tiny (1-3 heavy atoms),0.0003,0.000,2.1600,2.2000,0.0400,0.0400,0
cdk,cdk,,,13C,ethylene,conjugated_strained,[CH2]=[CH2],1,2,6,tiny (1-3 heavy atoms),0.0003,0.000,123.3000,113.6011,-9.6989,9.6989,0
cdk,cdk,,,1H,ethylene,conjugated_strained,[CH2]=[CH2],2,2,6,tiny (1-3 heavy atoms),0.0003,0.000,5.4000,5.2780,-0.1220,0.1220,0
cdk,cdk,,,13C,acetylene,conjugated_strained,[CH1]#[CH1],1,2,4,tiny (1-3 heavy atoms),0.0003,0.000,71.9000,75.7060,3.8060,3.8060,0
cdk,cdk,,,1H,acetylene,conjugated_strained,[CH1]#[CH1],1,2,4,tiny (1-3 heavy atoms),0.0002,0.000,1.8000,2.7208,0.9208,0.9208,0
cdk,cdk,,,13C,cyclopropane,conjugated_strained,[CH2],3,3,9,tiny (1-3 heavy atoms),0.0004,0.000,-2.8000,30.3891,33.1891,33.1891,0
cdk,cdk,,,1H,cyclopropane,conjugated_strained,[CH2],6,3,9,tiny (1-3 heavy atoms),0.0005,0.000,0.2200,2.0854,1.8654,1.8654,0
cdk,cdk,,,13C,styrene,conjugated_strained,[CH2]=[CH],1,8,16,medium (8-14 heavy atoms),0.0008,0.000,113.2000,115.2944,2.0944,2.0944,0
cdk,cdk,,,13C,styrene,conjugated_strained,[CH1](=[CH2])c,1,8,16,medium (8-14 heavy atoms),0.0008,0.000,136.9000,133.9985,-2.9015,2.9015,0
cdk,cdk,,,1H,styrene,conjugated_strained,[CH1](=[CH2])c,1,8,16,medium (8-14 heavy atoms),0.0008,0.000,6.7200,6.8583,0.1383,0.1383,0
cdk,cdk,,,13C,furan,conjugated_strained,[cH]o,2,5,9,small (4-7 heavy atoms),0.0051,0.001,142.7000,143.6000,0.9000,0.9000,0
cdk,cdk,,,13C,furan,conjugated_strained,[cH]co,2,5,9,small (4-7 heavy atoms),0.0051,0.001,109.6000,110.4000,0.8000,0.8000,0
cdk,cdk,,,1H,furan,conjugated_strained,[cH]o,2,5,9,small (4-7 heavy atoms),0.0005,0.000,7.4200,7.4981,0.0781,0.0781,0
cdk,cdk,,,1H,furan,conjugated_strained,[cH]co,2,5,9,small (4-7 heavy atoms),0.0005,0.000,6.3700,6.6266,0.2566,0.2566,0
cdk,cdk,,,13C,adamantane,larger,[CX4H2],6,10,26,medium (8-14 heavy atoms),0.0029,0.000,37.8000,35.5918,-2.2082,2.2082,0
cdk,cdk,,,13C,adamantane,larger,[CX4H1],4,10,26,medium (8-14 heavy atoms),0.0029,0.000,28.3000,39.5515,11.2515,11.2515,0
cdk,cdk,,,1H,adamantane,larger,[CX4H2],12,10,26,medium (8-14 heavy atoms),0.0022,0.000,1.7200,1.8281,0.1081,0.1081,0
cdk,cdk,,,1H,adamantane,larger,[CX4H1],4,10,26,medium (8-14 heavy atoms),0.0022,0.000,2.0300,2.9165,0.8865,0.8865,0
cdk,cdk,,,13C,camphor,larger,[CX3]=O,1,11,27,medium (8-14 heavy atoms),0.0016,0.000,217.9000,216.9000,-1.0000,1.0000,0
cdk,cdk,,,13C,menthol,larger,[CX4H1][OH],1,11,31,medium (8-14 heavy atoms),0.0014,0.000,71.5000,69.0300,-2.4700,2.4700,0
cdk,cdk,,,1H,menthol,larger,[OH],1,11,31,medium (8-14 heavy atoms),0.0022,0.000,1.6000,3.4492,1.8492,1.8492,1
cdk,cdk,,,13C,caffeine,larger,[cH],1,14,24,medium (8-14 heavy atoms),0.0033,0.000,141.6000,139.5777,-2.0223,2.0223,0
cdk,cdk,,,1H,caffeine,larger,[cH],1,14,24,medium (8-14 heavy atoms),0.0023,0.000,7.5100,8.9300,1.4200,1.4200,0
cdk,cdk,,,13C,ibuprofen,larger,[CX3](=O)[OH],1,15,33,large (15+ heavy atoms),0.0035,0.000,180.6000,180.1195,-0.4805,0.4805,0
cdk,cdk,,,13C,ibuprofen,larger,[CH3]C([CH3])C,1,15,33,large (15+ heavy atoms),0.0035,0.000,22.4000,22.4656,0.0656,0.0656,0
cdk,cdk,,,1H,ibuprofen,larger,[CH3]C([CH3])C,3,15,33,large (15+ heavy atoms),0.0028,0.000,0.8900,0.8570,-0.0330,0.0330,0
cdk,cdk,,,1H,ibuprofen,larger,[OX2H][CX3]=O,1,15,33,large (15+ heavy atoms),0.0028,0.000,11.5000,10.5229,-0.9771,0.9771,1
cdk,cdk,,,13C,anthracene,larger,[cH]([cH0])[cH0],2,14,24,medium (8-14 heavy atoms),0.0019,0.000,126.4000,113.0014,-13.3986,13.3986,0
cdk,cdk,,,13C,anthracene,larger,[cH]([cH0])[cH],4,14,24,medium (8-14 heavy atoms),0.0019,0.000,128.4000,127.3481,-1.0519,1.0519,0
cdk,cdk,,,13C,anthracene,larger,[cH]([cH])[cH],4,14,24,medium (8-14 heavy atoms),0.0019,0.000,125.5000,123.7187,-1.7813,1.7813,0
cdk,cdk,,,13C,anthracene,larger,[cH0],4,14,24,medium (8-14 heavy atoms),0.0019,0.000,131.9000,126.6090,-5.2910,5.2910,0
cdk,cdk,,,1H,anthracene,larger,[cH]([cH0])[cH0],2,14,24,medium (8-14 heavy atoms),0.0015,0.000,8.4300,8.0000,-0.4300,0.4300,0
cdk,cdk,,,1H,anthracene,larger,[cH]([cH0])[cH],4,14,24,medium (8-14 heavy atoms),0.0015,0.000,8.0100,7.8678,-0.1422,0.1422,0
cdk,cdk,,,1H,anthracene,larger,[cH]([cH])[cH],4,14,24,medium (8-14 heavy atoms),0.0015,0.000,7.4600,7.4663,0.0063,0.0063,0
cdk,cdk,,,13C,testosterone,larger,[CX3]=O,1,21,49,large (15+ heavy atoms),0.0062,0.000,199.4000,198.2333,-1.1667,1.1667,0
cdk,cdk,,,13C,testosterone,larger,[CX3H0]=[CX3H1],1,21,49,large (15+ heavy atoms),0.0062,0.000,171.2000,170.2500,-0.9500,0.9500,0
cdk,cdk,,,13C,testosterone,larger,[CX3H1]=[CX3],1,21,49,large (15+ heavy atoms),0.0062,0.000,123.8000,123.9167,0.1167,0.1167,0
cdk,cdk,,,13C,testosterone,larger,[CX4H1][OH],1,21,49,large (15+ heavy atoms),0.0062,0.000,81.6000,81.3200,-0.2800,0.2800,0
cdk,cdk,,,1H,testosterone,larger,[CX3H1]=[CX3],1,21,49,large (15+ heavy atoms),0.0053,0.000,5.7200,5.6970,-0.0230,0.0230,0
cdk,cdk,,,1H,testosterone,larger,[CX4H1][OH],1,21,49,large (15+ heavy atoms),0.0053,0.000,3.6500,3.6550,0.0050,0.0050,0
cdk,cdk,,,1H,testosterone,larger,[OH],1,21,49,large (15+ heavy atoms),0.0053,0.000,1.6000,2.4240,0.8240,0.8240,1
cdk,cdk,,,13C,cholesterol,larger,[CX3H0]=[CX3H1],1,28,74,large (15+ heavy atoms),0.0116,0.000,140.8000,140.8667,0.0667,0.0667,0
cdk,cdk,,,13C,cholesterol,larger,[CX3H1]=[CX3],1,28,74,large (15+ heavy atoms),0.0116,0.000,121.7000,121.3000,-0.4000,0.4000,0
cdk,cdk,,,13C,cholesterol,larger,[CX4H1][OH],1,28,74,large (15+ heavy atoms),0.0116,0.000,71.8000,71.5000,-0.3000,0.3000,0
cdk,cdk,,,1H,cholesterol,larger,[CX3H1]=[CX3],1,28,74,large (15+ heavy atoms),0.0177,0.001,5.3500,5.2999,-0.0501,0.0501,0
cdk,cdk,,,1H,cholesterol,larger,[CX4H1][OH],1,28,74,large (15+ heavy atoms),0.0177,0.001,3.5200,3.7080,0.1880,0.1880,0
cdk,cdk,,,1H,cholesterol,larger,[OH],1,28,74,large (15+ heavy atoms),0.0177,0.001,1.6000,3.1944,1.5944,1.5944,1
cascade,cascade,,,13C,methane,aliphatic,[CH4],1,1,5,tiny (1-3 heavy atoms),2.9689,2.969,-2.3000,-2.2464,0.0536,0.0536,0
cascade,cascade,,,1H,methane,aliphatic,[CH4],4,1,5,tiny (1-3 heavy atoms),0.2006,0.201,0.2300,0.6478,0.4178,0.4178,0
cascade,cascade,,,13C,ethane,aliphatic,[CH3],2,2,8,tiny (1-3 heavy atoms),0.1128,0.056,5.7000,7.4159,1.7159,1.7159,0
cascade,cascade,,,1H,ethane,aliphatic,[CH3],6,2,8,tiny (1-3 heavy atoms),0.1111,0.056,0.8600,1.1620,0.3020,0.3020,0
cascade,cascade,,,13C,cyclohexane,aliphatic,[CH2],6,6,18,small (4-7 heavy atoms),0.0142,0.002,27.0000,27.0160,0.0160,0.0160,0
cascade,cascade,,,1H,cyclohexane,aliphatic,[CH2],12,6,18,small (4-7 heavy atoms),0.0132,0.002,1.4300,1.5361,0.1061,0.1061,0
cascade,cascade,,,13C,ethanol,aliphatic,[CH3],1,3,9,tiny (1-3 heavy atoms),0.0061,0.002,18.4000,18.9722,0.5722,0.5722,0
cascade,cascade,,,13C,ethanol,aliphatic,[CH2][OH],1,3,9,tiny (1-3 heavy atoms),0.0061,0.002,58.0000,58.7762,0.7762,0.7762,0
cascade,cascade,,,1H,ethanol,aliphatic,[CH3],3,3,9,tiny (1-3 heavy atoms),0.0066,0.002,1.1800,1.2769,0.0969,0.0969,0
cascade,cascade,,,1H,ethanol,aliphatic,[CH2][OH],2,3,9,tiny (1-3 heavy atoms),0.0066,0.002,3.6900,3.6379,-0.0521,0.0521,0
cascade,cascade,,,1H,ethanol,aliphatic,[OH],1,3,9,tiny (1-3 heavy atoms),0.0066,0.002,2.6000,4.8452,2.2452,2.2452,1
cascade,cascade,,,13C,isopropanol,aliphatic,[CH3],2,4,12,small (4-7 heavy atoms),0.0070,0.002,25.3000,25.5555,0.2555,0.2555,0
cascade,cascade,,,13C,isopropanol,aliphatic,[CH1][OH],1,4,12,small (4-7 heavy atoms),0.0070,0.002,64.0000,64.6457,0.6457,0.6457,0
cascade,cascade,,,1H,isopropanol,aliphatic,[CH3],6,4,12,small (4-7 heavy atoms),0.0072,0.002,1.1800,1.2074,0.0274,0.0274,0
cascade,cascade,,,1H,isopropanol,aliphatic,[CH1][OH],1,4,12,small (4-7 heavy atoms),0.0072,0.002,4.0100,3.8609,-0.1491,0.1491,0
cascade,cascade,,,1H,isopropanol,aliphatic,[OH],1,4,12,small (4-7 heavy atoms),0.0072,0.002,2.2000,2.8145,0.6145,0.6145,1
cascade,cascade,,,13C,tert_butanol,aliphatic,[CH3],3,5,15,small (4-7 heavy atoms),0.0094,0.002,31.2000,30.8337,-0.3663,0.3663,0
cascade,cascade,,,13C,tert_butanol,aliphatic,[CX4]([CH3])([CH3])([CH3])[OH],1,5,15,small (4-7 heavy atoms),0.0094,0.002,69.0000,68.3531,-0.6469,0.6469,0
cascade,cascade,,,1H,tert_butanol,aliphatic,[CH3],9,5,15,small (4-7 heavy atoms),0.0091,0.002,1.2200,1.2988,0.0788,0.0788,0
cascade,cascade,,,1H,tert_butanol,aliphatic,[OH],1,5,15,small (4-7 heavy atoms),0.0091,0.002,2.2000,4.2045,2.0045,2.0045,1
cascade,cascade,,,13C,neopentane,aliphatic,[CH3],4,5,17,small (4-7 heavy atoms),0.0110,0.002,31.7000,30.8438,-0.8562,0.8562,0
cascade,cascade,,,13C,neopentane,aliphatic,[CX4]([CH3])([CH3])([CH3])[CH3],1,5,17,small (4-7 heavy atoms),0.0110,0.002,27.9000,29.8972,1.9972,1.9972,0
cascade,cascade,,,1H,neopentane,aliphatic,[CH3],12,5,17,small (4-7 heavy atoms),0.0110,0.002,0.9200,1.0483,0.1283,0.1283,0
cascade,cascade,,,13C,benzene,aromatic,[cH],6,6,12,small (4-7 heavy atoms),0.0095,0.002,128.5000,128.5740,0.0740,0.0740,0
cascade,cascade,,,1H,benzene,aromatic,[cH],6,6,12,small (4-7 heavy atoms),0.0092,0.002,7.2600,7.3224,0.0624,0.0624,0
cascade,cascade,,,13C,p_xylene,aromatic,[CH3],2,8,18,medium (8-14 heavy atoms),0.0163,0.002,20.9000,21.5166,0.6166,0.6166,0
cascade,cascade,,,13C,p_xylene,aromatic,[cH],4,8,18,medium (8-14 heavy atoms),0.0163,0.002,129.0000,129.0402,0.0402,0.0402,0
cascade,cascade,,,13C,p_xylene,aromatic,[c]([CH3]),2,8,18,medium (8-14 heavy atoms),0.0163,0.002,134.7000,135.0780,0.3780,0.3780,0
cascade,cascade,,,1H,p_xylene,aromatic,[CH3],6,8,18,medium (8-14 heavy atoms),0.0165,0.002,2.3000,2.3494,0.0494,0.0494,0
cascade,cascade,,,1H,p_xylene,aromatic,[cH],4,8,18,medium (8-14 heavy atoms),0.0165,0.002,7.0500,7.1009,0.0509,0.0509,0
cascade,cascade,,,13C,mesitylene,aromatic,[CH3],3,9,21,medium (8-14 heavy atoms),0.0182,0.002,21.2000,21.3628,0.1628,0.1628,0
cascade,cascade,,,13C,mesitylene,aromatic,[cH],3,9,21,medium (8-14 heavy atoms),0.0182,0.002,126.2000,127.6103,1.4103,1.4103,0
cascade,cascade,,,13C,mesitylene,aromatic,[c]([CH3]),3,9,21,medium (8-14 heavy atoms),0.0182,0.002,137.6000,137.9193,0.3193,0.3193,0
cascade,cascade,,,1H,mesitylene,aromatic,[CH3],9,9,21,medium (8-14 heavy atoms),0.0188,0.002,2.2500,2.3208,0.0708,0.0708,0
cascade,cascade,,,1H,mesitylene,aromatic,[cH],3,9,21,medium (8-14 heavy atoms),0.0188,0.002,6.7800,6.7963,0.0163,0.0163,0
cascade,cascade,,,13C,pyridine,aromatic,[cH]n,2,6,11,small (4-7 heavy atoms),0.0087,0.001,149.9000,150.0646,0.1646,0.1646,0
cascade,cascade,,,13C,pyridine,aromatic,[cH]cn,2,6,11,small (4-7 heavy atoms),0.0087,0.001,123.8000,123.5359,-0.2641,0.2641,0
cascade,cascade,,,13C,pyridine,aromatic,[cH]ccn,1,6,11,small (4-7 heavy atoms),0.0087,0.001,136.0000,136.7801,0.7801,0.7801,0
cascade,cascade,,,1H,pyridine,aromatic,[cH]n,2,6,11,small (4-7 heavy atoms),0.0086,0.001,8.6000,8.1432,-0.4568,0.4568,0
cascade,cascade,,,1H,pyridine,aromatic,[cH]cn,2,6,11,small (4-7 heavy atoms),0.0086,0.001,7.2500,7.2837,0.0337,0.0337,0
cascade,cascade,,,1H,pyridine,aromatic,[cH]ccn,1,6,11,small (4-7 heavy atoms),0.0086,0.001,7.6500,7.5613,-0.0887,0.0887,0
cascade,cascade,,,13C,naphthalene,aromatic,[cH][cH0],4,10,18,medium (8-14 heavy atoms),0.0174,0.002,127.9000,127.9405,0.0405,0.0405,0
cascade,cascade,,,13C,naphthalene,aromatic,[cH]([cH])[cH],4,10,18,medium (8-14 heavy atoms),0.0174,0.002,125.8000,126.0172,0.2172,0.2172,0
cascade,cascade,,,13C,naphthalene,aromatic,[cH0],2,10,18,medium (8-14 heavy atoms),0.0174,0.002,133.5000,133.3119,-0.1881,0.1881,0
cascade,cascade,,,1H,naphthalene,aromatic,[cH][cH0],4,10,18,medium (8-14 heavy atoms),0.0178,0.002,7.8400,7.8202,-0.0198,0.0198,0
cascade,cascade,,,1H,naphthalene,aromatic,[cH]([cH])[cH],4,10,18,medium (8-14 heavy atoms),0.0178,0.002,7.4600,7.4429,-0.0171,0.0171,0
cascade,cascade,,,13C,acetone,carbonyl,[CH3],2,4,10,small (4-7 heavy atoms),0.0072,0.002,30.9000,30.1204,-0.7796,0.7796,0
cascade,cascade,,,13C,acetone,carbonyl,[CX3]=O,1,4,10,small (4-7 heavy atoms),0.0072,0.002,206.0000,203.3958,-2.6042,2.6042,0
cascade,cascade,,,1H,acetone,carbonyl,[CH3],6,4,10,small (4-7 heavy atoms),0.0074,0.002,2.1700,2.2926,0.1226,0.1226,0
cascade,cascade,,,13C,acetaldehyde,carbonyl,[CH3],1,3,7,tiny (1-3 heavy atoms),0.0057,0.002,30.9000,29.6146,-1.2854,1.2854,0
cascade,cascade,,,13C,acetaldehyde,carbonyl,[CX3H1]=O,1,3,7,tiny (1-3 heavy atoms),0.0057,0.002,199.6000,197.3297,-2.2703,2.2703,0
cascade,cascade,,,1H,acetaldehyde,carbonyl,[CH3],3,3,7,tiny (1-3 heavy atoms),0.0057,0.002,2.2000,2.2935,0.0935,0.0935,0
cascade,cascade,,,1H,acetaldehyde,carbonyl,[CX3H1]=O,1,3,7,tiny (1-3 heavy atoms),0.0057,0.002,9.7900,9.1273,-0.6627,0.6627,0
cascade,cascade,,,13C,ethyl_acetate,carbonyl,[CH3]C(=O)O,1,6,14,small (4-7 heavy atoms),0.0232,0.004,21.0000,20.8045,-0.1955,0.1955,0
cascade,cascade,,,13C,ethyl_acetate,carbonyl,[CX3](=O)O,1,6,14,small (4-7 heavy atoms),0.0232,0.004,171.0000,170.8520,-0.1480,0.1480,0
cascade,cascade,,,13C,ethyl_acetate,carbonyl,[CH2]OC=O,1,6,14,small (4-7 heavy atoms),0.0232,0.004,60.5000,60.2272,-0.2728,0.2728,0
cascade,cascade,,,13C,ethyl_acetate,carbonyl,[CH3][CH2]O,1,6,14,small (4-7 heavy atoms),0.0232,0.004,14.2000,14.4555,0.2555,0.2555,0
cascade,cascade,,,1H,ethyl_acetate,carbonyl,[CH3]C(=O)O,3,6,14,small (4-7 heavy atoms),0.0231,0.004,2.0400,2.0564,0.0164,0.0164,0
cascade,cascade,,,1H,ethyl_acetate,carbonyl,[CH2]OC=O,2,6,14,small (4-7 heavy atoms),0.0231,0.004,4.1200,3.8853,-0.2347,0.2347,0
cascade,cascade,,,1H,ethyl_acetate,carbonyl,[CH3][CH2]O,3,6,14,small (4-7 heavy atoms),0.0231,0.004,1.2600,1.3051,0.0451,0.0451,0
cascade,cascade,,,13C,benzaldehyde,carbonyl,[CX3H1]=O,1,8,14,medium (8-14 heavy atoms),0.0131,0.002,192.4000,191.9945,-0.4055,0.4055,0
cascade,cascade,,,1H,benzaldehyde,carbonyl,[CX3H1]=O,1,8,14,medium (8-14 heavy atoms),0.0133,0.002,9.9900,9.5589,-0.4311,0.4311,0
cascade,cascade,,,13C,dmf,carbonyl,[CX3H1]=O,1,5,12,small (4-7 heavy atoms),0.0090,0.002,162.6000,162.5113,-0.0887,0.0887,0
cascade,cascade,,,1H,dmf,carbonyl,[CX3H1]=O,1,5,12,small (4-7 heavy atoms),0.0091,0.002,8.0200,7.7719,-0.2481,0.2481,0
cascade,cascade,,,13C,acetic_acid,carboxylic_acid,[CH3],1,4,8,small (4-7 heavy atoms),0.0067,0.002,20.8000,20.6737,-0.1263,0.1263,0
cascade,cascade,,,13C,acetic_acid,carboxylic_acid,[CX3](=O)[OH],1,4,8,small (4-7 heavy atoms),0.0067,0.002,178.1000,172.7168,-5.3832,5.3832,0
cascade,cascade,,,1H,acetic_acid,carboxylic_acid,[CH3],3,4,8,small (4-7 heavy atoms),0.0066,0.002,2.1000,2.0969,-0.0031,0.0031,0
cascade,cascade,,,1H,acetic_acid,carboxylic_acid,[OX2H][CX3]=O,1,4,8,small (4-7 heavy atoms),0.0066,0.002,11.4000,3.5635,-7.8365,7.8365,1
cascade,cascade,,,13C,formic_acid,carboxylic_acid,[CX3H1](=O)[OH],1,3,5,tiny (1-3 heavy atoms),0.0041,0.001,166.3000,161.9748,-4.3252,4.3252,0
cascade,cascade,,,1H,formic_acid,carboxylic_acid,[CX3H1](=O)[OH],1,3,5,tiny (1-3 heavy atoms),0.0041,0.001,8.0800,7.5749,-0.5051,0.5051,0
cascade,cascade,,,1H,formic_acid,carboxylic_acid,[OX2H][CX3]=O,1,3,5,tiny (1-3 heavy atoms),0.0041,0.001,11.0000,5.5369,-5.4631,5.4631,1
cascade,cascade,,,13C,benzoic_acid,carboxylic_acid,[CX3](=O)[OH],1,9,15,medium (8-14 heavy atoms),0.0136,0.002,172.6000,167.6531,-4.9469,4.9469,0
cascade,cascade,,,1H,benzoic_acid,carboxylic_acid,[OX2H][CX3]=O,1,9,15,medium (8-14 heavy atoms),0.0138,0.002,12.0000,4.9289,-7.0711,7.0711,1
cascade,cascade,,,13C,chloroform,heteroatom_halogen,[CX4H1](Cl)(Cl)Cl,1,4,5,small (4-7 heavy atoms),0.0040,0.001,77.7000,90.9618,13.2618,13.2618,0
cascade,cascade,,,1H,chloroform,heteroatom_halogen,[CX4H1](Cl)(Cl)Cl,1,4,5,small (4-7 heavy atoms),0.0038,0.001,7.2600,8.0681,0.8081,0.8081,0
cascade,cascade,,,13C,dichloromethane,heteroatom_halogen,[CH2](Cl)Cl,1,3,5,tiny (1-3 heavy atoms),0.0036,0.001,53.5000,53.0386,-0.4614,0.4614,0
cascade,cascade,,,1H,dichloromethane,heteroatom_halogen,[CH2](Cl)Cl,2,3,5,tiny (1-3 heavy atoms),0.0037,0.001,5.3000,4.4183,-0.8817,0.8817,0
cascade,cascade,,,13C,methanol,heteroatom_halogen,[CH3]O,1,2,6,tiny (1-3 heavy atoms),0.0046,0.002,50.4000,51.7048,1.3048,1.3048,0
cascade,cascade,,,1H,methanol,heteroatom_halogen,[CH3]O,3,2,6,tiny (1-3 heavy atoms),0.0047,0.002,3.4000,3.4882,0.0882,0.0882,0
cascade,cascade,,,1H,methanol,heteroatom_halogen,[OH],1,2,6,tiny (1-3 heavy atoms),0.0047,0.002,2.0000,6.0626,4.0626,4.0626,1
cascade,cascade,,,13C,acetonitrile,heteroatom_halogen,[CH3]C#N,1,3,6,tiny (1-3 heavy atoms),0.0053,0.002,1.3000,4.9374,3.6374,3.6374,0
cascade,cascade,,,13C,acetonitrile,heteroatom_halogen,[CX2]#N,1,3,6,tiny (1-3 heavy atoms),0.0053,0.002,117.7000,117.4352,-0.2648,0.2648,0
cascade,cascade,,,1H,acetonitrile,heteroatom_halogen,[CH3]C#N,3,3,6,tiny (1-3 heavy atoms),0.0051,0.002,2.0000,2.2903,0.2903,0.2903,0
cascade,cascade,,,13C,dmso,heteroatom_halogen,[CH3],2,4,10,small (4-7 heavy atoms),0.0064,0.002,40.5000,37.6806,-2.8194,2.8194,0
cascade,cascade,,,1H,dmso,heteroatom_halogen,[CH3],6,4,10,small (4-7 heavy atoms),0.0063,0.002,2.5000,2.0696,-0.4304,0.4304,0
cascade,cascade,,,13C,iodomethane,heteroatom_halogen,[CH3]I,1,2,5,tiny (1-3 heavy atoms),0.0038,0.002,-20.7000,11.9862,32.6862,32.6862,0
cascade,cascade,,,1H,iodomethane,heteroatom_halogen,[CH3]I,3,2,5,tiny (1-3 heavy atoms),0.0037,0.002,2.1600,1.0437,-1.1163,1.1163,0
cascade,cascade,,,13C,ethylene,conjugated_strained,[CH2]=[CH2],1,2,6,tiny (1-3 heavy atoms),0.0053,0.003,123.3000,121.9700,-1.3300,1.3300,0
cascade,cascade,,,1H,ethylene,conjugated_strained,[CH2]=[CH2],2,2,6,tiny (1-3 heavy atoms),0.0052,0.003,5.4000,5.4790,0.0790,0.0790,0
cascade,cascade,,,13C,acetylene,conjugated_strained,[CH1]#[CH1],1,2,4,tiny (1-3 heavy atoms),0.0033,0.002,71.9000,71.8198,-0.0802,0.0802,0
cascade,cascade,,,1H,acetylene,conjugated_strained,[CH1]#[CH1],1,2,4,tiny (1-3 heavy atoms),0.0031,0.002,1.8000,2.4889,0.6889,0.6889,0
cascade,cascade,,,13C,cyclopropane,conjugated_strained,[CH2],3,3,9,tiny (1-3 heavy atoms),0.0063,0.002,-2.8000,-0.3849,2.4151,2.4151,0
cascade,cascade,,,1H,cyclopropane,conjugated_strained,[CH2],6,3,9,tiny (1-3 heavy atoms),0.0062,0.002,0.2200,0.4967,0.2767,0.2767,0
cascade,cascade,,,13C,styrene,conjugated_strained,[CH2]=[CH],1,8,16,medium (8-14 heavy atoms),0.0172,0.002,113.2000,114.3288,1.1288,1.1288,0
cascade,cascade,,,13C,styrene,conjugated_strained,[CH1](=[CH2])c,1,8,16,medium (8-14 heavy atoms),0.0172,0.002,136.9000,137.7645,0.8645,0.8645,0
cascade,cascade,,,1H,styrene,conjugated_strained,[CH1](=[CH2])c,1,8,16,medium (8-14 heavy atoms),0.0173,0.002,6.7200,6.7650,0.0450,0.0450,0
cascade,cascade,,,13C,furan,conjugated_strained,[cH]o,2,5,9,small (4-7 heavy atoms),0.0074,0.001,142.7000,143.2627,0.5627,0.5627,0
cascade,cascade,,,13C,furan,conjugated_strained,[cH]co,2,5,9,small (4-7 heavy atoms),0.0074,0.001,109.6000,110.7106,1.1106,1.1106,0
cascade,cascade,,,1H,furan,conjugated_strained,[cH]o,2,5,9,small (4-7 heavy atoms),0.0075,0.002,7.4200,7.3343,-0.0857,0.0857,0
cascade,cascade,,,1H,furan,conjugated_strained,[cH]co,2,5,9,small (4-7 heavy atoms),0.0075,0.002,6.3700,6.4052,0.0352,0.0352,0
cascade,cascade,,,13C,adamantane,larger,[CX4H2],6,10,26,medium (8-14 heavy atoms),0.0292,0.003,37.8000,37.8822,0.0822,0.0822,0
cascade,cascade,,,13C,adamantane,larger,[CX4H1],4,10,26,medium (8-14 heavy atoms),0.0292,0.003,28.3000,28.2588,-0.0412,0.0412,0
cascade,cascade,,,1H,adamantane,larger,[CX4H2],12,10,26,medium (8-14 heavy atoms),0.0297,0.003,1.7200,1.7655,0.0455,0.0455,0
cascade,cascade,,,1H,adamantane,larger,[CX4H1],4,10,26,medium (8-14 heavy atoms),0.0297,0.003,2.0300,1.6808,-0.3492,0.3492,0
cascade,cascade,,,13C,camphor,larger,[CX3]=O,1,11,27,medium (8-14 heavy atoms),0.0543,0.005,217.9000,219.9175,2.0175,2.0175,0
cascade,cascade,,,13C,menthol,larger,[CX4H1][OH],1,11,31,medium (8-14 heavy atoms),0.2293,0.021,71.5000,71.9623,0.4623,0.4623,0
cascade,cascade,,,1H,menthol,larger,[OH],1,11,31,medium (8-14 heavy atoms),0.2129,0.019,1.6000,3.2035,1.6035,1.6035,1
cascade,cascade,,,13C,caffeine,larger,[cH],1,14,24,medium (8-14 heavy atoms),0.0270,0.002,141.6000,143.0308,1.4308,1.4308,0
cascade,cascade,,,1H,caffeine,larger,[cH],1,14,24,medium (8-14 heavy atoms),0.0269,0.002,7.5100,7.4810,-0.0290,0.0290,0
cascade,cascade,,,13C,ibuprofen,larger,[CX3](=O)[OH],1,15,33,large (15+ heavy atoms),0.2314,0.015,180.6000,175.2803,-5.3197,5.3197,0
cascade,cascade,,,13C,ibuprofen,larger,[CH3]C([CH3])C,1,15,33,large (15+ heavy atoms),0.2314,0.015,22.4000,22.4566,0.0566,0.0566,0
cascade,cascade,,,1H,ibuprofen,larger,[CH3]C([CH3])C,3,15,33,large (15+ heavy atoms),0.2430,0.016,0.8900,0.8881,-0.0019,0.0019,0
cascade,cascade,,,1H,ibuprofen,larger,[OX2H][CX3]=O,1,15,33,large (15+ heavy atoms),0.2430,0.016,11.5000,4.4769,-7.0231,7.0231,1
cascade,cascade,,,13C,anthracene,larger,[cH]([cH0])[cH0],2,14,24,medium (8-14 heavy atoms),0.0307,0.002,126.4000,125.0636,-1.3364,1.3364,0
cascade,cascade,,,13C,anthracene,larger,[cH]([cH0])[cH],4,14,24,medium (8-14 heavy atoms),0.0307,0.002,128.4000,127.2009,-1.1991,1.1991,0
cascade,cascade,,,13C,anthracene,larger,[cH]([cH])[cH],4,14,24,medium (8-14 heavy atoms),0.0307,0.002,125.5000,125.4644,-0.0356,0.0356,0
cascade,cascade,,,13C,anthracene,larger,[cH0],4,14,24,medium (8-14 heavy atoms),0.0307,0.002,131.9000,132.0051,0.1051,0.1051,0
cascade,cascade,,,1H,anthracene,larger,[cH]([cH0])[cH0],2,14,24,medium (8-14 heavy atoms),0.0309,0.002,8.4300,8.2740,-0.1560,0.1560,0
cascade,cascade,,,1H,anthracene,larger,[cH]([cH0])[cH],4,14,24,medium (8-14 heavy atoms),0.0309,0.002,8.0100,7.9598,-0.0502,0.0502,0
cascade,cascade,,,1H,anthracene,larger,[cH]([cH])[cH],4,14,24,medium (8-14 heavy atoms),0.0309,0.002,7.4600,7.4682,0.0082,0.0082,0
cascade,cascade,,,13C,testosterone,larger,[CX3]=O,1,21,49,large (15+ heavy atoms),0.5319,0.025,199.4000,198.3205,-1.0795,1.0795,0
cascade,cascade,,,13C,testosterone,larger,[CX3H0]=[CX3H1],1,21,49,large (15+ heavy atoms),0.5319,0.025,171.2000,172.0459,0.8459,0.8459,0
cascade,cascade,,,13C,testosterone,larger,[CX3H1]=[CX3],1,21,49,large (15+ heavy atoms),0.5319,0.025,123.8000,122.1875,-1.6125,1.6125,0
cascade,cascade,,,13C,testosterone,larger,[CX4H1][OH],1,21,49,large (15+ heavy atoms),0.5319,0.025,81.6000,81.2942,-0.3058,0.3058,0
cascade,cascade,,,1H,testosterone,larger,[CX3H1]=[CX3],1,21,49,large (15+ heavy atoms),0.5297,0.025,5.7200,5.5638,-0.1562,0.1562,0
cascade,cascade,,,1H,testosterone,larger,[CX4H1][OH],1,21,49,large (15+ heavy atoms),0.5297,0.025,3.6500,3.6396,-0.0104,0.0104,0
cascade,cascade,,,1H,testosterone,larger,[OH],1,21,49,large (15+ heavy atoms),0.5297,0.025,1.6000,5.3838,3.7838,3.7838,1
cascade,cascade,,,13C,cholesterol,larger,[CX3H0]=[CX3H1],1,28,74,large (15+ heavy atoms),1.2194,0.044,140.8000,142.4830,1.6830,1.6830,0
cascade,cascade,,,13C,cholesterol,larger,[CX3H1]=[CX3],1,28,74,large (15+ heavy atoms),1.2194,0.044,121.7000,119.8734,-1.8266,1.8266,0
cascade,cascade,,,13C,cholesterol,larger,[CX4H1][OH],1,28,74,large (15+ heavy atoms),1.2194,0.044,71.8000,66.8931,-4.9069,4.9069,0
cascade,cascade,,,1H,cholesterol,larger,[CX3H1]=[CX3],1,28,74,large (15+ heavy atoms),1.2212,0.044,5.3500,5.4779,0.1279,0.1279,0
cascade,cascade,,,1H,cholesterol,larger,[CX4H1][OH],1,28,74,large (15+ heavy atoms),1.2212,0.044,3.5200,3.7307,0.2107,0.2107,0
cascade,cascade,,,1H,cholesterol,larger,[OH],1,28,74,large (15+ heavy atoms),1.2212,0.044,1.6000,5.6031,4.0031,4.0031,1
orca [PBE/def2-SVP],orca,PBE,def2-SVP,13C,methane,aliphatic,[CH4],1,1,5,tiny (1-3 heavy atoms),1.4066,1.407,-2.3000,-4.9168,-2.6168,2.6168,0
orca [PBE/def2-SVP],orca,PBE,def2-SVP,1H,methane,aliphatic,[CH4],4,1,5,tiny (1-3 heavy atoms),1.4089,1.409,0.2300,0.1798,-0.0502,0.0502,0
orca [PBE/def2-SVP],orca,PBE,def2-SVP,13C,ethane,aliphatic,[CH3],2,2,8,tiny (1-3 heavy atoms),2.1383,1.069,5.7000,9.1292,3.4292,3.4292,0
orca [PBE/def2-SVP],orca,PBE,def2-SVP,1H,ethane,aliphatic,[CH3],6,2,8,tiny (1-3 heavy atoms),2.0689,1.034,0.8600,0.8740,0.0140,0.0140,0
orca [PBE/def2-SVP],orca,PBE,def2-SVP,13C,cyclohexane,aliphatic,[CH2],6,6,18,small (4-7 heavy atoms),5.3331,0.889,27.0000,27.8392,0.8392,0.8392,0
orca [PBE/def2-SVP],orca,PBE,def2-SVP,1H,cyclohexane,aliphatic,[CH2],12,6,18,small (4-7 heavy atoms),5.3410,0.890,1.4300,1.3355,-0.0945,0.0945,0
orca [PBE/def2-SVP],orca,PBE,def2-SVP,13C,ethanol,aliphatic,[CH3],1,3,9,tiny (1-3 heavy atoms),2.4966,0.832,18.4000,17.0292,-1.3708,1.3708,0
orca [PBE/def2-SVP],orca,PBE,def2-SVP,13C,ethanol,aliphatic,[CH2][OH],1,3,9,tiny (1-3 heavy atoms),2.4966,0.832,58.0000,59.9052,1.9052,1.9052,0
orca [PBE/def2-SVP],orca,PBE,def2-SVP,1H,ethanol,aliphatic,[CH3],3,3,9,tiny (1-3 heavy atoms),2.5198,0.840,1.1800,1.0710,-0.1090,0.1090,0
orca [PBE/def2-SVP],orca,PBE,def2-SVP,1H,ethanol,aliphatic,[CH2][OH],2,3,9,tiny (1-3 heavy atoms),2.5198,0.840,3.6900,3.8610,0.1710,0.1710,0
orca [PBE/def2-SVP],orca,PBE,def2-SVP,1H,ethanol,aliphatic,[OH],1,3,9,tiny (1-3 heavy atoms),2.5198,0.840,2.6000,-0.0800,-2.6800,2.6800,1
orca [PBE/def2-SVP],orca,PBE,def2-SVP,13C,isopropanol,aliphatic,[CH3],2,4,12,small (4-7 heavy atoms),3.3497,0.837,25.3000,25.8547,0.5547,0.5547,0
orca [PBE/def2-SVP],orca,PBE,def2-SVP,13C,isopropanol,aliphatic,[CH1][OH],1,4,12,small (4-7 heavy atoms),3.3497,0.837,64.0000,65.1902,1.1902,1.1902,0
orca [PBE/def2-SVP],orca,PBE,def2-SVP,1H,isopropanol,aliphatic,[CH3],6,4,12,small (4-7 heavy atoms),3.3470,0.837,1.1800,1.0360,-0.1440,0.1440,0
orca [PBE/def2-SVP],orca,PBE,def2-SVP,1H,isopropanol,aliphatic,[CH1][OH],1,4,12,small (4-7 heavy atoms),3.3470,0.837,4.0100,4.1010,0.0910,0.0910,0
orca [PBE/def2-SVP],orca,PBE,def2-SVP,1H,isopropanol,aliphatic,[OH],1,4,12,small (4-7 heavy atoms),3.3470,0.837,2.2000,-0.1170,-2.3170,2.3170,1
orca [PBE/def2-SVP],orca,PBE,def2-SVP,13C,tert_butanol,aliphatic,[CH3],3,5,15,small (4-7 heavy atoms),4.2480,0.850,31.2000,32.4136,1.2136,1.2136,0
orca [PBE/def2-SVP],orca,PBE,def2-SVP,13C,tert_butanol,aliphatic,[CX4]([CH3])([CH3])([CH3])[OH],1,5,15,small (4-7 heavy atoms),4.2480,0.850,69.0000,68.0382,-0.9618,0.9618,0
orca [PBE/def2-SVP],orca,PBE,def2-SVP,1H,tert_butanol,aliphatic,[CH3],9,5,15,small (4-7 heavy atoms),4.2491,0.850,1.2200,1.1997,-0.0203,0.0203,0
orca [PBE/def2-SVP],orca,PBE,def2-SVP,1H,tert_butanol,aliphatic,[OH],1,5,15,small (4-7 heavy atoms),4.2491,0.850,2.2000,-0.4640,-2.6640,2.6640,1
orca [PBE/def2-SVP],orca,PBE,def2-SVP,13C,neopentane,aliphatic,[CH3],4,5,17,small (4-7 heavy atoms),4.7213,0.944,31.7000,32.9830,1.2830,1.2830,0
orca [PBE/def2-SVP],orca,PBE,def2-SVP,13C,neopentane,aliphatic,[CX4]([CH3])([CH3])([CH3])[CH3],1,5,17,small (4-7 heavy atoms),4.7213,0.944,27.9000,29.6432,1.7432,1.7432,0
orca [PBE/def2-SVP],orca,PBE,def2-SVP,1H,neopentane,aliphatic,[CH3],12,5,17,small (4-7 heavy atoms),4.7280,0.946,0.9200,0.9925,0.0725,0.0725,0
orca [PBE/def2-SVP],orca,PBE,def2-SVP,13C,benzene,aromatic,[cH],6,6,12,small (4-7 heavy atoms),3.4932,0.582,128.5000,124.1556,-4.3444,4.3444,0
orca [PBE/def2-SVP],orca,PBE,def2-SVP,1H,benzene,aromatic,[cH],6,6,12,small (4-7 heavy atoms),3.5080,0.585,7.2600,7.3030,0.0430,0.0430,0
orca [PBE/def2-SVP],orca,PBE,def2-SVP,13C,p_xylene,aromatic,[CH3],2,8,18,medium (8-14 heavy atoms),5.4646,0.683,20.9000,23.2797,2.3797,2.3797,0
orca [PBE/def2-SVP],orca,PBE,def2-SVP,13C,p_xylene,aromatic,[cH],4,8,18,medium (8-14 heavy atoms),5.4646,0.683,129.0000,125.8640,-3.1360,3.1360,0
orca [PBE/def2-SVP],orca,PBE,def2-SVP,13C,p_xylene,aromatic,[c]([CH3]),2,8,18,medium (8-14 heavy atoms),5.4646,0.683,134.7000,131.1623,-3.5377,3.5377,0
orca [PBE/def2-SVP],orca,PBE,def2-SVP,1H,p_xylene,aromatic,[CH3],6,8,18,medium (8-14 heavy atoms),5.5966,0.700,2.3000,2.2183,-0.0817,0.0817,0
orca [PBE/def2-SVP],orca,PBE,def2-SVP,1H,p_xylene,aromatic,[cH],4,8,18,medium (8-14 heavy atoms),5.5966,0.700,7.0500,7.1000,0.0500,0.0500,0
orca [PBE/def2-SVP],orca,PBE,def2-SVP,13C,mesitylene,aromatic,[CH3],3,9,21,medium (8-14 heavy atoms),6.7475,0.750,21.2000,23.3649,2.1649,2.1649,0
orca [PBE/def2-SVP],orca,PBE,def2-SVP,13C,mesitylene,aromatic,[cH],3,9,21,medium (8-14 heavy atoms),6.7475,0.750,126.2000,124.0386,-2.1614,2.1614,0
orca [PBE/def2-SVP],orca,PBE,def2-SVP,13C,mesitylene,aromatic,[c]([CH3]),3,9,21,medium (8-14 heavy atoms),6.7475,0.750,137.6000,135.0119,-2.5881,2.5881,0
orca [PBE/def2-SVP],orca,PBE,def2-SVP,1H,mesitylene,aromatic,[CH3],9,9,21,medium (8-14 heavy atoms),6.7499,0.750,2.2500,2.2137,-0.0363,0.0363,0
orca [PBE/def2-SVP],orca,PBE,def2-SVP,1H,mesitylene,aromatic,[cH],3,9,21,medium (8-14 heavy atoms),6.7499,0.750,6.7800,6.8240,0.0440,0.0440,0
orca [PBE/def2-SVP],orca,PBE,def2-SVP,13C,pyridine,aromatic,[cH]n,2,6,11,small (4-7 heavy atoms),3.3963,0.566,149.9000,147.9017,-1.9983,1.9983,0
orca [PBE/def2-SVP],orca,PBE,def2-SVP,13C,pyridine,aromatic,[cH]cn,2,6,11,small (4-7 heavy atoms),3.3963,0.566,123.8000,118.0357,-5.7643,5.7643,0
orca [PBE/def2-SVP],orca,PBE,def2-SVP,13C,pyridine,aromatic,[cH]ccn,1,6,11,small (4-7 heavy atoms),3.3963,0.566,136.0000,128.8642,-7.1358,7.1358,0
orca [PBE/def2-SVP],orca,PBE,def2-SVP,1H,pyridine,aromatic,[cH]n,2,6,11,small (4-7 heavy atoms),3.3826,0.564,8.6000,8.6640,0.0640,0.0640,0
orca [PBE/def2-SVP],orca,PBE,def2-SVP,1H,pyridine,aromatic,[cH]cn,2,6,11,small (4-7 heavy atoms),3.3826,0.564,7.2500,7.0340,-0.2160,0.2160,0
orca [PBE/def2-SVP],orca,PBE,def2-SVP,1H,pyridine,aromatic,[cH]ccn,1,6,11,small (4-7 heavy atoms),3.3826,0.564,7.6500,7.3760,-0.2740,0.2740,0
orca [PBE/def2-SVP],orca,PBE,def2-SVP,13C,naphthalene,aromatic,[cH][cH0],4,10,18,medium (8-14 heavy atoms),6.0077,0.601,127.9000,126.3312,-1.5688,1.5688,0
orca [PBE/def2-SVP],orca,PBE,def2-SVP,13C,naphthalene,aromatic,[cH]([cH])[cH],4,10,18,medium (8-14 heavy atoms),6.0077,0.601,125.8000,123.2678,-2.5322,2.5322,0
orca [PBE/def2-SVP],orca,PBE,def2-SVP,13C,naphthalene,aromatic,[cH0],2,10,18,medium (8-14 heavy atoms),6.0077,0.601,133.5000,124.8307,-8.6693,8.6693,0
orca [PBE/def2-SVP],orca,PBE,def2-SVP,1H,naphthalene,aromatic,[cH][cH0],4,10,18,medium (8-14 heavy atoms),6.0238,0.602,7.8400,7.8420,0.0020,0.0020,0
orca [PBE/def2-SVP],orca,PBE,def2-SVP,1H,naphthalene,aromatic,[cH]([cH])[cH],4,10,18,medium (8-14 heavy atoms),6.0238,0.602,7.4600,7.5590,0.0990,0.0990,0
orca [PBE/def2-SVP],orca,PBE,def2-SVP,13C,acetone,carbonyl,[CH3],2,4,10,small (4-7 heavy atoms),2.8709,0.718,30.9000,29.1162,-1.7838,1.7838,0
orca [PBE/def2-SVP],orca,PBE,def2-SVP,13C,acetone,carbonyl,[CX3]=O,1,4,10,small (4-7 heavy atoms),2.8709,0.718,206.0000,202.7012,-3.2988,3.2988,0
orca [PBE/def2-SVP],orca,PBE,def2-SVP,1H,acetone,carbonyl,[CH3],6,4,10,small (4-7 heavy atoms),2.8598,0.715,2.1700,1.9817,-0.1883,0.1883,0
orca [PBE/def2-SVP],orca,PBE,def2-SVP,13C,acetaldehyde,carbonyl,[CH3],1,3,7,tiny (1-3 heavy atoms),2.0126,0.671,30.9000,31.4963,0.5963,0.5963,0
orca [PBE/def2-SVP],orca,PBE,def2-SVP,13C,acetaldehyde,carbonyl,[CX3H1]=O,1,3,7,tiny (1-3 heavy atoms),2.0126,0.671,199.6000,196.1732,-3.4268,3.4268,0
orca [PBE/def2-SVP],orca,PBE,def2-SVP,1H,acetaldehyde,carbonyl,[CH3],3,3,7,tiny (1-3 heavy atoms),2.0164,0.672,2.2000,1.9360,-0.2640,0.2640,0
orca [PBE/def2-SVP],orca,PBE,def2-SVP,1H,acetaldehyde,carbonyl,[CX3H1]=O,1,3,7,tiny (1-3 heavy atoms),2.0164,0.672,9.7900,10.0850,0.2950,0.2950,0
orca [PBE/def2-SVP],orca,PBE,def2-SVP,13C,ethyl_acetate,carbonyl,[CH3]C(=O)O,1,6,14,small (4-7 heavy atoms),4.2760,0.713,21.0000,19.8882,-1.1118,1.1118,0
orca [PBE/def2-SVP],orca,PBE,def2-SVP,13C,ethyl_acetate,carbonyl,[CX3](=O)O,1,6,14,small (4-7 heavy atoms),4.2760,0.713,171.0000,166.4912,-4.5088,4.5088,0
orca [PBE/def2-SVP],orca,PBE,def2-SVP,13C,ethyl_acetate,carbonyl,[CH2]OC=O,1,6,14,small (4-7 heavy atoms),4.2760,0.713,60.5000,61.1792,0.6792,0.6792,0
orca [PBE/def2-SVP],orca,PBE,def2-SVP,13C,ethyl_acetate,carbonyl,[CH3][CH2]O,1,6,14,small (4-7 heavy atoms),4.2760,0.713,14.2000,14.8882,0.6882,0.6882,0
orca [PBE/def2-SVP],orca,PBE,def2-SVP,1H,ethyl_acetate,carbonyl,[CH3]C(=O)O,3,6,14,small (4-7 heavy atoms),4.3911,0.732,2.0400,1.8310,-0.2090,0.2090,0
orca [PBE/def2-SVP],orca,PBE,def2-SVP,1H,ethyl_acetate,carbonyl,[CH2]OC=O,2,6,14,small (4-7 heavy atoms),4.3911,0.732,4.1200,3.8690,-0.2510,0.2510,0
orca [PBE/def2-SVP],orca,PBE,def2-SVP,1H,ethyl_acetate,carbonyl,[CH3][CH2]O,3,6,14,small (4-7 heavy atoms),4.3911,0.732,1.2600,1.1263,-0.1337,0.1337,0
orca [PBE/def2-SVP],orca,PBE,def2-SVP,13C,benzaldehyde,carbonyl,[CX3H1]=O,1,8,14,medium (8-14 heavy atoms),4.7847,0.598,192.4000,187.9193,-4.4807,4.4807,0
orca [PBE/def2-SVP],orca,PBE,def2-SVP,1H,benzaldehyde,carbonyl,[CX3H1]=O,1,8,14,medium (8-14 heavy atoms),4.7059,0.588,9.9900,10.0980,0.1080,0.1080,0
orca [PBE/def2-SVP],orca,PBE,def2-SVP,13C,dmf,carbonyl,[CX3H1]=O,1,5,12,small (4-7 heavy atoms),3.7175,0.743,162.6000,150.9222,-11.6778,11.6778,0
orca [PBE/def2-SVP],orca,PBE,def2-SVP,1H,dmf,carbonyl,[CX3H1]=O,1,5,12,small (4-7 heavy atoms),3.7303,0.746,8.0200,7.6880,-0.3320,0.3320,0
orca [PBE/def2-SVP],orca,PBE,def2-SVP,13C,acetic_acid,carboxylic_acid,[CH3],1,4,8,small (4-7 heavy atoms),2.3829,0.596,20.8000,16.6832,-4.1168,4.1168,0
orca [PBE/def2-SVP],orca,PBE,def2-SVP,13C,acetic_acid,carboxylic_acid,[CX3](=O)[OH],1,4,8,small (4-7 heavy atoms),2.3829,0.596,178.1000,163.5973,-14.5027,14.5027,0
orca [PBE/def2-SVP],orca,PBE,def2-SVP,1H,acetic_acid,carboxylic_acid,[CH3],3,4,8,small (4-7 heavy atoms),2.4579,0.614,2.1000,1.8310,-0.2690,0.2690,0
orca [PBE/def2-SVP],orca,PBE,def2-SVP,1H,acetic_acid,carboxylic_acid,[OX2H][CX3]=O,1,4,8,small (4-7 heavy atoms),2.4579,0.614,11.4000,5.6350,-5.7650,5.7650,1
orca [PBE/def2-SVP],orca,PBE,def2-SVP,13C,formic_acid,carboxylic_acid,[CX3H1](=O)[OH],1,3,5,tiny (1-3 heavy atoms),1.6441,0.548,166.3000,152.5352,-13.7648,13.7648,0
orca [PBE/def2-SVP],orca,PBE,def2-SVP,1H,formic_acid,carboxylic_acid,[CX3H1](=O)[OH],1,3,5,tiny (1-3 heavy atoms),1.6300,0.543,8.0800,7.5020,-0.5780,0.5780,0
orca [PBE/def2-SVP],orca,PBE,def2-SVP,1H,formic_acid,carboxylic_acid,[OX2H][CX3]=O,1,3,5,tiny (1-3 heavy atoms),1.6300,0.543,11.0000,6.0050,-4.9950,4.9950,1
orca [PBE/def2-SVP],orca,PBE,def2-SVP,13C,benzoic_acid,carboxylic_acid,[CX3](=O)[OH],1,9,15,medium (8-14 heavy atoms),5.5469,0.616,172.6000,159.1732,-13.4268,13.4268,0
orca [PBE/def2-SVP],orca,PBE,def2-SVP,1H,benzoic_acid,carboxylic_acid,[OX2H][CX3]=O,1,9,15,medium (8-14 heavy atoms),5.3267,0.592,12.0000,5.7660,-6.2340,6.2340,1
orca [PBE/def2-SVP],orca,PBE,def2-SVP,13C,chloroform,heteroatom_halogen,[CX4H1](Cl)(Cl)Cl,1,4,5,small (4-7 heavy atoms),1.5650,0.391,77.7000,108.5602,30.8602,30.8602,0
orca [PBE/def2-SVP],orca,PBE,def2-SVP,1H,chloroform,heteroatom_halogen,[CX4H1](Cl)(Cl)Cl,1,4,5,small (4-7 heavy atoms),1.6542,0.414,7.2600,7.5690,0.3090,0.3090,0
orca [PBE/def2-SVP],orca,PBE,def2-SVP,13C,dichloromethane,heteroatom_halogen,[CH2](Cl)Cl,1,3,5,tiny (1-3 heavy atoms),1.4667,0.489,53.5000,66.8322,13.3322,13.3322,0
orca [PBE/def2-SVP],orca,PBE,def2-SVP,1H,dichloromethane,heteroatom_halogen,[CH2](Cl)Cl,2,3,5,tiny (1-3 heavy atoms),1.4554,0.485,5.3000,5.2940,-0.0060,0.0060,0
orca [PBE/def2-SVP],orca,PBE,def2-SVP,13C,methanol,heteroatom_halogen,[CH3]O,1,2,6,tiny (1-3 heavy atoms),1.6959,0.848,50.4000,51.7372,1.3372,1.3372,0
orca [PBE/def2-SVP],orca,PBE,def2-SVP,1H,methanol,heteroatom_halogen,[CH3]O,3,2,6,tiny (1-3 heavy atoms),1.7556,0.878,3.4000,3.5353,0.1353,0.1353,0
orca [PBE/def2-SVP],orca,PBE,def2-SVP,1H,methanol,heteroatom_halogen,[OH],1,2,6,tiny (1-3 heavy atoms),1.7556,0.878,2.0000,-0.9210,-2.9210,2.9210,1
orca [PBE/def2-SVP],orca,PBE,def2-SVP,13C,acetonitrile,heteroatom_halogen,[CH3]C#N,1,3,6,tiny (1-3 heavy atoms),1.7819,0.594,1.3000,0.4172,-0.8828,0.8828,0
orca [PBE/def2-SVP],orca,PBE,def2-SVP,13C,acetonitrile,heteroatom_halogen,[CX2]#N,1,3,6,tiny (1-3 heavy atoms),1.7819,0.594,117.7000,106.4622,-11.2378,11.2378,0
orca [PBE/def2-SVP],orca,PBE,def2-SVP,1H,acetonitrile,heteroatom_halogen,[CH3]C#N,3,3,6,tiny (1-3 heavy atoms),1.7623,0.587,2.0000,1.5290,-0.4710,0.4710,0
orca [PBE/def2-SVP],orca,PBE,def2-SVP,13C,dmso,heteroatom_halogen,[CH3],2,4,10,small (4-7 heavy atoms),3.1462,0.787,40.5000,42.2957,1.7957,1.7957,0
orca [PBE/def2-SVP],orca,PBE,def2-SVP,1H,dmso,heteroatom_halogen,[CH3],6,4,10,small (4-7 heavy atoms),3.2082,0.802,2.5000,1.9780,-0.5220,0.5220,0
orca [PBE/def2-SVP],orca,PBE,def2-SVP,13C,iodomethane,heteroatom_halogen,[CH3]I,1,2,5,tiny (1-3 heavy atoms),2.3874,1.194,-20.7000,5.2082,25.9082,25.9082,0
orca [PBE/def2-SVP],orca,PBE,def2-SVP,1H,iodomethane,heteroatom_halogen,[CH3]I,3,2,5,tiny (1-3 heavy atoms),2.3902,1.195,2.1600,1.7150,-0.4450,0.4450,0
orca [PBE/def2-SVP],orca,PBE,def2-SVP,13C,ethylene,conjugated_strained,[CH2]=[CH2],1,2,6,tiny (1-3 heavy atoms),1.5839,0.792,123.3000,122.4692,-0.8308,0.8308,0
orca [PBE/def2-SVP],orca,PBE,def2-SVP,1H,ethylene,conjugated_strained,[CH2]=[CH2],2,2,6,tiny (1-3 heavy atoms),1.5905,0.795,5.4000,5.6760,0.2760,0.2760,0
orca [PBE/def2-SVP],orca,PBE,def2-SVP,13C,acetylene,conjugated_strained,[CH1]#[CH1],1,2,4,tiny (1-3 heavy atoms),1.1982,0.599,71.9000,65.8552,-6.0448,6.0448,0
orca [PBE/def2-SVP],orca,PBE,def2-SVP,1H,acetylene,conjugated_strained,[CH1]#[CH1],1,2,4,tiny (1-3 heavy atoms),1.1856,0.593,1.8000,0.9720,-0.8280,0.8280,0
orca [PBE/def2-SVP],orca,PBE,def2-SVP,13C,cyclopropane,conjugated_strained,[CH2],3,3,9,tiny (1-3 heavy atoms),2.4294,0.810,-2.8000,-0.3338,2.4662,2.4662,0
orca [PBE/def2-SVP],orca,PBE,def2-SVP,1H,cyclopropane,conjugated_strained,[CH2],6,3,9,tiny (1-3 heavy atoms),2.4348,0.812,0.2200,0.0750,-0.1450,0.1450,0
orca [PBE/def2-SVP],orca,PBE,def2-SVP,13C,styrene,conjugated_strained,[CH2]=[CH],1,8,16,medium (8-14 heavy atoms),5.3717,0.671,113.2000,114.3492,1.1492,1.1492,0
orca [PBE/def2-SVP],orca,PBE,def2-SVP,13C,styrene,conjugated_strained,[CH1](=[CH2])c,1,8,16,medium (8-14 heavy atoms),5.3717,0.671,136.9000,138.8603,1.9603,1.9603,0
orca [PBE/def2-SVP],orca,PBE,def2-SVP,1H,styrene,conjugated_strained,[CH1](=[CH2])c,1,8,16,medium (8-14 heavy atoms),5.4448,0.681,6.7200,7.0000,0.2800,0.2800,0
orca [PBE/def2-SVP],orca,PBE,def2-SVP,13C,furan,conjugated_strained,[cH]o,2,5,9,small (4-7 heavy atoms),2.8254,0.565,142.7000,137.1432,-5.5568,5.5568,0
orca [PBE/def2-SVP],orca,PBE,def2-SVP,13C,furan,conjugated_strained,[cH]co,2,5,9,small (4-7 heavy atoms),2.8254,0.565,109.6000,106.9352,-2.6648,2.6648,0
orca [PBE/def2-SVP],orca,PBE,def2-SVP,1H,furan,conjugated_strained,[cH]o,2,5,9,small (4-7 heavy atoms),2.8316,0.566,7.4200,7.1830,-0.2370,0.2370,0
orca [PBE/def2-SVP],orca,PBE,def2-SVP,1H,furan,conjugated_strained,[cH]co,2,5,9,small (4-7 heavy atoms),2.8316,0.566,6.3700,6.3970,0.0270,0.0270,0
orca [PBE/def2-SVP],orca,PBE,def2-SVP,13C,adamantane,larger,[CX4H2],6,10,26,medium (8-14 heavy atoms),9.0552,0.906,37.8000,40.2991,2.4991,2.4991,0
orca [PBE/def2-SVP],orca,PBE,def2-SVP,13C,adamantane,larger,[CX4H1],4,10,26,medium (8-14 heavy atoms),9.0552,0.906,28.3000,31.8002,3.5002,3.5002,0
orca [PBE/def2-SVP],orca,PBE,def2-SVP,1H,adamantane,larger,[CX4H2],12,10,26,medium (8-14 heavy atoms),9.0912,0.909,1.7200,1.7347,0.0147,0.0147,0
orca [PBE/def2-SVP],orca,PBE,def2-SVP,1H,adamantane,larger,[CX4H1],4,10,26,medium (8-14 heavy atoms),9.0912,0.909,2.0300,1.7360,-0.2940,0.2940,0
orca [PBE/def2-SVP],orca,PBE,def2-SVP,13C,camphor,larger,[CX3]=O,1,11,27,medium (8-14 heavy atoms),10.2681,0.933,217.9000,216.9672,-0.9328,0.9328,0
orca [PBE/def2-SVP],orca,PBE,def2-SVP,13C,menthol,larger,[CX4H1][OH],1,11,31,medium (8-14 heavy atoms),12.4658,1.133,71.5000,72.6642,1.1642,1.1642,0
orca [PBE/def2-SVP],orca,PBE,def2-SVP,1H,menthol,larger,[OH],1,11,31,medium (8-14 heavy atoms),12.5729,1.143,1.6000,-1.1840,-2.7840,2.7840,1
orca [PBE/def2-SVP],orca,PBE,def2-SVP,13C,caffeine,larger,[cH],1,14,24,medium (8-14 heavy atoms),10.7768,0.770,141.6000,132.1362,-9.4638,9.4638,0
orca [PBE/def2-SVP],orca,PBE,def2-SVP,1H,caffeine,larger,[cH],1,14,24,medium (8-14 heavy atoms),10.7950,0.771,7.5100,6.7090,-0.8010,0.8010,0
orca [PBE/def2-SVP],orca,PBE,def2-SVP,13C,ibuprofen,larger,[CX3](=O)[OH],1,15,33,large (15+ heavy atoms),18.9099,1.261,180.6000,169.7862,-10.8138,10.8138,0
orca [PBE/def2-SVP],orca,PBE,def2-SVP,13C,ibuprofen,larger,[CH3]C([CH3])C,1,15,33,large (15+ heavy atoms),18.9099,1.261,22.4000,24.5262,2.1262,2.1262,0
orca [PBE/def2-SVP],orca,PBE,def2-SVP,1H,ibuprofen,larger,[CH3]C([CH3])C,3,15,33,large (15+ heavy atoms),19.7385,1.316,0.8900,0.8720,-0.0180,0.0180,0
orca [PBE/def2-SVP],orca,PBE,def2-SVP,1H,ibuprofen,larger,[OX2H][CX3]=O,1,15,33,large (15+ heavy atoms),19.7385,1.316,11.5000,5.7540,-5.7460,5.7460,1
orca [PBE/def2-SVP],orca,PBE,def2-SVP,13C,anthracene,larger,[cH]([cH0])[cH0],2,14,24,medium (8-14 heavy atoms),9.2355,0.660,126.4000,126.3682,-0.0318,0.0318,0
orca [PBE/def2-SVP],orca,PBE,def2-SVP,13C,anthracene,larger,[cH]([cH0])[cH],4,14,24,medium (8-14 heavy atoms),9.2355,0.660,128.4000,127.2057,-1.1943,1.1943,0
orca [PBE/def2-SVP],orca,PBE,def2-SVP,13C,anthracene,larger,[cH]([cH])[cH],4,14,24,medium (8-14 heavy atoms),9.2355,0.660,125.5000,123.3202,-2.1798,2.1798,0
orca [PBE/def2-SVP],orca,PBE,def2-SVP,13C,anthracene,larger,[cH0],4,14,24,medium (8-14 heavy atoms),9.2355,0.660,131.9000,124.4332,-7.4668,7.4668,0
orca [PBE/def2-SVP],orca,PBE,def2-SVP,1H,anthracene,larger,[cH]([cH0])[cH0],2,14,24,medium (8-14 heavy atoms),9.2528,0.661,8.4300,8.3500,-0.0800,0.0800,0
orca [PBE/def2-SVP],orca,PBE,def2-SVP,1H,anthracene,larger,[cH]([cH0])[cH],4,14,24,medium (8-14 heavy atoms),9.2528,0.661,8.0100,8.1210,0.1110,0.1110,0
orca [PBE/def2-SVP],orca,PBE,def2-SVP,1H,anthracene,larger,[cH]([cH])[cH],4,14,24,medium (8-14 heavy atoms),9.2528,0.661,7.4600,7.6390,0.1790,0.1790,0
orca [PBE/def2-SVP],orca,PBE,def2-SVP,13C,testosterone,larger,[CX3]=O,1,21,49,large (15+ heavy atoms),25.2016,1.200,199.4000,193.9652,-5.4348,5.4348,0
orca [PBE/def2-SVP],orca,PBE,def2-SVP,13C,testosterone,larger,[CX3H0]=[CX3H1],1,21,49,large (15+ heavy atoms),25.2016,1.200,171.2000,164.1112,-7.0888,7.0888,0
orca [PBE/def2-SVP],orca,PBE,def2-SVP,13C,testosterone,larger,[CX3H1]=[CX3],1,21,49,large (15+ heavy atoms),25.2016,1.200,123.8000,125.7132,1.9132,1.9132,0
orca [PBE/def2-SVP],orca,PBE,def2-SVP,13C,testosterone,larger,[CX4H1][OH],1,21,49,large (15+ heavy atoms),25.2016,1.200,81.6000,84.7932,3.1932,3.1932,0
orca [PBE/def2-SVP],orca,PBE,def2-SVP,1H,testosterone,larger,[CX3H1]=[CX3],1,21,49,large (15+ heavy atoms),25.5147,1.215,5.7200,5.7420,0.0220,0.0220,0
orca [PBE/def2-SVP],orca,PBE,def2-SVP,1H,testosterone,larger,[CX4H1][OH],1,21,49,large (15+ heavy atoms),25.5147,1.215,3.6500,4.0850,0.4350,0.4350,0
orca [PBE/def2-SVP],orca,PBE,def2-SVP,1H,testosterone,larger,[OH],1,21,49,large (15+ heavy atoms),25.5147,1.215,1.6000,0.1450,-1.4550,1.4550,1
orca [PBE/def2-SVP],orca,PBE,def2-SVP,13C,cholesterol,larger,[CX3H0]=[CX3H1],1,28,74,large (15+ heavy atoms),37.7590,1.349,140.8000,139.8142,-0.9858,0.9858,0
orca [PBE/def2-SVP],orca,PBE,def2-SVP,13C,cholesterol,larger,[CX3H1]=[CX3],1,28,74,large (15+ heavy atoms),37.7590,1.349,121.7000,123.7502,2.0502,2.0502,0
orca [PBE/def2-SVP],orca,PBE,def2-SVP,13C,cholesterol,larger,[CX4H1][OH],1,28,74,large (15+ heavy atoms),37.7590,1.349,71.8000,73.4362,1.6362,1.6362,0
orca [PBE/def2-SVP],orca,PBE,def2-SVP,1H,cholesterol,larger,[CX3H1]=[CX3],1,28,74,large (15+ heavy atoms),38.7233,1.383,5.3500,5.5350,0.1850,0.1850,0
orca [PBE/def2-SVP],orca,PBE,def2-SVP,1H,cholesterol,larger,[CX4H1][OH],1,28,74,large (15+ heavy atoms),38.7233,1.383,3.5200,3.5970,0.0770,0.0770,0
orca [PBE/def2-SVP],orca,PBE,def2-SVP,1H,cholesterol,larger,[OH],1,28,74,large (15+ heavy atoms),38.7233,1.383,1.6000,0.0610,-1.5390,1.5390,1
orca [TPSS/def2-SVP],orca,TPSS,def2-SVP,13C,methane,aliphatic,[CH4],1,1,5,tiny (1-3 heavy atoms),1.4827,1.483,-2.3000,-2.5780,-0.2780,0.2780,0
orca [TPSS/def2-SVP],orca,TPSS,def2-SVP,1H,methane,aliphatic,[CH4],4,1,5,tiny (1-3 heavy atoms),1.4748,1.475,0.2300,0.2987,0.0687,0.0687,0
orca [TPSS/def2-SVP],orca,TPSS,def2-SVP,13C,ethane,aliphatic,[CH3],2,2,8,tiny (1-3 heavy atoms),2.4266,1.213,5.7000,10.4350,4.7350,4.7350,0
orca [TPSS/def2-SVP],orca,TPSS,def2-SVP,1H,ethane,aliphatic,[CH3],6,2,8,tiny (1-3 heavy atoms),2.4591,1.230,0.8600,0.8940,0.0340,0.0340,0
orca [TPSS/def2-SVP],orca,TPSS,def2-SVP,13C,cyclohexane,aliphatic,[CH2],6,6,18,small (4-7 heavy atoms),6.6102,1.102,27.0000,27.3383,0.3383,0.3383,0
orca [TPSS/def2-SVP],orca,TPSS,def2-SVP,1H,cyclohexane,aliphatic,[CH2],12,6,18,small (4-7 heavy atoms),6.6187,1.103,1.4300,1.2905,-0.1395,0.1395,0
orca [TPSS/def2-SVP],orca,TPSS,def2-SVP,13C,ethanol,aliphatic,[CH3],1,3,9,tiny (1-3 heavy atoms),2.9867,0.996,18.4000,17.5880,-0.8120,0.8120,0
orca [TPSS/def2-SVP],orca,TPSS,def2-SVP,13C,ethanol,aliphatic,[CH2][OH],1,3,9,tiny (1-3 heavy atoms),2.9867,0.996,58.0000,58.9630,0.9630,0.9630,0
orca [TPSS/def2-SVP],orca,TPSS,def2-SVP,1H,ethanol,aliphatic,[CH3],3,3,9,tiny (1-3 heavy atoms),2.9678,0.989,1.1800,1.1023,-0.0777,0.0777,0
orca [TPSS/def2-SVP],orca,TPSS,def2-SVP,1H,ethanol,aliphatic,[CH2][OH],2,3,9,tiny (1-3 heavy atoms),2.9678,0.989,3.6900,3.7250,0.0350,0.0350,0
orca [TPSS/def2-SVP],orca,TPSS,def2-SVP,1H,ethanol,aliphatic,[OH],1,3,9,tiny (1-3 heavy atoms),2.9678,0.989,2.6000,0.0810,-2.5190,2.5190,1
orca [TPSS/def2-SVP],orca,TPSS,def2-SVP,13C,isopropanol,aliphatic,[CH3],2,4,12,small (4-7 heavy atoms),4.0319,1.008,25.3000,25.5760,0.2760,0.2760,0
orca [TPSS/def2-SVP],orca,TPSS,def2-SVP,13C,isopropanol,aliphatic,[CH1][OH],1,4,12,small (4-7 heavy atoms),4.0319,1.008,64.0000,64.2040,0.2040,0.2040,0
orca [TPSS/def2-SVP],orca,TPSS,def2-SVP,1H,isopropanol,aliphatic,[CH3],6,4,12,small (4-7 heavy atoms),4.0535,1.013,1.1800,1.0625,-0.1175,0.1175,0
orca [TPSS/def2-SVP],orca,TPSS,def2-SVP,1H,isopropanol,aliphatic,[CH1][OH],1,4,12,small (4-7 heavy atoms),4.0535,1.013,4.0100,3.9180,-0.0920,0.0920,0
orca [TPSS/def2-SVP],orca,TPSS,def2-SVP,1H,isopropanol,aliphatic,[OH],1,4,12,small (4-7 heavy atoms),4.0535,1.013,2.2000,0.0250,-2.1750,2.1750,1
orca [TPSS/def2-SVP],orca,TPSS,def2-SVP,13C,tert_butanol,aliphatic,[CH3],3,5,15,small (4-7 heavy atoms),5.2420,1.048,31.2000,31.5633,0.3633,0.3633,0
orca [TPSS/def2-SVP],orca,TPSS,def2-SVP,13C,tert_butanol,aliphatic,[CX4]([CH3])([CH3])([CH3])[OH],1,5,15,small (4-7 heavy atoms),5.2420,1.048,69.0000,66.9550,-2.0450,2.0450,0
orca [TPSS/def2-SVP],orca,TPSS,def2-SVP,1H,tert_butanol,aliphatic,[CH3],9,5,15,small (4-7 heavy atoms),5.2185,1.044,1.2200,1.1971,-0.0229,0.0229,0
orca [TPSS/def2-SVP],orca,TPSS,def2-SVP,1H,tert_butanol,aliphatic,[OH],1,5,15,small (4-7 heavy atoms),5.2185,1.044,2.2000,-0.3060,-2.5060,2.5060,1
orca [TPSS/def2-SVP],orca,TPSS,def2-SVP,13C,neopentane,aliphatic,[CH3],4,5,17,small (4-7 heavy atoms),5.5733,1.115,31.7000,31.7600,0.0600,0.0600,0
orca [TPSS/def2-SVP],orca,TPSS,def2-SVP,13C,neopentane,aliphatic,[CX4]([CH3])([CH3])([CH3])[CH3],1,5,17,small (4-7 heavy atoms),5.5733,1.115,27.9000,28.9950,1.0950,1.0950,0
orca [TPSS/def2-SVP],orca,TPSS,def2-SVP,1H,neopentane,aliphatic,[CH3],12,5,17,small (4-7 heavy atoms),5.5423,1.108,0.9200,0.9764,0.0564,0.0564,0
orca [TPSS/def2-SVP],orca,TPSS,def2-SVP,13C,benzene,aromatic,[cH],6,6,12,small (4-7 heavy atoms),4.3706,0.728,128.5000,121.5803,-6.9197,6.9197,0
orca [TPSS/def2-SVP],orca,TPSS,def2-SVP,1H,benzene,aromatic,[cH],6,6,12,small (4-7 heavy atoms),4.3991,0.733,7.2600,7.2087,-0.0513,0.0513,0
orca [TPSS/def2-SVP],orca,TPSS,def2-SVP,13C,p_xylene,aromatic,[CH3],2,8,18,medium (8-14 heavy atoms),6.8986,0.862,20.9000,23.4850,2.5850,2.5850,0
orca [TPSS/def2-SVP],orca,TPSS,def2-SVP,13C,p_xylene,aromatic,[cH],4,8,18,medium (8-14 heavy atoms),6.8986,0.862,129.0000,123.4600,-5.5400,5.5400,0
orca [TPSS/def2-SVP],orca,TPSS,def2-SVP,13C,p_xylene,aromatic,[c]([CH3]),2,8,18,medium (8-14 heavy atoms),6.8986,0.862,134.7000,129.0315,-5.6685,5.6685,0
orca [TPSS/def2-SVP],orca,TPSS,def2-SVP,1H,p_xylene,aromatic,[CH3],6,8,18,medium (8-14 heavy atoms),6.9185,0.865,2.3000,2.2345,-0.0655,0.0655,0
orca [TPSS/def2-SVP],orca,TPSS,def2-SVP,1H,p_xylene,aromatic,[cH],4,8,18,medium (8-14 heavy atoms),6.9185,0.865,7.0500,7.0297,-0.0203,0.0203,0
orca [TPSS/def2-SVP],orca,TPSS,def2-SVP,13C,mesitylene,aromatic,[CH3],3,9,21,medium (8-14 heavy atoms),8.1171,0.902,21.2000,23.5227,2.3227,2.3227,0
orca [TPSS/def2-SVP],orca,TPSS,def2-SVP,13C,mesitylene,aromatic,[cH],3,9,21,medium (8-14 heavy atoms),8.1171,0.902,126.2000,121.9213,-4.2787,4.2787,0
orca [TPSS/def2-SVP],orca,TPSS,def2-SVP,13C,mesitylene,aromatic,[c]([CH3]),3,9,21,medium (8-14 heavy atoms),8.1171,0.902,137.6000,132.7050,-4.8950,4.8950,0
orca [TPSS/def2-SVP],orca,TPSS,def2-SVP,1H,mesitylene,aromatic,[CH3],9,9,21,medium (8-14 heavy atoms),8.2331,0.915,2.2500,2.2286,-0.0214,0.0214,0
orca [TPSS/def2-SVP],orca,TPSS,def2-SVP,1H,mesitylene,aromatic,[cH],3,9,21,medium (8-14 heavy atoms),8.2331,0.915,6.7800,6.7807,0.0007,0.0007,0
orca [TPSS/def2-SVP],orca,TPSS,def2-SVP,13C,pyridine,aromatic,[cH]n,2,6,11,small (4-7 heavy atoms),4.2023,0.700,149.9000,145.1780,-4.7220,4.7220,0
orca [TPSS/def2-SVP],orca,TPSS,def2-SVP,13C,pyridine,aromatic,[cH]cn,2,6,11,small (4-7 heavy atoms),4.2023,0.700,123.8000,115.3540,-8.4460,8.4460,0
orca [TPSS/def2-SVP],orca,TPSS,def2-SVP,13C,pyridine,aromatic,[cH]ccn,1,6,11,small (4-7 heavy atoms),4.2023,0.700,136.0000,126.6000,-9.4000,9.4000,0
orca [TPSS/def2-SVP],orca,TPSS,def2-SVP,1H,pyridine,aromatic,[cH]n,2,6,11,small (4-7 heavy atoms),4.2338,0.706,8.6000,8.5685,-0.0315,0.0315,0
orca [TPSS/def2-SVP],orca,TPSS,def2-SVP,1H,pyridine,aromatic,[cH]cn,2,6,11,small (4-7 heavy atoms),4.2338,0.706,7.2500,6.9555,-0.2945,0.2945,0
orca [TPSS/def2-SVP],orca,TPSS,def2-SVP,1H,pyridine,aromatic,[cH]ccn,1,6,11,small (4-7 heavy atoms),4.2338,0.706,7.6500,7.3070,-0.3430,0.3430,0
orca [TPSS/def2-SVP],orca,TPSS,def2-SVP,13C,naphthalene,aromatic,[cH][cH0],4,10,18,medium (8-14 heavy atoms),7.5146,0.751,127.9000,123.5770,-4.3230,4.3230,0
orca [TPSS/def2-SVP],orca,TPSS,def2-SVP,13C,naphthalene,aromatic,[cH]([cH])[cH],4,10,18,medium (8-14 heavy atoms),7.5146,0.751,125.8000,120.6940,-5.1060,5.1060,0
orca [TPSS/def2-SVP],orca,TPSS,def2-SVP,13C,naphthalene,aromatic,[cH0],2,10,18,medium (8-14 heavy atoms),7.5146,0.751,133.5000,122.6540,-10.8460,10.8460,0
orca [TPSS/def2-SVP],orca,TPSS,def2-SVP,1H,naphthalene,aromatic,[cH][cH0],4,10,18,medium (8-14 heavy atoms),7.6523,0.765,7.8400,7.7975,-0.0425,0.0425,0
orca [TPSS/def2-SVP],orca,TPSS,def2-SVP,1H,naphthalene,aromatic,[cH]([cH])[cH],4,10,18,medium (8-14 heavy atoms),7.6523,0.765,7.4600,7.4685,0.0085,0.0085,0
orca [TPSS/def2-SVP],orca,TPSS,def2-SVP,13C,acetone,carbonyl,[CH3],2,4,10,small (4-7 heavy atoms),3.4270,0.857,30.9000,28.8130,-2.0870,2.0870,0
orca [TPSS/def2-SVP],orca,TPSS,def2-SVP,13C,acetone,carbonyl,[CX3]=O,1,4,10,small (4-7 heavy atoms),3.4270,0.857,206.0000,201.5760,-4.4240,4.4240,0
orca [TPSS/def2-SVP],orca,TPSS,def2-SVP,1H,acetone,carbonyl,[CH3],6,4,10,small (4-7 heavy atoms),3.4572,0.864,2.1700,1.9755,-0.1945,0.1945,0
orca [TPSS/def2-SVP],orca,TPSS,def2-SVP,13C,acetaldehyde,carbonyl,[CH3],1,3,7,tiny (1-3 heavy atoms),2.2250,0.742,30.9000,30.5250,-0.3750,0.3750,0
orca [TPSS/def2-SVP],orca,TPSS,def2-SVP,13C,acetaldehyde,carbonyl,[CX3H1]=O,1,3,7,tiny (1-3 heavy atoms),2.2250,0.742,199.6000,192.8710,-6.7290,6.7290,0
orca [TPSS/def2-SVP],orca,TPSS,def2-SVP,1H,acetaldehyde,carbonyl,[CH3],3,3,7,tiny (1-3 heavy atoms),2.1905,0.730,2.2000,1.9427,-0.2573,0.2573,0
orca [TPSS/def2-SVP],orca,TPSS,def2-SVP,1H,acetaldehyde,carbonyl,[CX3H1]=O,1,3,7,tiny (1-3 heavy atoms),2.1905,0.730,9.7900,9.7760,-0.0140,0.0140,0
orca [TPSS/def2-SVP],orca,TPSS,def2-SVP,13C,ethyl_acetate,carbonyl,[CH3]C(=O)O,1,6,14,small (4-7 heavy atoms),4.9885,0.831,21.0000,20.5200,-0.4800,0.4800,0
orca [TPSS/def2-SVP],orca,TPSS,def2-SVP,13C,ethyl_acetate,carbonyl,[CX3](=O)O,1,6,14,small (4-7 heavy atoms),4.9885,0.831,171.0000,166.3370,-4.6630,4.6630,0
orca [TPSS/def2-SVP],orca,TPSS,def2-SVP,13C,ethyl_acetate,carbonyl,[CH2]OC=O,1,6,14,small (4-7 heavy atoms),4.9885,0.831,60.5000,60.2270,-0.2730,0.2730,0
orca [TPSS/def2-SVP],orca,TPSS,def2-SVP,13C,ethyl_acetate,carbonyl,[CH3][CH2]O,1,6,14,small (4-7 heavy atoms),4.9885,0.831,14.2000,15.8040,1.6040,1.6040,0
orca [TPSS/def2-SVP],orca,TPSS,def2-SVP,1H,ethyl_acetate,carbonyl,[CH3]C(=O)O,3,6,14,small (4-7 heavy atoms),5.0425,0.840,2.0400,1.8670,-0.1730,0.1730,0
orca [TPSS/def2-SVP],orca,TPSS,def2-SVP,1H,ethyl_acetate,carbonyl,[CH2]OC=O,2,6,14,small (4-7 heavy atoms),5.0425,0.840,4.1200,3.8325,-0.2875,0.2875,0
orca [TPSS/def2-SVP],orca,TPSS,def2-SVP,1H,ethyl_acetate,carbonyl,[CH3][CH2]O,3,6,14,small (4-7 heavy atoms),5.0425,0.840,1.2600,1.1650,-0.0950,0.0950,0
orca [TPSS/def2-SVP],orca,TPSS,def2-SVP,13C,benzaldehyde,carbonyl,[CX3H1]=O,1,8,14,medium (8-14 heavy atoms),6.0275,0.753,192.4000,184.1970,-8.2030,8.2030,0
orca [TPSS/def2-SVP],orca,TPSS,def2-SVP,1H,benzaldehyde,carbonyl,[CX3H1]=O,1,8,14,medium (8-14 heavy atoms),5.9328,0.742,9.9900,9.8510,-0.1390,0.1390,0
orca [TPSS/def2-SVP],orca,TPSS,def2-SVP,13C,dmf,carbonyl,[CX3H1]=O,1,5,12,small (4-7 heavy atoms),4.3484,0.870,162.6000,150.0550,-12.5450,12.5450,0
orca [TPSS/def2-SVP],orca,TPSS,def2-SVP,1H,dmf,carbonyl,[CX3H1]=O,1,5,12,small (4-7 heavy atoms),4.3335,0.867,8.0200,7.5590,-0.4610,0.4610,0
orca [TPSS/def2-SVP],orca,TPSS,def2-SVP,13C,acetic_acid,carboxylic_acid,[CH3],1,4,8,small (4-7 heavy atoms),3.7733,0.943,20.8000,17.5220,-3.2780,3.2780,0
orca [TPSS/def2-SVP],orca,TPSS,def2-SVP,13C,acetic_acid,carboxylic_acid,[CX3](=O)[OH],1,4,8,small (4-7 heavy atoms),3.7733,0.943,178.1000,163.5030,-14.5970,14.5970,0
orca [TPSS/def2-SVP],orca,TPSS,def2-SVP,1H,acetic_acid,carboxylic_acid,[CH3],3,4,8,small (4-7 heavy atoms),2.9176,0.729,2.1000,1.8770,-0.2230,0.2230,0
orca [TPSS/def2-SVP],orca,TPSS,def2-SVP,1H,acetic_acid,carboxylic_acid,[OX2H][CX3]=O,1,4,8,small (4-7 heavy atoms),2.9176,0.729,11.4000,5.8230,-5.5770,5.5770,1
orca [TPSS/def2-SVP],orca,TPSS,def2-SVP,13C,formic_acid,carboxylic_acid,[CX3H1](=O)[OH],1,3,5,tiny (1-3 heavy atoms),1.9206,0.640,166.3000,151.4590,-14.8410,14.8410,0
orca [TPSS/def2-SVP],orca,TPSS,def2-SVP,1H,formic_acid,carboxylic_acid,[CX3H1](=O)[OH],1,3,5,tiny (1-3 heavy atoms),1.9081,0.636,8.0800,7.4940,-0.5860,0.5860,0
orca [TPSS/def2-SVP],orca,TPSS,def2-SVP,1H,formic_acid,carboxylic_acid,[OX2H][CX3]=O,1,3,5,tiny (1-3 heavy atoms),1.9081,0.636,11.0000,6.1510,-4.8490,4.8490,1
orca [TPSS/def2-SVP],orca,TPSS,def2-SVP,13C,benzoic_acid,carboxylic_acid,[CX3](=O)[OH],1,9,15,medium (8-14 heavy atoms),6.2664,0.696,172.6000,158.7630,-13.8370,13.8370,0
orca [TPSS/def2-SVP],orca,TPSS,def2-SVP,1H,benzoic_acid,carboxylic_acid,[OX2H][CX3]=O,1,9,15,medium (8-14 heavy atoms),6.2754,0.697,12.0000,5.9510,-6.0490,6.0490,1
orca [TPSS/def2-SVP],orca,TPSS,def2-SVP,13C,chloroform,heteroatom_halogen,[CX4H1](Cl)(Cl)Cl,1,4,5,small (4-7 heavy atoms),1.9652,0.491,77.7000,107.2830,29.5830,29.5830,0
orca [TPSS/def2-SVP],orca,TPSS,def2-SVP,1H,chloroform,heteroatom_halogen,[CX4H1](Cl)(Cl)Cl,1,4,5,small (4-7 heavy atoms),1.9876,0.497,7.2600,7.5070,0.2470,0.2470,0
orca [TPSS/def2-SVP],orca,TPSS,def2-SVP,13C,dichloromethane,heteroatom_halogen,[CH2](Cl)Cl,1,3,5,tiny (1-3 heavy atoms),1.7874,0.596,53.5000,66.4020,12.9020,12.9020,0
orca [TPSS/def2-SVP],orca,TPSS,def2-SVP,1H,dichloromethane,heteroatom_halogen,[CH2](Cl)Cl,2,3,5,tiny (1-3 heavy atoms),1.8158,0.605,5.3000,5.2930,-0.0070,0.0070,0
orca [TPSS/def2-SVP],orca,TPSS,def2-SVP,13C,methanol,heteroatom_halogen,[CH3]O,1,2,6,tiny (1-3 heavy atoms),1.9148,0.957,50.4000,50.9770,0.5770,0.5770,0
orca [TPSS/def2-SVP],orca,TPSS,def2-SVP,1H,methanol,heteroatom_halogen,[CH3]O,3,2,6,tiny (1-3 heavy atoms),1.9184,0.959,3.4000,3.4557,0.0557,0.0557,0
orca [TPSS/def2-SVP],orca,TPSS,def2-SVP,1H,methanol,heteroatom_halogen,[OH],1,2,6,tiny (1-3 heavy atoms),1.9184,0.959,2.0000,-0.6830,-2.6830,2.6830,1
orca [TPSS/def2-SVP],orca,TPSS,def2-SVP,13C,acetonitrile,heteroatom_halogen,[CH3]C#N,1,3,6,tiny (1-3 heavy atoms),2.0823,0.694,1.3000,2.3020,1.0020,1.0020,0
orca [TPSS/def2-SVP],orca,TPSS,def2-SVP,13C,acetonitrile,heteroatom_halogen,[CX2]#N,1,3,6,tiny (1-3 heavy atoms),2.0823,0.694,117.7000,105.7650,-11.9350,11.9350,0
orca [TPSS/def2-SVP],orca,TPSS,def2-SVP,1H,acetonitrile,heteroatom_halogen,[CH3]C#N,3,3,6,tiny (1-3 heavy atoms),2.1038,0.701,2.0000,1.6080,-0.3920,0.3920,0
orca [TPSS/def2-SVP],orca,TPSS,def2-SVP,13C,dmso,heteroatom_halogen,[CH3],2,4,10,small (4-7 heavy atoms),3.5119,0.878,40.5000,40.8125,0.3125,0.3125,0
orca [TPSS/def2-SVP],orca,TPSS,def2-SVP,1H,dmso,heteroatom_halogen,[CH3],6,4,10,small (4-7 heavy atoms),3.5016,0.875,2.5000,2.0090,-0.4910,0.4910,0
orca [TPSS/def2-SVP],orca,TPSS,def2-SVP,13C,iodomethane,heteroatom_halogen,[CH3]I,1,2,5,tiny (1-3 heavy atoms),2.7696,1.385,-20.7000,7.0980,27.7980,27.7980,0
orca [TPSS/def2-SVP],orca,TPSS,def2-SVP,1H,iodomethane,heteroatom_halogen,[CH3]I,3,2,5,tiny (1-3 heavy atoms),2.7926,1.396,2.1600,1.8073,-0.3527,0.3527,0
orca [TPSS/def2-SVP],orca,TPSS,def2-SVP,13C,ethylene,conjugated_strained,[CH2]=[CH2],1,2,6,tiny (1-3 heavy atoms),1.9237,0.962,123.3000,118.4380,-4.8620,4.8620,0
orca [TPSS/def2-SVP],orca,TPSS,def2-SVP,1H,ethylene,conjugated_strained,[CH2]=[CH2],2,2,6,tiny (1-3 heavy atoms),1.8989,0.949,5.4000,5.4970,0.0970,0.0970,0
orca [TPSS/def2-SVP],orca,TPSS,def2-SVP,13C,acetylene,conjugated_strained,[CH1]#[CH1],1,2,4,tiny (1-3 heavy atoms),1.4058,0.703,71.9000,63.3915,-8.5085,8.5085,0
orca [TPSS/def2-SVP],orca,TPSS,def2-SVP,1H,acetylene,conjugated_strained,[CH1]#[CH1],1,2,4,tiny (1-3 heavy atoms),1.4012,0.701,1.8000,1.1660,-0.6340,0.6340,0
orca [TPSS/def2-SVP],orca,TPSS,def2-SVP,13C,cyclopropane,conjugated_strained,[CH2],3,3,9,tiny (1-3 heavy atoms),2.9343,0.978,-2.8000,0.1687,2.9687,2.9687,0
orca [TPSS/def2-SVP],orca,TPSS,def2-SVP,1H,cyclopropane,conjugated_strained,[CH2],6,3,9,tiny (1-3 heavy atoms),2.9805,0.994,0.2200,0.1102,-0.1098,0.1098,0
orca [TPSS/def2-SVP],orca,TPSS,def2-SVP,13C,styrene,conjugated_strained,[CH2]=[CH],1,8,16,medium (8-14 heavy atoms),8.1509,1.019,113.2000,111.2700,-1.9300,1.9300,0
orca [TPSS/def2-SVP],orca,TPSS,def2-SVP,13C,styrene,conjugated_strained,[CH1](=[CH2])c,1,8,16,medium (8-14 heavy atoms),8.1509,1.019,136.9000,134.9050,-1.9950,1.9950,0
orca [TPSS/def2-SVP],orca,TPSS,def2-SVP,1H,styrene,conjugated_strained,[CH1](=[CH2])c,1,8,16,medium (8-14 heavy atoms),8.7200,1.090,6.7200,6.8370,0.1170,0.1170,0
orca [TPSS/def2-SVP],orca,TPSS,def2-SVP,13C,furan,conjugated_strained,[cH]o,2,5,9,small (4-7 heavy atoms),5.2578,1.052,142.7000,134.9105,-7.7895,7.7895,0
orca [TPSS/def2-SVP],orca,TPSS,def2-SVP,13C,furan,conjugated_strained,[cH]co,2,5,9,small (4-7 heavy atoms),5.2578,1.052,109.6000,104.7250,-4.8750,4.8750,0
orca [TPSS/def2-SVP],orca,TPSS,def2-SVP,1H,furan,conjugated_strained,[cH]o,2,5,9,small (4-7 heavy atoms),5.2003,1.040,7.4200,7.1660,-0.2540,0.2540,0
orca [TPSS/def2-SVP],orca,TPSS,def2-SVP,1H,furan,conjugated_strained,[cH]co,2,5,9,small (4-7 heavy atoms),5.2003,1.040,6.3700,6.3235,-0.0465,0.0465,0
orca [TPSS/def2-SVP],orca,TPSS,def2-SVP,13C,adamantane,larger,[CX4H2],6,10,26,medium (8-14 heavy atoms),12.7623,1.276,37.8000,38.8588,1.0588,1.0588,0
orca [TPSS/def2-SVP],orca,TPSS,def2-SVP,13C,adamantane,larger,[CX4H1],4,10,26,medium (8-14 heavy atoms),12.7623,1.276,28.3000,31.1465,2.8465,2.8465,0
orca [TPSS/def2-SVP],orca,TPSS,def2-SVP,1H,adamantane,larger,[CX4H2],12,10,26,medium (8-14 heavy atoms),12.7060,1.271,1.7200,1.6589,-0.0611,0.0611,0
orca [TPSS/def2-SVP],orca,TPSS,def2-SVP,1H,adamantane,larger,[CX4H1],4,10,26,medium (8-14 heavy atoms),12.7060,1.271,2.0300,1.6582,-0.3718,0.3718,0
orca [TPSS/def2-SVP],orca,TPSS,def2-SVP,13C,camphor,larger,[CX3]=O,1,11,27,medium (8-14 heavy atoms),13.4532,1.223,217.9000,214.4200,-3.4800,3.4800,0
orca [TPSS/def2-SVP],orca,TPSS,def2-SVP,13C,menthol,larger,[CX4H1][OH],1,11,31,medium (8-14 heavy atoms),16.1159,1.465,71.5000,71.0140,-0.4860,0.4860,0
orca [TPSS/def2-SVP],orca,TPSS,def2-SVP,1H,menthol,larger,[OH],1,11,31,medium (8-14 heavy atoms),15.9465,1.450,1.6000,-0.9810,-2.5810,2.5810,1
orca [TPSS/def2-SVP],orca,TPSS,def2-SVP,13C,caffeine,larger,[cH],1,14,24,medium (8-14 heavy atoms),13.7806,0.984,141.6000,130.9310,-10.6690,10.6690,0
orca [TPSS/def2-SVP],orca,TPSS,def2-SVP,1H,caffeine,larger,[cH],1,14,24,medium (8-14 heavy atoms),13.5334,0.967,7.5100,6.7810,-0.7290,0.7290,0
orca [TPSS/def2-SVP],orca,TPSS,def2-SVP,13C,ibuprofen,larger,[CX3](=O)[OH],1,15,33,large (15+ heavy atoms),26.0844,1.739,180.6000,169.1790,-11.4210,11.4210,0
orca [TPSS/def2-SVP],orca,TPSS,def2-SVP,13C,ibuprofen,larger,[CH3]C([CH3])C,1,15,33,large (15+ heavy atoms),26.0844,1.739,22.4000,24.1710,1.7710,1.7710,0
orca [TPSS/def2-SVP],orca,TPSS,def2-SVP,1H,ibuprofen,larger,[CH3]C([CH3])C,3,15,33,large (15+ heavy atoms),26.6277,1.775,0.8900,0.8840,-0.0060,0.0060,0
orca [TPSS/def2-SVP],orca,TPSS,def2-SVP,1H,ibuprofen,larger,[OX2H][CX3]=O,1,15,33,large (15+ heavy atoms),26.6277,1.775,11.5000,5.9200,-5.5800,5.5800,1
orca [TPSS/def2-SVP],orca,TPSS,def2-SVP,13C,anthracene,larger,[cH]([cH0])[cH0],2,14,24,medium (8-14 heavy atoms),12.5055,0.893,126.4000,123.5330,-2.8670,2.8670,0
orca [TPSS/def2-SVP],orca,TPSS,def2-SVP,13C,anthracene,larger,[cH]([cH0])[cH],4,14,24,medium (8-14 heavy atoms),12.5055,0.893,128.4000,124.4260,-3.9740,3.9740,0
orca [TPSS/def2-SVP],orca,TPSS,def2-SVP,13C,anthracene,larger,[cH]([cH])[cH],4,14,24,medium (8-14 heavy atoms),12.5055,0.893,125.5000,120.7615,-4.7385,4.7385,0
orca [TPSS/def2-SVP],orca,TPSS,def2-SVP,13C,anthracene,larger,[cH0],4,14,24,medium (8-14 heavy atoms),12.5055,0.893,131.9000,122.1715,-9.7285,9.7285,0
orca [TPSS/def2-SVP],orca,TPSS,def2-SVP,1H,anthracene,larger,[cH]([cH0])[cH0],2,14,24,medium (8-14 heavy atoms),12.5160,0.894,8.4300,8.3580,-0.0720,0.0720,0
orca [TPSS/def2-SVP],orca,TPSS,def2-SVP,1H,anthracene,larger,[cH]([cH0])[cH],4,14,24,medium (8-14 heavy atoms),12.5160,0.894,8.0100,8.0720,0.0620,0.0620,0
orca [TPSS/def2-SVP],orca,TPSS,def2-SVP,1H,anthracene,larger,[cH]([cH])[cH],4,14,24,medium (8-14 heavy atoms),12.5160,0.894,7.4600,7.5510,0.0910,0.0910,0
orca [TPSS/def2-SVP],orca,TPSS,def2-SVP,13C,testosterone,larger,[CX3]=O,1,21,49,large (15+ heavy atoms),35.9619,1.712,199.4000,192.1650,-7.2350,7.2350,0
orca [TPSS/def2-SVP],orca,TPSS,def2-SVP,13C,testosterone,larger,[CX3H0]=[CX3H1],1,21,49,large (15+ heavy atoms),35.9619,1.712,171.2000,161.0050,-10.1950,10.1950,0
orca [TPSS/def2-SVP],orca,TPSS,def2-SVP,13C,testosterone,larger,[CX3H1]=[CX3],1,21,49,large (15+ heavy atoms),35.9619,1.712,123.8000,123.0910,-0.7090,0.7090,0
orca [TPSS/def2-SVP],orca,TPSS,def2-SVP,13C,testosterone,larger,[CX4H1][OH],1,21,49,large (15+ heavy atoms),35.9619,1.712,81.6000,82.5730,0.9730,0.9730,0
orca [TPSS/def2-SVP],orca,TPSS,def2-SVP,1H,testosterone,larger,[CX3H1]=[CX3],1,21,49,large (15+ heavy atoms),38.0099,1.810,5.7200,5.7280,0.0080,0.0080,0
orca [TPSS/def2-SVP],orca,TPSS,def2-SVP,1H,testosterone,larger,[CX4H1][OH],1,21,49,large (15+ heavy atoms),38.0099,1.810,3.6500,3.9390,0.2890,0.2890,0
orca [TPSS/def2-SVP],orca,TPSS,def2-SVP,1H,testosterone,larger,[OH],1,21,49,large (15+ heavy atoms),38.0099,1.810,1.6000,0.2780,-1.3220,1.3220,1
orca [TPSS/def2-SVP],orca,TPSS,def2-SVP,13C,cholesterol,larger,[CX3H0]=[CX3H1],1,28,74,large (15+ heavy atoms),50.1589,1.791,140.8000,137.1760,-3.6240,3.6240,0
orca [TPSS/def2-SVP],orca,TPSS,def2-SVP,13C,cholesterol,larger,[CX3H1]=[CX3],1,28,74,large (15+ heavy atoms),50.1589,1.791,121.7000,121.9160,0.2160,0.2160,0
orca [TPSS/def2-SVP],orca,TPSS,def2-SVP,13C,cholesterol,larger,[CX4H1][OH],1,28,74,large (15+ heavy atoms),50.1589,1.791,71.8000,71.8040,0.0040,0.0040,0
orca [TPSS/def2-SVP],orca,TPSS,def2-SVP,1H,cholesterol,larger,[CX3H1]=[CX3],1,28,74,large (15+ heavy atoms),50.1725,1.792,5.3500,5.4600,0.1100,0.1100,0
orca [TPSS/def2-SVP],orca,TPSS,def2-SVP,1H,cholesterol,larger,[CX4H1][OH],1,28,74,large (15+ heavy atoms),50.1725,1.792,3.5200,3.4770,-0.0430,0.0430,0
orca [TPSS/def2-SVP],orca,TPSS,def2-SVP,1H,cholesterol,larger,[OH],1,28,74,large (15+ heavy atoms),50.1725,1.792,1.6000,0.1740,-1.4260,1.4260,1
orca [B97-D3/def2-TZVP],orca,B97-D3,def2-TZVP,13C,methane,aliphatic,[CH4],1,1,5,tiny (1-3 heavy atoms),2.4355,2.436,-2.3000,-5.7337,-3.4337,3.4337,0
orca [B97-D3/def2-TZVP],orca,B97-D3,def2-TZVP,1H,methane,aliphatic,[CH4],4,1,5,tiny (1-3 heavy atoms),2.3088,2.309,0.2300,0.2240,-0.0060,0.0060,0
orca [B97-D3/def2-TZVP],orca,B97-D3,def2-TZVP,13C,ethane,aliphatic,[CH3],2,2,8,tiny (1-3 heavy atoms),3.2058,1.603,5.7000,11.1183,5.4183,5.4183,0
orca [B97-D3/def2-TZVP],orca,B97-D3,def2-TZVP,1H,ethane,aliphatic,[CH3],6,2,8,tiny (1-3 heavy atoms),3.2205,1.610,0.8600,1.0257,0.1657,0.1657,0
orca [B97-D3/def2-TZVP],orca,B97-D3,def2-TZVP,13C,cyclohexane,aliphatic,[CH2],6,6,18,small (4-7 heavy atoms),8.2254,1.371,27.0000,31.6233,4.6233,4.6233,0
orca [B97-D3/def2-TZVP],orca,B97-D3,def2-TZVP,1H,cyclohexane,aliphatic,[CH2],12,6,18,small (4-7 heavy atoms),8.3308,1.388,1.4300,1.5643,0.1343,0.1343,0
orca [B97-D3/def2-TZVP],orca,B97-D3,def2-TZVP,13C,ethanol,aliphatic,[CH3],1,3,9,tiny (1-3 heavy atoms),4.0285,1.343,18.4000,18.3653,-0.0347,0.0347,0
orca [B97-D3/def2-TZVP],orca,B97-D3,def2-TZVP,13C,ethanol,aliphatic,[CH2][OH],1,3,9,tiny (1-3 heavy atoms),4.0285,1.343,58.0000,65.3373,7.3373,7.3373,0
orca [B97-D3/def2-TZVP],orca,B97-D3,def2-TZVP,1H,ethanol,aliphatic,[CH3],3,3,9,tiny (1-3 heavy atoms),4.0167,1.339,1.1800,1.2090,0.0290,0.0290,0
orca [B97-D3/def2-TZVP],orca,B97-D3,def2-TZVP,1H,ethanol,aliphatic,[CH2][OH],2,3,9,tiny (1-3 heavy atoms),4.0167,1.339,3.6900,4.0750,0.3850,0.3850,0
orca [B97-D3/def2-TZVP],orca,B97-D3,def2-TZVP,1H,ethanol,aliphatic,[OH],1,3,9,tiny (1-3 heavy atoms),4.0167,1.339,2.6000,0.3060,-2.2940,2.2940,1
orca [B97-D3/def2-TZVP],orca,B97-D3,def2-TZVP,13C,isopropanol,aliphatic,[CH3],2,4,12,small (4-7 heavy atoms),5.4832,1.371,25.3000,26.5908,1.2908,1.2908,0
orca [B97-D3/def2-TZVP],orca,B97-D3,def2-TZVP,13C,isopropanol,aliphatic,[CH1][OH],1,4,12,small (4-7 heavy atoms),5.4832,1.371,64.0000,71.6163,7.6163,7.6163,0
orca [B97-D3/def2-TZVP],orca,B97-D3,def2-TZVP,1H,isopropanol,aliphatic,[CH3],6,4,12,small (4-7 heavy atoms),5.5127,1.378,1.1800,1.1665,-0.0135,0.0135,0
orca [B97-D3/def2-TZVP],orca,B97-D3,def2-TZVP,1H,isopropanol,aliphatic,[CH1][OH],1,4,12,small (4-7 heavy atoms),5.5127,1.378,4.0100,4.2770,0.2670,0.2670,0
orca [B97-D3/def2-TZVP],orca,B97-D3,def2-TZVP,1H,isopropanol,aliphatic,[OH],1,4,12,small (4-7 heavy atoms),5.5127,1.378,2.2000,0.3320,-1.8680,1.8680,1
orca [B97-D3/def2-TZVP],orca,B97-D3,def2-TZVP,13C,tert_butanol,aliphatic,[CH3],3,5,15,small (4-7 heavy atoms),7.6129,1.523,31.2000,32.2953,1.0953,1.0953,0
orca [B97-D3/def2-TZVP],orca,B97-D3,def2-TZVP,13C,tert_butanol,aliphatic,[CX4]([CH3])([CH3])([CH3])[OH],1,5,15,small (4-7 heavy atoms),7.6129,1.523,69.0000,74.3173,5.3173,5.3173,0
orca [B97-D3/def2-TZVP],orca,B97-D3,def2-TZVP,1H,tert_butanol,aliphatic,[CH3],9,5,15,small (4-7 heavy atoms),7.7758,1.555,1.2200,1.2637,0.0437,0.0437,0
orca [B97-D3/def2-TZVP],orca,B97-D3,def2-TZVP,1H,tert_butanol,aliphatic,[OH],1,5,15,small (4-7 heavy atoms),7.7758,1.555,2.2000,0.0010,-2.1990,2.1990,1
orca [B97-D3/def2-TZVP],orca,B97-D3,def2-TZVP,13C,neopentane,aliphatic,[CH3],4,5,17,small (4-7 heavy atoms),8.9368,1.787,31.7000,32.6775,0.9775,0.9775,0
orca [B97-D3/def2-TZVP],orca,B97-D3,def2-TZVP,13C,neopentane,aliphatic,[CX4]([CH3])([CH3])([CH3])[CH3],1,5,17,small (4-7 heavy atoms),8.9368,1.787,27.9000,34.4973,6.5973,6.5973,0
orca [B97-D3/def2-TZVP],orca,B97-D3,def2-TZVP,1H,neopentane,aliphatic,[CH3],12,5,17,small (4-7 heavy atoms),9.1510,1.830,0.9200,1.0020,0.0820,0.0820,0
orca [B97-D3/def2-TZVP],orca,B97-D3,def2-TZVP,13C,benzene,aromatic,[cH],6,6,12,small (4-7 heavy atoms),6.3919,1.065,128.5000,128.1669,-0.3331,0.3331,0
orca [B97-D3/def2-TZVP],orca,B97-D3,def2-TZVP,1H,benzene,aromatic,[cH],6,6,12,small (4-7 heavy atoms),6.4615,1.077,7.2600,7.5910,0.3310,0.3310,0
orca [B97-D3/def2-TZVP],orca,B97-D3,def2-TZVP,13C,p_xylene,aromatic,[CH3],2,8,18,medium (8-14 heavy atoms),12.3176,1.540,20.9000,24.1863,3.2863,3.2863,0
orca [B97-D3/def2-TZVP],orca,B97-D3,def2-TZVP,13C,p_xylene,aromatic,[cH],4,8,18,medium (8-14 heavy atoms),12.3176,1.540,129.0000,129.2758,0.2758,0.2758,0
orca [B97-D3/def2-TZVP],orca,B97-D3,def2-TZVP,13C,p_xylene,aromatic,[c]([CH3]),2,8,18,medium (8-14 heavy atoms),12.3176,1.540,134.7000,136.5027,1.8027,1.8027,0
orca [B97-D3/def2-TZVP],orca,B97-D3,def2-TZVP,1H,p_xylene,aromatic,[CH3],6,8,18,medium (8-14 heavy atoms),12.6665,1.583,2.3000,2.4630,0.1630,0.1630,0
orca [B97-D3/def2-TZVP],orca,B97-D3,def2-TZVP,1H,p_xylene,aromatic,[cH],4,8,18,medium (8-14 heavy atoms),12.6665,1.583,7.0500,7.3430,0.2930,0.2930,0
orca [B97-D3/def2-TZVP],orca,B97-D3,def2-TZVP,13C,mesitylene,aromatic,[CH3],3,9,21,medium (8-14 heavy atoms),25.5718,2.841,21.2000,24.2433,3.0433,3.0433,0
orca [B97-D3/def2-TZVP],orca,B97-D3,def2-TZVP,13C,mesitylene,aromatic,[cH],3,9,21,medium (8-14 heavy atoms),25.5718,2.841,126.2000,126.8699,0.6699,0.6699,0
orca [B97-D3/def2-TZVP],orca,B97-D3,def2-TZVP,13C,mesitylene,aromatic,[c]([CH3]),3,9,21,medium (8-14 heavy atoms),25.5718,2.841,137.6000,140.4726,2.8726,2.8726,0
orca [B97-D3/def2-TZVP],orca,B97-D3,def2-TZVP,1H,mesitylene,aromatic,[CH3],9,9,21,medium (8-14 heavy atoms),25.2233,2.803,2.2500,2.4310,0.1810,0.1810,0
orca [B97-D3/def2-TZVP],orca,B97-D3,def2-TZVP,1H,mesitylene,aromatic,[cH],3,9,21,medium (8-14 heavy atoms),25.2233,2.803,6.7800,7.0743,0.2943,0.2943,0
orca [B97-D3/def2-TZVP],orca,B97-D3,def2-TZVP,13C,pyridine,aromatic,[cH]n,2,6,11,small (4-7 heavy atoms),5.5988,0.933,149.9000,152.7043,2.8043,2.8043,0
orca [B97-D3/def2-TZVP],orca,B97-D3,def2-TZVP,13C,pyridine,aromatic,[cH]cn,2,6,11,small (4-7 heavy atoms),5.5988,0.933,123.8000,121.2473,-2.5527,2.5527,0
orca [B97-D3/def2-TZVP],orca,B97-D3,def2-TZVP,13C,pyridine,aromatic,[cH]ccn,1,6,11,small (4-7 heavy atoms),5.5988,0.933,136.0000,133.5343,-2.4657,2.4657,0
orca [B97-D3/def2-TZVP],orca,B97-D3,def2-TZVP,1H,pyridine,aromatic,[cH]n,2,6,11,small (4-7 heavy atoms),5.5761,0.929,8.6000,8.9900,0.3900,0.3900,0
orca [B97-D3/def2-TZVP],orca,B97-D3,def2-TZVP,1H,pyridine,aromatic,[cH]cn,2,6,11,small (4-7 heavy atoms),5.5761,0.929,7.2500,7.3160,0.0660,0.0660,0
orca [B97-D3/def2-TZVP],orca,B97-D3,def2-TZVP,1H,pyridine,aromatic,[cH]ccn,1,6,11,small (4-7 heavy atoms),5.5761,0.929,7.6500,7.6620,0.0120,0.0120,0
orca [B97-D3/def2-TZVP],orca,B97-D3,def2-TZVP,13C,naphthalene,aromatic,[cH][cH0],4,10,18,medium (8-14 heavy atoms),11.7760,1.178,127.9000,129.0283,1.1283,1.1283,0
orca [B97-D3/def2-TZVP],orca,B97-D3,def2-TZVP,13C,naphthalene,aromatic,[cH]([cH])[cH],4,10,18,medium (8-14 heavy atoms),11.7760,1.178,125.8000,126.5230,0.7230,0.7230,0
orca [B97-D3/def2-TZVP],orca,B97-D3,def2-TZVP,13C,naphthalene,aromatic,[cH0],2,10,18,medium (8-14 heavy atoms),11.7760,1.178,133.5000,129.8278,-3.6722,3.6722,0
orca [B97-D3/def2-TZVP],orca,B97-D3,def2-TZVP,1H,naphthalene,aromatic,[cH][cH0],4,10,18,medium (8-14 heavy atoms),11.5700,1.157,7.8400,8.1450,0.3050,0.3050,0
orca [B97-D3/def2-TZVP],orca,B97-D3,def2-TZVP,1H,naphthalene,aromatic,[cH]([cH])[cH],4,10,18,medium (8-14 heavy atoms),11.5700,1.157,7.4600,7.8140,0.3540,0.3540,0
orca [B97-D3/def2-TZVP],orca,B97-D3,def2-TZVP,13C,acetone,carbonyl,[CH3],2,4,10,small (4-7 heavy atoms),4.8591,1.215,30.9000,30.8407,-0.0593,0.0593,0
orca [B97-D3/def2-TZVP],orca,B97-D3,def2-TZVP,13C,acetone,carbonyl,[CX3]=O,1,4,10,small (4-7 heavy atoms),4.8591,1.215,206.0000,209.9483,3.9483,3.9483,0
orca [B97-D3/def2-TZVP],orca,B97-D3,def2-TZVP,1H,acetone,carbonyl,[CH3],6,4,10,small (4-7 heavy atoms),4.7763,1.194,2.1700,2.1610,-0.0090,0.0090,0
orca [B97-D3/def2-TZVP],orca,B97-D3,def2-TZVP,13C,acetaldehyde,carbonyl,[CH3],1,3,7,tiny (1-3 heavy atoms),3.9889,1.330,30.9000,33.9563,3.0563,3.0563,0
orca [B97-D3/def2-TZVP],orca,B97-D3,def2-TZVP,13C,acetaldehyde,carbonyl,[CX3H1]=O,1,3,7,tiny (1-3 heavy atoms),3.9889,1.330,199.6000,203.0633,3.4633,3.4633,0
orca [B97-D3/def2-TZVP],orca,B97-D3,def2-TZVP,1H,acetaldehyde,carbonyl,[CH3],3,3,7,tiny (1-3 heavy atoms),4.0388,1.346,2.2000,2.1227,-0.0773,0.0773,0
orca [B97-D3/def2-TZVP],orca,B97-D3,def2-TZVP,1H,acetaldehyde,carbonyl,[CX3H1]=O,1,3,7,tiny (1-3 heavy atoms),4.0388,1.346,9.7900,10.5750,0.7850,0.7850,0
orca [B97-D3/def2-TZVP],orca,B97-D3,def2-TZVP,13C,ethyl_acetate,carbonyl,[CH3]C(=O)O,1,6,14,small (4-7 heavy atoms),6.7066,1.118,21.0000,22.2253,1.2253,1.2253,0
orca [B97-D3/def2-TZVP],orca,B97-D3,def2-TZVP,13C,ethyl_acetate,carbonyl,[CX3](=O)O,1,6,14,small (4-7 heavy atoms),6.7066,1.118,171.0000,174.6993,3.6993,3.6993,0
orca [B97-D3/def2-TZVP],orca,B97-D3,def2-TZVP,13C,ethyl_acetate,carbonyl,[CH2]OC=O,1,6,14,small (4-7 heavy atoms),6.7066,1.118,60.5000,65.5003,5.0003,5.0003,0
orca [B97-D3/def2-TZVP],orca,B97-D3,def2-TZVP,13C,ethyl_acetate,carbonyl,[CH3][CH2]O,1,6,14,small (4-7 heavy atoms),6.7066,1.118,14.2000,16.9943,2.7943,2.7943,0
orca [B97-D3/def2-TZVP],orca,B97-D3,def2-TZVP,1H,ethyl_acetate,carbonyl,[CH3]C(=O)O,3,6,14,small (4-7 heavy atoms),7.1410,1.190,2.0400,2.0477,0.0077,0.0077,0
orca [B97-D3/def2-TZVP],orca,B97-D3,def2-TZVP,1H,ethyl_acetate,carbonyl,[CH2]OC=O,2,6,14,small (4-7 heavy atoms),7.1410,1.190,4.1200,4.1480,0.0280,0.0280,0
orca [B97-D3/def2-TZVP],orca,B97-D3,def2-TZVP,1H,ethyl_acetate,carbonyl,[CH3][CH2]O,3,6,14,small (4-7 heavy atoms),7.1410,1.190,1.2600,1.2683,0.0083,0.0083,0
orca [B97-D3/def2-TZVP],orca,B97-D3,def2-TZVP,13C,benzaldehyde,carbonyl,[CX3H1]=O,1,8,14,medium (8-14 heavy atoms),8.0651,1.008,192.4000,192.3083,-0.0917,0.0917,0
orca [B97-D3/def2-TZVP],orca,B97-D3,def2-TZVP,1H,benzaldehyde,carbonyl,[CX3H1]=O,1,8,14,medium (8-14 heavy atoms),8.1415,1.018,9.9900,10.6460,0.6560,0.6560,0
orca [B97-D3/def2-TZVP],orca,B97-D3,def2-TZVP,13C,dmf,carbonyl,[CX3H1]=O,1,5,12,small (4-7 heavy atoms),6.1672,1.233,162.6000,158.7713,-3.8287,3.8287,0
orca [B97-D3/def2-TZVP],orca,B97-D3,def2-TZVP,1H,dmf,carbonyl,[CX3H1]=O,1,5,12,small (4-7 heavy atoms),6.0913,1.218,8.0200,8.4040,0.3840,0.3840,0
orca [B97-D3/def2-TZVP],orca,B97-D3,def2-TZVP,13C,acetic_acid,carboxylic_acid,[CH3],1,4,8,small (4-7 heavy atoms),4.1560,1.039,20.8000,18.9453,-1.8547,1.8547,0
orca [B97-D3/def2-TZVP],orca,B97-D3,def2-TZVP,13C,acetic_acid,carboxylic_acid,[CX3](=O)[OH],1,4,8,small (4-7 heavy atoms),4.1560,1.039,178.1000,172.5853,-5.5147,5.5147,0
orca [B97-D3/def2-TZVP],orca,B97-D3,def2-TZVP,1H,acetic_acid,carboxylic_acid,[CH3],3,4,8,small (4-7 heavy atoms),4.0623,1.016,2.1000,2.0487,-0.0513,0.0513,0
orca [B97-D3/def2-TZVP],orca,B97-D3,def2-TZVP,1H,acetic_acid,carboxylic_acid,[OX2H][CX3]=O,1,4,8,small (4-7 heavy atoms),4.0623,1.016,11.4000,6.0970,-5.3030,5.3030,1
orca [B97-D3/def2-TZVP],orca,B97-D3,def2-TZVP,13C,formic_acid,carboxylic_acid,[CX3H1](=O)[OH],1,3,5,tiny (1-3 heavy atoms),3.1318,1.044,166.3000,161.3473,-4.9527,4.9527,0
orca [B97-D3/def2-TZVP],orca,B97-D3,def2-TZVP,1H,formic_acid,carboxylic_acid,[CX3H1](=O)[OH],1,3,5,tiny (1-3 heavy atoms),3.0530,1.018,8.0800,8.2080,0.1280,0.1280,0
orca [B97-D3/def2-TZVP],orca,B97-D3,def2-TZVP,1H,formic_acid,carboxylic_acid,[OX2H][CX3]=O,1,3,5,tiny (1-3 heavy atoms),3.0530,1.018,11.0000,6.3530,-4.6470,4.6470,1
orca [B97-D3/def2-TZVP],orca,B97-D3,def2-TZVP,13C,benzoic_acid,carboxylic_acid,[CX3](=O)[OH],1,9,15,medium (8-14 heavy atoms),9.4392,1.049,172.6000,166.1963,-6.4037,6.4037,0
orca [B97-D3/def2-TZVP],orca,B97-D3,def2-TZVP,1H,benzoic_acid,carboxylic_acid,[OX2H][CX3]=O,1,9,15,medium (8-14 heavy atoms),9.4430,1.049,12.0000,6.1620,-5.8380,5.8380,1
orca [B97-D3/def2-TZVP],orca,B97-D3,def2-TZVP,13C,chloroform,heteroatom_halogen,[CX4H1](Cl)(Cl)Cl,1,4,5,small (4-7 heavy atoms),3.1477,0.787,77.7000,112.1763,34.4763,34.4763,0
orca [B97-D3/def2-TZVP],orca,B97-D3,def2-TZVP,1H,chloroform,heteroatom_halogen,[CX4H1](Cl)(Cl)Cl,1,4,5,small (4-7 heavy atoms),3.1308,0.783,7.2600,8.0240,0.7640,0.7640,0
orca [B97-D3/def2-TZVP],orca,B97-D3,def2-TZVP,13C,dichloromethane,heteroatom_halogen,[CH2](Cl)Cl,1,3,5,tiny (1-3 heavy atoms),2.9449,0.982,53.5000,71.7733,18.2733,18.2733,0
orca [B97-D3/def2-TZVP],orca,B97-D3,def2-TZVP,1H,dichloromethane,heteroatom_halogen,[CH2](Cl)Cl,2,3,5,tiny (1-3 heavy atoms),2.8137,0.938,5.3000,5.6870,0.3870,0.3870,0
orca [B97-D3/def2-TZVP],orca,B97-D3,def2-TZVP,13C,methanol,heteroatom_halogen,[CH3]O,1,2,6,tiny (1-3 heavy atoms),2.8412,1.421,50.4000,55.6333,5.2333,5.2333,0
orca [B97-D3/def2-TZVP],orca,B97-D3,def2-TZVP,1H,methanol,heteroatom_halogen,[CH3]O,3,2,6,tiny (1-3 heavy atoms),2.8493,1.425,3.4000,3.7777,0.3777,0.3777,0
orca [B97-D3/def2-TZVP],orca,B97-D3,def2-TZVP,1H,methanol,heteroatom_halogen,[OH],1,2,6,tiny (1-3 heavy atoms),2.8493,1.425,2.0000,-0.4930,-2.4930,2.4930,1
orca [B97-D3/def2-TZVP],orca,B97-D3,def2-TZVP,13C,acetonitrile,heteroatom_halogen,[CH3]C#N,1,3,6,tiny (1-3 heavy atoms),3.1682,1.056,1.3000,2.6433,1.3433,1.3433,0
orca [B97-D3/def2-TZVP],orca,B97-D3,def2-TZVP,13C,acetonitrile,heteroatom_halogen,[CX2]#N,1,3,6,tiny (1-3 heavy atoms),3.1682,1.056,117.7000,114.0603,-3.6397,3.6397,0
orca [B97-D3/def2-TZVP],orca,B97-D3,def2-TZVP,1H,acetonitrile,heteroatom_halogen,[CH3]C#N,3,3,6,tiny (1-3 heavy atoms),3.1560,1.052,2.0000,1.8280,-0.1720,0.1720,0
orca [B97-D3/def2-TZVP],orca,B97-D3,def2-TZVP,13C,dmso,heteroatom_halogen,[CH3],2,4,10,small (4-7 heavy atoms),5.0858,1.271,40.5000,43.6443,3.1443,3.1443,0
orca [B97-D3/def2-TZVP],orca,B97-D3,def2-TZVP,1H,dmso,heteroatom_halogen,[CH3],6,4,10,small (4-7 heavy atoms),5.0308,1.258,2.5000,2.2073,-0.2927,0.2927,0
orca [B97-D3/def2-TZVP],orca,B97-D3,def2-TZVP,13C,iodomethane,heteroatom_halogen,[CH3]I,1,2,5,tiny (1-3 heavy atoms),6.0091,3.005,-20.7000,6.7752,27.4752,27.4752,0
orca [B97-D3/def2-TZVP],orca,B97-D3,def2-TZVP,1H,iodomethane,heteroatom_halogen,[CH3]I,3,2,5,tiny (1-3 heavy atoms),5.2996,2.650,2.1600,2.0160,-0.1440,0.1440,0
orca [B97-D3/def2-TZVP],orca,B97-D3,def2-TZVP,13C,ethylene,conjugated_strained,[CH2]=[CH2],1,2,6,tiny (1-3 heavy atoms),2.8516,1.426,123.3000,125.7843,2.4843,2.4843,0
orca [B97-D3/def2-TZVP],orca,B97-D3,def2-TZVP,1H,ethylene,conjugated_strained,[CH2]=[CH2],2,2,6,tiny (1-3 heavy atoms),2.8317,1.416,5.4000,5.7960,0.3960,0.3960,0
orca [B97-D3/def2-TZVP],orca,B97-D3,def2-TZVP,13C,acetylene,conjugated_strained,[CH1]#[CH1],1,2,4,tiny (1-3 heavy atoms),2.2968,1.148,71.9000,66.7773,-5.1227,5.1227,0
orca [B97-D3/def2-TZVP],orca,B97-D3,def2-TZVP,1H,acetylene,conjugated_strained,[CH1]#[CH1],1,2,4,tiny (1-3 heavy atoms),2.3070,1.153,1.8000,1.2860,-0.5140,0.5140,0
orca [B97-D3/def2-TZVP],orca,B97-D3,def2-TZVP,13C,cyclopropane,conjugated_strained,[CH2],3,3,9,tiny (1-3 heavy atoms),3.9477,1.316,-2.8000,-1.0307,1.7693,1.7693,0
orca [B97-D3/def2-TZVP],orca,B97-D3,def2-TZVP,1H,cyclopropane,conjugated_strained,[CH2],6,3,9,tiny (1-3 heavy atoms),3.9347,1.312,0.2200,0.2140,-0.0060,0.0060,0
orca [B97-D3/def2-TZVP],orca,B97-D3,def2-TZVP,13C,styrene,conjugated_strained,[CH2]=[CH],1,8,16,medium (8-14 heavy atoms),8.8247,1.103,113.2000,115.5273,2.3273,2.3273,0
orca [B97-D3/def2-TZVP],orca,B97-D3,def2-TZVP,13C,styrene,conjugated_strained,[CH1](=[CH2])c,1,8,16,medium (8-14 heavy atoms),8.8247,1.103,136.9000,143.3813,6.4813,6.4813,0
orca [B97-D3/def2-TZVP],orca,B97-D3,def2-TZVP,1H,styrene,conjugated_strained,[CH1](=[CH2])c,1,8,16,medium (8-14 heavy atoms),8.8449,1.106,6.7200,7.3400,0.6200,0.6200,0
orca [B97-D3/def2-TZVP],orca,B97-D3,def2-TZVP,13C,furan,conjugated_strained,[cH]o,2,5,9,small (4-7 heavy atoms),4.9497,0.990,142.7000,143.0387,0.3387,0.3387,0
orca [B97-D3/def2-TZVP],orca,B97-D3,def2-TZVP,13C,furan,conjugated_strained,[cH]co,2,5,9,small (4-7 heavy atoms),4.9497,0.990,109.6000,110.6208,1.0208,1.0208,0
orca [B97-D3/def2-TZVP],orca,B97-D3,def2-TZVP,1H,furan,conjugated_strained,[cH]o,2,5,9,small (4-7 heavy atoms),4.8611,0.972,7.4200,7.7270,0.3070,0.3070,0
orca [B97-D3/def2-TZVP],orca,B97-D3,def2-TZVP,1H,furan,conjugated_strained,[cH]co,2,5,9,small (4-7 heavy atoms),4.8611,0.972,6.3700,6.6940,0.3240,0.3240,0
orca [B97-D3/def2-TZVP],orca,B97-D3,def2-TZVP,13C,adamantane,larger,[CX4H2],6,10,26,medium (8-14 heavy atoms),15.2788,1.528,37.8000,43.2901,5.4901,5.4901,0
orca [B97-D3/def2-TZVP],orca,B97-D3,def2-TZVP,13C,adamantane,larger,[CX4H1],4,10,26,medium (8-14 heavy atoms),15.2788,1.528,28.3000,36.5770,8.2770,8.2770,0
orca [B97-D3/def2-TZVP],orca,B97-D3,def2-TZVP,1H,adamantane,larger,[CX4H2],12,10,26,medium (8-14 heavy atoms),15.3954,1.540,1.7200,1.9699,0.2499,0.2499,0
orca [B97-D3/def2-TZVP],orca,B97-D3,def2-TZVP,1H,adamantane,larger,[CX4H1],4,10,26,medium (8-14 heavy atoms),15.3954,1.540,2.0300,1.9487,-0.0813,0.0813,0
orca [B97-D3/def2-TZVP],orca,B97-D3,def2-TZVP,13C,camphor,larger,[CX3]=O,1,11,27,medium (8-14 heavy atoms),19.3846,1.762,217.9000,223.1562,5.2562,5.2562,0
orca [B97-D3/def2-TZVP],orca,B97-D3,def2-TZVP,13C,menthol,larger,[CX4H1][OH],1,11,31,medium (8-14 heavy atoms),19.8069,1.801,71.5000,77.7813,6.2813,6.2813,0
orca [B97-D3/def2-TZVP],orca,B97-D3,def2-TZVP,1H,menthol,larger,[OH],1,11,31,medium (8-14 heavy atoms),20.5660,1.870,1.6000,-0.7610,-2.3610,2.3610,1
orca [B97-D3/def2-TZVP],orca,B97-D3,def2-TZVP,13C,caffeine,larger,[cH],1,14,24,medium (8-14 heavy atoms),18.3344,1.310,141.6000,137.3923,-4.2077,4.2077,0
orca [B97-D3/def2-TZVP],orca,B97-D3,def2-TZVP,1H,caffeine,larger,[cH],1,14,24,medium (8-14 heavy atoms),18.1700,1.298,7.5100,7.3260,-0.1840,0.1840,0
orca [B97-D3/def2-TZVP],orca,B97-D3,def2-TZVP,13C,ibuprofen,larger,[CX3](=O)[OH],1,15,33,large (15+ heavy atoms),29.7209,1.981,180.6000,178.0513,-2.5487,2.5487,0
orca [B97-D3/def2-TZVP],orca,B97-D3,def2-TZVP,13C,ibuprofen,larger,[CH3]C([CH3])C,1,15,33,large (15+ heavy atoms),29.7209,1.981,22.4000,25.3123,2.9123,2.9123,0
orca [B97-D3/def2-TZVP],orca,B97-D3,def2-TZVP,1H,ibuprofen,larger,[CH3]C([CH3])C,3,15,33,large (15+ heavy atoms),30.3304,2.022,0.8900,0.9680,0.0780,0.0780,0
orca [B97-D3/def2-TZVP],orca,B97-D3,def2-TZVP,1H,ibuprofen,larger,[OX2H][CX3]=O,1,15,33,large (15+ heavy atoms),30.3304,2.022,11.5000,6.0700,-5.4300,5.4300,1
orca [B97-D3/def2-TZVP],orca,B97-D3,def2-TZVP,13C,anthracene,larger,[cH]([cH0])[cH0],2,14,24,medium (8-14 heavy atoms),15.8699,1.134,126.4000,128.1273,1.7273,1.7273,0
orca [B97-D3/def2-TZVP],orca,B97-D3,def2-TZVP,13C,anthracene,larger,[cH]([cH0])[cH],4,14,24,medium (8-14 heavy atoms),15.8699,1.134,128.4000,129.9633,1.5633,1.5633,0
orca [B97-D3/def2-TZVP],orca,B97-D3,def2-TZVP,13C,anthracene,larger,[cH]([cH])[cH],4,14,24,medium (8-14 heavy atoms),15.8699,1.134,125.5000,126.4963,0.9963,0.9963,0
orca [B97-D3/def2-TZVP],orca,B97-D3,def2-TZVP,13C,anthracene,larger,[cH0],4,14,24,medium (8-14 heavy atoms),15.8699,1.134,131.9000,128.7262,-3.1738,3.1738,0
orca [B97-D3/def2-TZVP],orca,B97-D3,def2-TZVP,1H,anthracene,larger,[cH]([cH0])[cH0],2,14,24,medium (8-14 heavy atoms),15.7962,1.128,8.4300,8.6680,0.2380,0.2380,0
orca [B97-D3/def2-TZVP],orca,B97-D3,def2-TZVP,1H,anthracene,larger,[cH]([cH0])[cH],4,14,24,medium (8-14 heavy atoms),15.7962,1.128,8.0100,8.4200,0.4100,0.4100,0
orca [B97-D3/def2-TZVP],orca,B97-D3,def2-TZVP,1H,anthracene,larger,[cH]([cH])[cH],4,14,24,medium (8-14 heavy atoms),15.7962,1.128,7.4600,7.8910,0.4310,0.4310,0
orca [B97-D3/def2-TZVP],orca,B97-D3,def2-TZVP,13C,testosterone,larger,[CX3]=O,1,21,49,large (15+ heavy atoms),54.7942,2.609,199.4000,198.3793,-1.0207,1.0207,0
orca [B97-D3/def2-TZVP],orca,B97-D3,def2-TZVP,13C,testosterone,larger,[CX3H0]=[CX3H1],1,21,49,large (15+ heavy atoms),54.7942,2.609,171.2000,171.8613,0.6613,0.6613,0
orca [B97-D3/def2-TZVP],orca,B97-D3,def2-TZVP,13C,testosterone,larger,[CX3H1]=[CX3],1,21,49,large (15+ heavy atoms),54.7942,2.609,123.8000,127.9713,4.1713,4.1713,0
orca [B97-D3/def2-TZVP],orca,B97-D3,def2-TZVP,13C,testosterone,larger,[CX4H1][OH],1,21,49,large (15+ heavy atoms),54.7942,2.609,81.6000,89.3543,7.7543,7.7543,0
orca [B97-D3/def2-TZVP],orca,B97-D3,def2-TZVP,1H,testosterone,larger,[CX3H1]=[CX3],1,21,49,large (15+ heavy atoms),54.8280,2.611,5.7200,6.0510,0.3310,0.3310,0
orca [B97-D3/def2-TZVP],orca,B97-D3,def2-TZVP,1H,testosterone,larger,[CX4H1][OH],1,21,49,large (15+ heavy atoms),54.8280,2.611,3.6500,4.2800,0.6300,0.6300,0
orca [B97-D3/def2-TZVP],orca,B97-D3,def2-TZVP,1H,testosterone,larger,[OH],1,21,49,large (15+ heavy atoms),54.8280,2.611,1.6000,0.3860,-1.2140,1.2140,1
orca [B97-D3/def2-TZVP],orca,B97-D3,def2-TZVP,13C,cholesterol,larger,[CX3H0]=[CX3H1],1,28,74,large (15+ heavy atoms),86.2778,3.081,140.8000,146.4352,5.6352,5.6352,0
orca [B97-D3/def2-TZVP],orca,B97-D3,def2-TZVP,13C,cholesterol,larger,[CX3H1]=[CX3],1,28,74,large (15+ heavy atoms),86.2778,3.081,121.7000,126.9753,5.2753,5.2753,0
orca [B97-D3/def2-TZVP],orca,B97-D3,def2-TZVP,13C,cholesterol,larger,[CX4H1][OH],1,28,74,large (15+ heavy atoms),86.2778,3.081,71.8000,79.7943,7.9943,7.9943,0
orca [B97-D3/def2-TZVP],orca,B97-D3,def2-TZVP,1H,cholesterol,larger,[CX3H1]=[CX3],1,28,74,large (15+ heavy atoms),80.7189,2.883,5.3500,5.8040,0.4540,0.4540,0
orca [B97-D3/def2-TZVP],orca,B97-D3,def2-TZVP,1H,cholesterol,larger,[CX4H1][OH],1,28,74,large (15+ heavy atoms),80.7189,2.883,3.5200,3.8130,0.2930,0.2930,0
orca [B97-D3/def2-TZVP],orca,B97-D3,def2-TZVP,1H,cholesterol,larger,[OH],1,28,74,large (15+ heavy atoms),80.7189,2.883,1.6000,0.4290,-1.1710,1.1710,1
orca [PBE0/def2-TZVP],orca,PBE0,def2-TZVP,13C,methane,aliphatic,[CH4],1,1,5,tiny (1-3 heavy atoms),2.8223,2.822,-2.3000,-5.4292,-3.1292,3.1292,0
orca [PBE0/def2-TZVP],orca,PBE0,def2-TZVP,1H,methane,aliphatic,[CH4],4,1,5,tiny (1-3 heavy atoms),2.7384,2.738,0.2300,0.2286,-0.0014,0.0014,0
orca [PBE0/def2-TZVP],orca,PBE0,def2-TZVP,13C,ethane,aliphatic,[CH3],2,2,8,tiny (1-3 heavy atoms),4.4099,2.205,5.7000,9.7798,4.0798,4.0798,0
orca [PBE0/def2-TZVP],orca,PBE0,def2-TZVP,1H,ethane,aliphatic,[CH3],6,2,8,tiny (1-3 heavy atoms),4.6754,2.338,0.8600,0.9672,0.1072,0.1072,0
orca [PBE0/def2-TZVP],orca,PBE0,def2-TZVP,13C,cyclohexane,aliphatic,[CH2],6,6,18,small (4-7 heavy atoms),13.4400,2.240,27.0000,29.3327,2.3327,2.3327,0
orca [PBE0/def2-TZVP],orca,PBE0,def2-TZVP,1H,cyclohexane,aliphatic,[CH2],12,6,18,small (4-7 heavy atoms),13.5594,2.260,1.4300,1.4618,0.0318,0.0318,0
orca [PBE0/def2-TZVP],orca,PBE0,def2-TZVP,13C,ethanol,aliphatic,[CH3],1,3,9,tiny (1-3 heavy atoms),5.7720,1.924,18.4000,17.7117,-0.6883,0.6883,0
orca [PBE0/def2-TZVP],orca,PBE0,def2-TZVP,13C,ethanol,aliphatic,[CH2][OH],1,3,9,tiny (1-3 heavy atoms),5.7720,1.924,58.0000,62.8188,4.8188,4.8188,0
orca [PBE0/def2-TZVP],orca,PBE0,def2-TZVP,1H,ethanol,aliphatic,[CH3],3,3,9,tiny (1-3 heavy atoms),5.7409,1.914,1.1800,1.1723,-0.0077,0.0077,0
orca [PBE0/def2-TZVP],orca,PBE0,def2-TZVP,1H,ethanol,aliphatic,[CH2][OH],2,3,9,tiny (1-3 heavy atoms),5.7409,1.914,3.6900,3.8268,0.1368,0.1368,0
orca [PBE0/def2-TZVP],orca,PBE0,def2-TZVP,1H,ethanol,aliphatic,[OH],1,3,9,tiny (1-3 heavy atoms),5.7409,1.914,2.6000,0.3253,-2.2747,2.2747,1
orca [PBE0/def2-TZVP],orca,PBE0,def2-TZVP,13C,isopropanol,aliphatic,[CH3],2,4,12,small (4-7 heavy atoms),7.7110,1.928,25.3000,26.3017,1.0017,1.0017,0
orca [PBE0/def2-TZVP],orca,PBE0,def2-TZVP,13C,isopropanol,aliphatic,[CH1][OH],1,4,12,small (4-7 heavy atoms),7.7110,1.928,64.0000,68.6437,4.6437,4.6437,0
orca [PBE0/def2-TZVP],orca,PBE0,def2-TZVP,1H,isopropanol,aliphatic,[CH3],6,4,12,small (4-7 heavy atoms),7.6393,1.910,1.1800,1.1235,-0.0565,0.0565,0
orca [PBE0/def2-TZVP],orca,PBE0,def2-TZVP,1H,isopropanol,aliphatic,[CH1][OH],1,4,12,small (4-7 heavy atoms),7.6393,1.910,4.0100,4.0373,0.0273,0.0273,0
orca [PBE0/def2-TZVP],orca,PBE0,def2-TZVP,1H,isopropanol,aliphatic,[OH],1,4,12,small (4-7 heavy atoms),7.6393,1.910,2.2000,0.3343,-1.8657,1.8657,1
orca [PBE0/def2-TZVP],orca,PBE0,def2-TZVP,13C,tert_butanol,aliphatic,[CH3],3,5,15,small (4-7 heavy atoms),10.0853,2.017,31.2000,32.3074,1.1074,1.1074,0
orca [PBE0/def2-TZVP],orca,PBE0,def2-TZVP,13C,tert_butanol,aliphatic,[CX4]([CH3])([CH3])([CH3])[OH],1,5,15,small (4-7 heavy atoms),10.0853,2.017,69.0000,71.4108,2.4108,2.4108,0
orca [PBE0/def2-TZVP],orca,PBE0,def2-TZVP,1H,tert_butanol,aliphatic,[CH3],9,5,15,small (4-7 heavy atoms),10.0522,2.010,1.2200,1.2088,-0.0112,0.0112,0
orca [PBE0/def2-TZVP],orca,PBE0,def2-TZVP,1H,tert_butanol,aliphatic,[OH],1,5,15,small (4-7 heavy atoms),10.0522,2.010,2.2000,0.0393,-2.1607,2.1607,1
orca [PBE0/def2-TZVP],orca,PBE0,def2-TZVP,13C,neopentane,aliphatic,[CH3],4,5,17,small (4-7 heavy atoms),11.7203,2.344,31.7000,32.5493,0.8493,0.8493,0
orca [PBE0/def2-TZVP],orca,PBE0,def2-TZVP,13C,neopentane,aliphatic,[CX4]([CH3])([CH3])([CH3])[CH3],1,5,17,small (4-7 heavy atoms),11.7203,2.344,27.9000,31.7138,3.8138,3.8138,0
orca [PBE0/def2-TZVP],orca,PBE0,def2-TZVP,1H,neopentane,aliphatic,[CH3],12,5,17,small (4-7 heavy atoms),11.5732,2.315,0.9200,0.9530,0.0330,0.0330,0
orca [PBE0/def2-TZVP],orca,PBE0,def2-TZVP,13C,benzene,aromatic,[cH],6,6,12,small (4-7 heavy atoms),9.9026,1.650,128.5000,134.8064,6.3064,6.3064,0
orca [PBE0/def2-TZVP],orca,PBE0,def2-TZVP,1H,benzene,aromatic,[cH],6,6,12,small (4-7 heavy atoms),9.9190,1.653,7.2600,7.7803,0.5203,0.5203,0
orca [PBE0/def2-TZVP],orca,PBE0,def2-TZVP,13C,p_xylene,aromatic,[CH3],2,8,18,medium (8-14 heavy atoms),15.3543,1.919,20.9000,23.4773,2.5773,2.5773,0
orca [PBE0/def2-TZVP],orca,PBE0,def2-TZVP,13C,p_xylene,aromatic,[cH],4,8,18,medium (8-14 heavy atoms),15.3543,1.919,129.0000,136.0425,7.0425,7.0425,0
orca [PBE0/def2-TZVP],orca,PBE0,def2-TZVP,13C,p_xylene,aromatic,[c]([CH3]),2,8,18,medium (8-14 heavy atoms),15.3543,1.919,134.7000,142.4667,7.7667,7.7667,0
orca [PBE0/def2-TZVP],orca,PBE0,def2-TZVP,1H,p_xylene,aromatic,[CH3],6,8,18,medium (8-14 heavy atoms),15.3470,1.918,2.3000,2.4460,0.1460,0.1460,0
orca [PBE0/def2-TZVP],orca,PBE0,def2-TZVP,1H,p_xylene,aromatic,[cH],4,8,18,medium (8-14 heavy atoms),15.3470,1.918,7.0500,7.5343,0.4843,0.4843,0
orca [PBE0/def2-TZVP],orca,PBE0,def2-TZVP,13C,mesitylene,aromatic,[CH3],3,9,21,medium (8-14 heavy atoms),19.3228,2.147,21.2000,23.5471,2.3471,2.3471,0
orca [PBE0/def2-TZVP],orca,PBE0,def2-TZVP,13C,mesitylene,aromatic,[cH],3,9,21,medium (8-14 heavy atoms),19.3228,2.147,126.2000,133.2088,7.0088,7.0088,0
orca [PBE0/def2-TZVP],orca,PBE0,def2-TZVP,13C,mesitylene,aromatic,[c]([CH3]),3,9,21,medium (8-14 heavy atoms),19.3228,2.147,137.6000,147.0821,9.4821,9.4821,0
orca [PBE0/def2-TZVP],orca,PBE0,def2-TZVP,1H,mesitylene,aromatic,[CH3],9,9,21,medium (8-14 heavy atoms),19.2163,2.135,2.2500,2.4159,0.1659,0.1659,0
orca [PBE0/def2-TZVP],orca,PBE0,def2-TZVP,1H,mesitylene,aromatic,[cH],3,9,21,medium (8-14 heavy atoms),19.2163,2.135,6.7800,7.2550,0.4750,0.4750,0
orca [PBE0/def2-TZVP],orca,PBE0,def2-TZVP,13C,pyridine,aromatic,[cH]n,2,6,11,small (4-7 heavy atoms),10.1254,1.688,149.9000,160.0897,10.1897,10.1897,0
orca [PBE0/def2-TZVP],orca,PBE0,def2-TZVP,13C,pyridine,aromatic,[cH]cn,2,6,11,small (4-7 heavy atoms),10.1254,1.688,123.8000,127.2048,3.4048,3.4048,0
orca [PBE0/def2-TZVP],orca,PBE0,def2-TZVP,13C,pyridine,aromatic,[cH]ccn,1,6,11,small (4-7 heavy atoms),10.1254,1.688,136.0000,141.2158,5.2158,5.2158,0
orca [PBE0/def2-TZVP],orca,PBE0,def2-TZVP,1H,pyridine,aromatic,[cH]n,2,6,11,small (4-7 heavy atoms),10.0140,1.669,8.6000,9.1458,0.5458,0.5458,0
orca [PBE0/def2-TZVP],orca,PBE0,def2-TZVP,1H,pyridine,aromatic,[cH]cn,2,6,11,small (4-7 heavy atoms),10.0140,1.669,7.2500,7.5113,0.2613,0.2613,0
orca [PBE0/def2-TZVP],orca,PBE0,def2-TZVP,1H,pyridine,aromatic,[cH]ccn,1,6,11,small (4-7 heavy atoms),10.0140,1.669,7.6500,7.8773,0.2273,0.2273,0
orca [PBE0/def2-TZVP],orca,PBE0,def2-TZVP,13C,naphthalene,aromatic,[cH][cH0],4,10,18,medium (8-14 heavy atoms),20.2731,2.027,127.9000,135.5673,7.6673,7.6673,0
orca [PBE0/def2-TZVP],orca,PBE0,def2-TZVP,13C,naphthalene,aromatic,[cH]([cH])[cH],4,10,18,medium (8-14 heavy atoms),20.2731,2.027,125.8000,133.1195,7.3195,7.3195,0
orca [PBE0/def2-TZVP],orca,PBE0,def2-TZVP,13C,naphthalene,aromatic,[cH0],2,10,18,medium (8-14 heavy atoms),20.2731,2.027,133.5000,135.8453,2.3453,2.3453,0
orca [PBE0/def2-TZVP],orca,PBE0,def2-TZVP,1H,naphthalene,aromatic,[cH][cH0],4,10,18,medium (8-14 heavy atoms),20.3778,2.038,7.8400,8.3798,0.5398,0.5398,0
orca [PBE0/def2-TZVP],orca,PBE0,def2-TZVP,1H,naphthalene,aromatic,[cH]([cH])[cH],4,10,18,medium (8-14 heavy atoms),20.3778,2.038,7.4600,8.0153,0.5553,0.5553,0
orca [PBE0/def2-TZVP],orca,PBE0,def2-TZVP,13C,acetone,carbonyl,[CH3],2,4,10,small (4-7 heavy atoms),7.3345,1.834,30.9000,31.5992,0.6992,0.6992,0
orca [PBE0/def2-TZVP],orca,PBE0,def2-TZVP,13C,acetone,carbonyl,[CX3]=O,1,4,10,small (4-7 heavy atoms),7.3345,1.834,206.0000,218.2248,12.2248,12.2248,0
orca [PBE0/def2-TZVP],orca,PBE0,def2-TZVP,1H,acetone,carbonyl,[CH3],6,4,10,small (4-7 heavy atoms),7.3907,1.848,2.1700,2.1333,-0.0367,0.0367,0
orca [PBE0/def2-TZVP],orca,PBE0,def2-TZVP,13C,acetaldehyde,carbonyl,[CH3],1,3,7,tiny (1-3 heavy atoms),6.0717,2.024,30.9000,34.3328,3.4328,3.4328,0
orca [PBE0/def2-TZVP],orca,PBE0,def2-TZVP,13C,acetaldehyde,carbonyl,[CX3H1]=O,1,3,7,tiny (1-3 heavy atoms),6.0717,2.024,199.6000,212.1217,12.5217,12.5217,0
orca [PBE0/def2-TZVP],orca,PBE0,def2-TZVP,1H,acetaldehyde,carbonyl,[CH3],3,3,7,tiny (1-3 heavy atoms),6.2137,2.071,2.2000,2.1203,-0.0797,0.0797,0
orca [PBE0/def2-TZVP],orca,PBE0,def2-TZVP,1H,acetaldehyde,carbonyl,[CX3H1]=O,1,3,7,tiny (1-3 heavy atoms),6.2137,2.071,9.7900,10.4053,0.6153,0.6153,0
orca [PBE0/def2-TZVP],orca,PBE0,def2-TZVP,13C,ethyl_acetate,carbonyl,[CH3]C(=O)O,1,6,14,small (4-7 heavy atoms),11.2774,1.880,21.0000,22.7047,1.7047,1.7047,0
orca [PBE0/def2-TZVP],orca,PBE0,def2-TZVP,13C,ethyl_acetate,carbonyl,[CX3](=O)O,1,6,14,small (4-7 heavy atoms),11.2774,1.880,171.0000,182.6388,11.6388,11.6388,0
orca [PBE0/def2-TZVP],orca,PBE0,def2-TZVP,13C,ethyl_acetate,carbonyl,[CH2]OC=O,1,6,14,small (4-7 heavy atoms),11.2774,1.880,60.5000,63.9248,3.4248,3.4248,0
orca [PBE0/def2-TZVP],orca,PBE0,def2-TZVP,13C,ethyl_acetate,carbonyl,[CH3][CH2]O,1,6,14,small (4-7 heavy atoms),11.2774,1.880,14.2000,16.2817,2.0817,2.0817,0
orca [PBE0/def2-TZVP],orca,PBE0,def2-TZVP,1H,ethyl_acetate,carbonyl,[CH3]C(=O)O,3,6,14,small (4-7 heavy atoms),11.3831,1.897,2.0400,2.0167,-0.0233,0.0233,0
orca [PBE0/def2-TZVP],orca,PBE0,def2-TZVP,1H,ethyl_acetate,carbonyl,[CH2]OC=O,2,6,14,small (4-7 heavy atoms),11.3831,1.897,4.1200,4.0273,-0.0927,0.0927,0
orca [PBE0/def2-TZVP],orca,PBE0,def2-TZVP,1H,ethyl_acetate,carbonyl,[CH3][CH2]O,3,6,14,small (4-7 heavy atoms),11.3831,1.897,1.2600,1.2333,-0.0267,0.0267,0
orca [PBE0/def2-TZVP],orca,PBE0,def2-TZVP,13C,benzaldehyde,carbonyl,[CX3H1]=O,1,8,14,medium (8-14 heavy atoms),14.6104,1.826,192.4000,201.6118,9.2118,9.2118,0
orca [PBE0/def2-TZVP],orca,PBE0,def2-TZVP,1H,benzaldehyde,carbonyl,[CX3H1]=O,1,8,14,medium (8-14 heavy atoms),14.6155,1.827,9.9900,10.5753,0.5853,0.5853,0
orca [PBE0/def2-TZVP],orca,PBE0,def2-TZVP,13C,dmf,carbonyl,[CX3H1]=O,1,5,12,small (4-7 heavy atoms),9.3569,1.871,162.6000,168.3057,5.7057,5.7057,0
orca [PBE0/def2-TZVP],orca,PBE0,def2-TZVP,1H,dmf,carbonyl,[CX3H1]=O,1,5,12,small (4-7 heavy atoms),9.4420,1.888,8.0200,8.2853,0.2653,0.2653,0
orca [PBE0/def2-TZVP],orca,PBE0,def2-TZVP,13C,acetic_acid,carboxylic_acid,[CH3],1,4,8,small (4-7 heavy atoms),6.5862,1.647,20.8000,19.5087,-1.2913,1.2913,0
orca [PBE0/def2-TZVP],orca,PBE0,def2-TZVP,13C,acetic_acid,carboxylic_acid,[CX3](=O)[OH],1,4,8,small (4-7 heavy atoms),6.5862,1.647,178.1000,180.5468,2.4468,2.4468,0
orca [PBE0/def2-TZVP],orca,PBE0,def2-TZVP,1H,acetic_acid,carboxylic_acid,[CH3],3,4,8,small (4-7 heavy atoms),6.6072,1.652,2.1000,2.0257,-0.0743,0.0743,0
orca [PBE0/def2-TZVP],orca,PBE0,def2-TZVP,1H,acetic_acid,carboxylic_acid,[OX2H][CX3]=O,1,4,8,small (4-7 heavy atoms),6.6072,1.652,11.4000,6.2013,-5.1987,5.1987,1
orca [PBE0/def2-TZVP],orca,PBE0,def2-TZVP,13C,formic_acid,carboxylic_acid,[CX3H1](=O)[OH],1,3,5,tiny (1-3 heavy atoms),4.7683,1.589,166.3000,170.0317,3.7317,3.7317,0
orca [PBE0/def2-TZVP],orca,PBE0,def2-TZVP,1H,formic_acid,carboxylic_acid,[CX3H1](=O)[OH],1,3,5,tiny (1-3 heavy atoms),4.7736,1.591,8.0800,8.1413,0.0613,0.0613,0
orca [PBE0/def2-TZVP],orca,PBE0,def2-TZVP,1H,formic_acid,carboxylic_acid,[OX2H][CX3]=O,1,3,5,tiny (1-3 heavy atoms),4.7736,1.591,11.0000,6.4453,-4.5547,4.5547,1
orca [PBE0/def2-TZVP],orca,PBE0,def2-TZVP,13C,benzoic_acid,carboxylic_acid,[CX3](=O)[OH],1,9,15,medium (8-14 heavy atoms),18.5947,2.066,172.6000,173.5397,0.9397,0.9397,0
orca [PBE0/def2-TZVP],orca,PBE0,def2-TZVP,1H,benzoic_acid,carboxylic_acid,[OX2H][CX3]=O,1,9,15,medium (8-14 heavy atoms),18.1391,2.015,12.0000,6.3223,-5.6777,5.6777,1
orca [PBE0/def2-TZVP],orca,PBE0,def2-TZVP,13C,chloroform,heteroatom_halogen,[CX4H1](Cl)(Cl)Cl,1,4,5,small (4-7 heavy atoms),5.6976,1.424,77.7000,104.6758,26.9758,26.9758,0
orca [PBE0/def2-TZVP],orca,PBE0,def2-TZVP,1H,chloroform,heteroatom_halogen,[CX4H1](Cl)(Cl)Cl,1,4,5,small (4-7 heavy atoms),5.6985,1.425,7.2600,7.6223,0.3623,0.3623,0
orca [PBE0/def2-TZVP],orca,PBE0,def2-TZVP,13C,dichloromethane,heteroatom_halogen,[CH2](Cl)Cl,1,3,5,tiny (1-3 heavy atoms),4.8138,1.605,53.5000,66.6718,13.1718,13.1718,0
orca [PBE0/def2-TZVP],orca,PBE0,def2-TZVP,1H,dichloromethane,heteroatom_halogen,[CH2](Cl)Cl,2,3,5,tiny (1-3 heavy atoms),4.7805,1.593,5.3000,5.4153,0.1153,0.1153,0
orca [PBE0/def2-TZVP],orca,PBE0,def2-TZVP,13C,methanol,heteroatom_halogen,[CH3]O,1,2,6,tiny (1-3 heavy atoms),4.5260,2.263,50.4000,53.9907,3.5907,3.5907,0
orca [PBE0/def2-TZVP],orca,PBE0,def2-TZVP,1H,methanol,heteroatom_halogen,[CH3]O,3,2,6,tiny (1-3 heavy atoms),4.4601,2.230,3.4000,3.5887,0.1887,0.1887,0
orca [PBE0/def2-TZVP],orca,PBE0,def2-TZVP,1H,methanol,heteroatom_halogen,[OH],1,2,6,tiny (1-3 heavy atoms),4.4601,2.230,2.0000,-0.3917,-2.3917,2.3917,1
orca [PBE0/def2-TZVP],orca,PBE0,def2-TZVP,13C,acetonitrile,heteroatom_halogen,[CH3]C#N,1,3,6,tiny (1-3 heavy atoms),4.4962,1.499,1.3000,2.4427,1.1427,1.1427,0
orca [PBE0/def2-TZVP],orca,PBE0,def2-TZVP,13C,acetonitrile,heteroatom_halogen,[CX2]#N,1,3,6,tiny (1-3 heavy atoms),4.4962,1.499,117.7000,121.7888,4.0888,4.0888,0
orca [PBE0/def2-TZVP],orca,PBE0,def2-TZVP,1H,acetonitrile,heteroatom_halogen,[CH3]C#N,3,3,6,tiny (1-3 heavy atoms),4.8415,1.614,2.0000,1.7860,-0.2140,0.2140,0
orca [PBE0/def2-TZVP],orca,PBE0,def2-TZVP,13C,dmso,heteroatom_halogen,[CH3],2,4,10,small (4-7 heavy atoms),7.7546,1.939,40.5000,43.0867,2.5867,2.5867,0
orca [PBE0/def2-TZVP],orca,PBE0,def2-TZVP,1H,dmso,heteroatom_halogen,[CH3],6,4,10,small (4-7 heavy atoms),7.7131,1.928,2.5000,2.1665,-0.3335,0.3335,0
orca [PBE0/def2-TZVP],orca,PBE0,def2-TZVP,13C,iodomethane,heteroatom_halogen,[CH3]I,1,2,5,tiny (1-3 heavy atoms),7.4939,3.747,-20.7000,3.8868,24.5868,24.5868,0
orca [PBE0/def2-TZVP],orca,PBE0,def2-TZVP,1H,iodomethane,heteroatom_halogen,[CH3]I,3,2,5,tiny (1-3 heavy atoms),7.1114,3.556,2.1600,1.9257,-0.2343,0.2343,0
orca [PBE0/def2-TZVP],orca,PBE0,def2-TZVP,13C,ethylene,conjugated_strained,[CH2]=[CH2],1,2,6,tiny (1-3 heavy atoms),4.0924,2.046,123.3000,132.8148,9.5148,9.5148,0
orca [PBE0/def2-TZVP],orca,PBE0,def2-TZVP,1H,ethylene,conjugated_strained,[CH2]=[CH2],2,2,6,tiny (1-3 heavy atoms),4.0591,2.030,5.4000,5.9283,0.5283,0.5283,0
orca [PBE0/def2-TZVP],orca,PBE0,def2-TZVP,13C,acetylene,conjugated_strained,[CH1]#[CH1],1,2,4,tiny (1-3 heavy atoms),3.4935,1.747,71.9000,74.2782,2.3782,2.3782,0
orca [PBE0/def2-TZVP],orca,PBE0,def2-TZVP,1H,acetylene,conjugated_strained,[CH1]#[CH1],1,2,4,tiny (1-3 heavy atoms),3.3611,1.681,1.8000,1.3483,-0.4517,0.4517,0
orca [PBE0/def2-TZVP],orca,PBE0,def2-TZVP,13C,cyclopropane,conjugated_strained,[CH2],3,3,9,tiny (1-3 heavy atoms),5.9365,1.979,-2.8000,-1.8413,0.9587,0.9587,0
orca [PBE0/def2-TZVP],orca,PBE0,def2-TZVP,1H,cyclopropane,conjugated_strained,[CH2],6,3,9,tiny (1-3 heavy atoms),5.9127,1.971,0.2200,0.2023,-0.0177,0.0177,0
orca [PBE0/def2-TZVP],orca,PBE0,def2-TZVP,13C,styrene,conjugated_strained,[CH2]=[CH],1,8,16,medium (8-14 heavy atoms),14.4084,1.801,113.2000,122.7588,9.5588,9.5588,0
orca [PBE0/def2-TZVP],orca,PBE0,def2-TZVP,13C,styrene,conjugated_strained,[CH1](=[CH2])c,1,8,16,medium (8-14 heavy atoms),14.4084,1.801,136.9000,149.1968,12.2968,12.2968,0
orca [PBE0/def2-TZVP],orca,PBE0,def2-TZVP,1H,styrene,conjugated_strained,[CH1](=[CH2])c,1,8,16,medium (8-14 heavy atoms),14.7917,1.849,6.7200,7.4643,0.7443,0.7443,0
orca [PBE0/def2-TZVP],orca,PBE0,def2-TZVP,13C,furan,conjugated_strained,[cH]o,2,5,9,small (4-7 heavy atoms),7.4737,1.495,142.7000,150.1483,7.4483,7.4483,0
orca [PBE0/def2-TZVP],orca,PBE0,def2-TZVP,13C,furan,conjugated_strained,[cH]co,2,5,9,small (4-7 heavy atoms),7.4737,1.495,109.6000,116.2613,6.6613,6.6613,0
orca [PBE0/def2-TZVP],orca,PBE0,def2-TZVP,1H,furan,conjugated_strained,[cH]o,2,5,9,small (4-7 heavy atoms),7.6178,1.524,7.4200,7.7998,0.3798,0.3798,0
orca [PBE0/def2-TZVP],orca,PBE0,def2-TZVP,1H,furan,conjugated_strained,[cH]co,2,5,9,small (4-7 heavy atoms),7.6178,1.524,6.3700,6.8198,0.4498,0.4498,0
orca [PBE0/def2-TZVP],orca,PBE0,def2-TZVP,13C,adamantane,larger,[CX4H2],6,10,26,medium (8-14 heavy atoms),28.8181,2.882,37.8000,41.1111,3.3111,3.3111,0
orca [PBE0/def2-TZVP],orca,PBE0,def2-TZVP,13C,adamantane,larger,[CX4H1],4,10,26,medium (8-14 heavy atoms),28.8181,2.882,28.3000,33.1508,4.8508,4.8508,0
orca [PBE0/def2-TZVP],orca,PBE0,def2-TZVP,1H,adamantane,larger,[CX4H2],12,10,26,medium (8-14 heavy atoms),28.9161,2.892,1.7200,1.8314,0.1114,0.1114,0
orca [PBE0/def2-TZVP],orca,PBE0,def2-TZVP,1H,adamantane,larger,[CX4H1],4,10,26,medium (8-14 heavy atoms),28.9161,2.892,2.0300,1.8371,-0.1929,0.1929,0
orca [PBE0/def2-TZVP],orca,PBE0,def2-TZVP,13C,camphor,larger,[CX3]=O,1,11,27,medium (8-14 heavy atoms),34.2580,3.114,217.9000,231.0888,13.1888,13.1888,0
orca [PBE0/def2-TZVP],orca,PBE0,def2-TZVP,13C,menthol,larger,[CX4H1][OH],1,11,31,medium (8-14 heavy atoms),33.3760,3.034,71.5000,75.2027,3.7027,3.7027,0
orca [PBE0/def2-TZVP],orca,PBE0,def2-TZVP,1H,menthol,larger,[OH],1,11,31,medium (8-14 heavy atoms),32.8309,2.985,1.6000,-0.7087,-2.3087,2.3087,1
orca [PBE0/def2-TZVP],orca,PBE0,def2-TZVP,13C,caffeine,larger,[cH],1,14,24,medium (8-14 heavy atoms),34.4517,2.461,141.6000,145.3048,3.7048,3.7048,0
orca [PBE0/def2-TZVP],orca,PBE0,def2-TZVP,1H,caffeine,larger,[cH],1,14,24,medium (8-14 heavy atoms),34.3910,2.456,7.5100,7.4993,-0.0107,0.0107,0
orca [PBE0/def2-TZVP],orca,PBE0,def2-TZVP,13C,ibuprofen,larger,[CX3](=O)[OH],1,15,33,large (15+ heavy atoms),53.5637,3.571,180.6000,186.0317,5.4317,5.4317,0
orca [PBE0/def2-TZVP],orca,PBE0,def2-TZVP,13C,ibuprofen,larger,[CH3]C([CH3])C,1,15,33,large (15+ heavy atoms),53.5637,3.571,22.4000,24.7172,2.3172,2.3172,0
orca [PBE0/def2-TZVP],orca,PBE0,def2-TZVP,1H,ibuprofen,larger,[CH3]C([CH3])C,3,15,33,large (15+ heavy atoms),54.5042,3.634,0.8900,0.9167,0.0267,0.0267,0
orca [PBE0/def2-TZVP],orca,PBE0,def2-TZVP,1H,ibuprofen,larger,[OX2H][CX3]=O,1,15,33,large (15+ heavy atoms),54.5042,3.634,11.5000,6.1743,-5.3257,5.3257,1
orca [PBE0/def2-TZVP],orca,PBE0,def2-TZVP,13C,anthracene,larger,[cH]([cH0])[cH0],2,14,24,medium (8-14 heavy atoms),34.4017,2.457,126.4000,134.2873,7.8873,7.8873,0
orca [PBE0/def2-TZVP],orca,PBE0,def2-TZVP,13C,anthracene,larger,[cH]([cH0])[cH],4,14,24,medium (8-14 heavy atoms),34.4017,2.457,128.4000,136.6173,8.2173,8.2173,0
orca [PBE0/def2-TZVP],orca,PBE0,def2-TZVP,13C,anthracene,larger,[cH]([cH])[cH],4,14,24,medium (8-14 heavy atoms),34.4017,2.457,125.5000,133.0835,7.5835,7.5835,0
orca [PBE0/def2-TZVP],orca,PBE0,def2-TZVP,13C,anthracene,larger,[cH0],4,14,24,medium (8-14 heavy atoms),34.4017,2.457,131.9000,134.6890,2.7890,2.7890,0
orca [PBE0/def2-TZVP],orca,PBE0,def2-TZVP,1H,anthracene,larger,[cH]([cH0])[cH0],2,14,24,medium (8-14 heavy atoms),34.4148,2.458,8.4300,8.9433,0.5133,0.5133,0
orca [PBE0/def2-TZVP],orca,PBE0,def2-TZVP,1H,anthracene,larger,[cH]([cH0])[cH],4,14,24,medium (8-14 heavy atoms),34.4148,2.458,8.0100,8.6688,0.6588,0.6588,0
orca [PBE0/def2-TZVP],orca,PBE0,def2-TZVP,1H,anthracene,larger,[cH]([cH])[cH],4,14,24,medium (8-14 heavy atoms),34.4148,2.458,7.4600,8.0903,0.6303,0.6303,0
orca [PBE0/def2-TZVP],orca,PBE0,def2-TZVP,13C,testosterone,larger,[CX3]=O,1,21,49,large (15+ heavy atoms),103.4714,4.927,199.4000,207.2337,7.8337,7.8337,0
orca [PBE0/def2-TZVP],orca,PBE0,def2-TZVP,13C,testosterone,larger,[CX3H0]=[CX3H1],1,21,49,large (15+ heavy atoms),103.4714,4.927,171.2000,177.7167,6.5167,6.5167,0
orca [PBE0/def2-TZVP],orca,PBE0,def2-TZVP,13C,testosterone,larger,[CX3H1]=[CX3],1,21,49,large (15+ heavy atoms),103.4714,4.927,123.8000,133.4878,9.6878,9.6878,0
orca [PBE0/def2-TZVP],orca,PBE0,def2-TZVP,13C,testosterone,larger,[CX4H1][OH],1,21,49,large (15+ heavy atoms),103.4714,4.927,81.6000,86.8098,5.2098,5.2098,0
orca [PBE0/def2-TZVP],orca,PBE0,def2-TZVP,1H,testosterone,larger,[CX3H1]=[CX3],1,21,49,large (15+ heavy atoms),104.7494,4.988,5.7200,6.2093,0.4893,0.4893,0
orca [PBE0/def2-TZVP],orca,PBE0,def2-TZVP,1H,testosterone,larger,[CX4H1][OH],1,21,49,large (15+ heavy atoms),104.7494,4.988,3.6500,4.0583,0.4083,0.4083,0
orca [PBE0/def2-TZVP],orca,PBE0,def2-TZVP,1H,testosterone,larger,[OH],1,21,49,large (15+ heavy atoms),104.7494,4.988,1.6000,0.4223,-1.1777,1.1777,1
orca [PBE0/def2-TZVP],orca,PBE0,def2-TZVP,13C,cholesterol,larger,[CX3H0]=[CX3H1],1,28,74,large (15+ heavy atoms),184.0992,6.575,140.8000,151.3537,10.5537,10.5537,0
orca [PBE0/def2-TZVP],orca,PBE0,def2-TZVP,13C,cholesterol,larger,[CX3H1]=[CX3],1,28,74,large (15+ heavy atoms),184.0992,6.575,121.7000,132.6467,10.9467,10.9467,0
orca [PBE0/def2-TZVP],orca,PBE0,def2-TZVP,13C,cholesterol,larger,[CX4H1][OH],1,28,74,large (15+ heavy atoms),184.0992,6.575,71.8000,76.8718,5.0718,5.0718,0
orca [PBE0/def2-TZVP],orca,PBE0,def2-TZVP,1H,cholesterol,larger,[CX3H1]=[CX3],1,28,74,large (15+ heavy atoms),188.8188,6.744,5.3500,5.8743,0.5243,0.5243,0
orca [PBE0/def2-TZVP],orca,PBE0,def2-TZVP,1H,cholesterol,larger,[CX4H1][OH],1,28,74,large (15+ heavy atoms),188.8188,6.744,3.5200,3.5883,0.0683,0.0683,0
orca [PBE0/def2-TZVP],orca,PBE0,def2-TZVP,1H,cholesterol,larger,[OH],1,28,74,large (15+ heavy atoms),188.8188,6.744,1.6000,0.4433,-1.1567,1.1567,1
orca [B3LYP/pcSseg-1],orca,B3LYP,pcSseg-1,13C,methane,aliphatic,[CH4],1,1,5,tiny (1-3 heavy atoms),2.8083,2.808,-2.3000,-4.9108,-2.6108,2.6108,0
orca [B3LYP/pcSseg-1],orca,B3LYP,pcSseg-1,1H,methane,aliphatic,[CH4],4,1,5,tiny (1-3 heavy atoms),2.4953,2.495,0.2300,0.4036,0.1736,0.1736,0
orca [B3LYP/pcSseg-1],orca,B3LYP,pcSseg-1,13C,ethane,aliphatic,[CH3],2,2,8,tiny (1-3 heavy atoms),3.9478,1.974,5.7000,10.6623,4.9623,4.9623,0
orca [B3LYP/pcSseg-1],orca,B3LYP,pcSseg-1,1H,ethane,aliphatic,[CH3],6,2,8,tiny (1-3 heavy atoms),3.8883,1.944,0.8600,1.0363,0.1763,0.1763,0
orca [B3LYP/pcSseg-1],orca,B3LYP,pcSseg-1,13C,cyclohexane,aliphatic,[CH2],6,6,18,small (4-7 heavy atoms),9.9758,1.663,27.0000,30.3321,3.3321,3.3321,0
orca [B3LYP/pcSseg-1],orca,B3LYP,pcSseg-1,1H,cyclohexane,aliphatic,[CH2],12,6,18,small (4-7 heavy atoms),9.8144,1.636,1.4300,1.4056,-0.0244,0.0244,0
orca [B3LYP/pcSseg-1],orca,B3LYP,pcSseg-1,13C,ethanol,aliphatic,[CH3],1,3,9,tiny (1-3 heavy atoms),4.8990,1.633,18.4000,19.0362,0.6362,0.6362,0
orca [B3LYP/pcSseg-1],orca,B3LYP,pcSseg-1,13C,ethanol,aliphatic,[CH2][OH],1,3,9,tiny (1-3 heavy atoms),4.8990,1.633,58.0000,64.2403,6.2403,6.2403,0
orca [B3LYP/pcSseg-1],orca,B3LYP,pcSseg-1,1H,ethanol,aliphatic,[CH3],3,3,9,tiny (1-3 heavy atoms),4.9144,1.638,1.1800,1.2969,0.1169,0.1169,0
orca [B3LYP/pcSseg-1],orca,B3LYP,pcSseg-1,1H,ethanol,aliphatic,[CH2][OH],2,3,9,tiny (1-3 heavy atoms),4.9144,1.638,3.6900,3.9126,0.2226,0.2226,0
orca [B3LYP/pcSseg-1],orca,B3LYP,pcSseg-1,1H,ethanol,aliphatic,[OH],1,3,9,tiny (1-3 heavy atoms),4.9144,1.638,2.6000,0.5886,-2.0114,2.0114,1
orca [B3LYP/pcSseg-1],orca,B3LYP,pcSseg-1,13C,isopropanol,aliphatic,[CH3],2,4,12,small (4-7 heavy atoms),6.0854,1.521,25.3000,27.5093,2.2093,2.2093,0
orca [B3LYP/pcSseg-1],orca,B3LYP,pcSseg-1,13C,isopropanol,aliphatic,[CH1][OH],1,4,12,small (4-7 heavy atoms),6.0854,1.521,64.0000,69.4963,5.4963,5.4963,0
orca [B3LYP/pcSseg-1],orca,B3LYP,pcSseg-1,1H,isopropanol,aliphatic,[CH3],6,4,12,small (4-7 heavy atoms),5.9829,1.496,1.1800,1.2058,0.0258,0.0258,0
orca [B3LYP/pcSseg-1],orca,B3LYP,pcSseg-1,1H,isopropanol,aliphatic,[CH1][OH],1,4,12,small (4-7 heavy atoms),5.9829,1.496,4.0100,3.9646,-0.0454,0.0454,0
orca [B3LYP/pcSseg-1],orca,B3LYP,pcSseg-1,1H,isopropanol,aliphatic,[OH],1,4,12,small (4-7 heavy atoms),5.9829,1.496,2.2000,0.5236,-1.6764,1.6764,1
orca [B3LYP/pcSseg-1],orca,B3LYP,pcSseg-1,13C,tert_butanol,aliphatic,[CH3],3,5,15,small (4-7 heavy atoms),7.6253,1.525,31.2000,33.4629,2.2629,2.2629,0
orca [B3LYP/pcSseg-1],orca,B3LYP,pcSseg-1,13C,tert_butanol,aliphatic,[CX4]([CH3])([CH3])([CH3])[OH],1,5,15,small (4-7 heavy atoms),7.6253,1.525,69.0000,71.6532,2.6532,2.6532,0
orca [B3LYP/pcSseg-1],orca,B3LYP,pcSseg-1,1H,tert_butanol,aliphatic,[CH3],9,5,15,small (4-7 heavy atoms),7.5920,1.518,1.2200,1.2748,0.0548,0.0548,0
orca [B3LYP/pcSseg-1],orca,B3LYP,pcSseg-1,1H,tert_butanol,aliphatic,[OH],1,5,15,small (4-7 heavy atoms),7.5920,1.518,2.2000,0.1816,-2.0184,2.0184,1
orca [B3LYP/pcSseg-1],orca,B3LYP,pcSseg-1,13C,neopentane,aliphatic,[CH3],4,5,17,small (4-7 heavy atoms),10.0289,2.006,31.7000,33.7545,2.0545,2.0545,0
orca [B3LYP/pcSseg-1],orca,B3LYP,pcSseg-1,13C,neopentane,aliphatic,[CX4]([CH3])([CH3])([CH3])[CH3],1,5,17,small (4-7 heavy atoms),10.0289,2.006,27.9000,32.1672,4.2672,4.2672,0
orca [B3LYP/pcSseg-1],orca,B3LYP,pcSseg-1,1H,neopentane,aliphatic,[CH3],12,5,17,small (4-7 heavy atoms),10.3521,2.070,0.9200,1.0358,0.1158,0.1158,0
orca [B3LYP/pcSseg-1],orca,B3LYP,pcSseg-1,13C,benzene,aromatic,[cH],6,6,12,small (4-7 heavy atoms),7.0977,1.183,128.5000,135.7097,7.2097,7.2097,0
orca [B3LYP/pcSseg-1],orca,B3LYP,pcSseg-1,1H,benzene,aromatic,[cH],6,6,12,small (4-7 heavy atoms),6.9986,1.166,7.2600,7.5033,0.2433,0.2433,0
orca [B3LYP/pcSseg-1],orca,B3LYP,pcSseg-1,13C,p_xylene,aromatic,[CH3],2,8,18,medium (8-14 heavy atoms),11.4830,1.435,20.9000,24.0877,3.1877,3.1877,0
orca [B3LYP/pcSseg-1],orca,B3LYP,pcSseg-1,13C,p_xylene,aromatic,[cH],4,8,18,medium (8-14 heavy atoms),11.4830,1.435,129.0000,136.8363,7.8363,7.8363,0
orca [B3LYP/pcSseg-1],orca,B3LYP,pcSseg-1,13C,p_xylene,aromatic,[c]([CH3]),2,8,18,medium (8-14 heavy atoms),11.4830,1.435,134.7000,142.5048,7.8048,7.8048,0
orca [B3LYP/pcSseg-1],orca,B3LYP,pcSseg-1,1H,p_xylene,aromatic,[CH3],6,8,18,medium (8-14 heavy atoms),11.4777,1.435,2.3000,2.4336,0.1336,0.1336,0
orca [B3LYP/pcSseg-1],orca,B3LYP,pcSseg-1,1H,p_xylene,aromatic,[cH],4,8,18,medium (8-14 heavy atoms),11.4777,1.435,7.0500,7.2986,0.2486,0.2486,0
orca [B3LYP/pcSseg-1],orca,B3LYP,pcSseg-1,13C,mesitylene,aromatic,[CH3],3,9,21,medium (8-14 heavy atoms),12.2465,1.361,21.2000,24.2486,3.0486,3.0486,0
orca [B3LYP/pcSseg-1],orca,B3LYP,pcSseg-1,13C,mesitylene,aromatic,[cH],3,9,21,medium (8-14 heavy atoms),12.2465,1.361,126.2000,133.9772,7.7772,7.7772,0
orca [B3LYP/pcSseg-1],orca,B3LYP,pcSseg-1,13C,mesitylene,aromatic,[c]([CH3]),3,9,21,medium (8-14 heavy atoms),12.2465,1.361,137.6000,147.0226,9.4226,9.4226,0
orca [B3LYP/pcSseg-1],orca,B3LYP,pcSseg-1,1H,mesitylene,aromatic,[CH3],9,9,21,medium (8-14 heavy atoms),12.2555,1.362,2.2500,2.4245,0.1745,0.1745,0
orca [B3LYP/pcSseg-1],orca,B3LYP,pcSseg-1,1H,mesitylene,aromatic,[cH],3,9,21,medium (8-14 heavy atoms),12.2555,1.362,6.7800,7.0133,0.2333,0.2333,0
orca [B3LYP/pcSseg-1],orca,B3LYP,pcSseg-1,13C,pyridine,aromatic,[cH]n,2,6,11,small (4-7 heavy atoms),6.8265,1.138,149.9000,160.8773,10.9773,10.9773,0
orca [B3LYP/pcSseg-1],orca,B3LYP,pcSseg-1,13C,pyridine,aromatic,[cH]cn,2,6,11,small (4-7 heavy atoms),6.8265,1.138,123.8000,128.2577,4.4577,4.4577,0
orca [B3LYP/pcSseg-1],orca,B3LYP,pcSseg-1,13C,pyridine,aromatic,[cH]ccn,1,6,11,small (4-7 heavy atoms),6.8265,1.138,136.0000,141.7022,5.7022,5.7022,0
orca [B3LYP/pcSseg-1],orca,B3LYP,pcSseg-1,1H,pyridine,aromatic,[cH]n,2,6,11,small (4-7 heavy atoms),6.7053,1.118,8.6000,8.8901,0.2901,0.2901,0
orca [B3LYP/pcSseg-1],orca,B3LYP,pcSseg-1,1H,pyridine,aromatic,[cH]cn,2,6,11,small (4-7 heavy atoms),6.7053,1.118,7.2500,7.2191,-0.0309,0.0309,0
orca [B3LYP/pcSseg-1],orca,B3LYP,pcSseg-1,1H,pyridine,aromatic,[cH]ccn,1,6,11,small (4-7 heavy atoms),6.7053,1.118,7.6500,7.6516,0.0016,0.0016,0
orca [B3LYP/pcSseg-1],orca,B3LYP,pcSseg-1,13C,naphthalene,aromatic,[cH][cH0],4,10,18,medium (8-14 heavy atoms),11.9393,1.194,127.9000,136.3425,8.4425,8.4425,0
orca [B3LYP/pcSseg-1],orca,B3LYP,pcSseg-1,13C,naphthalene,aromatic,[cH]([cH])[cH],4,10,18,medium (8-14 heavy atoms),11.9393,1.194,125.8000,134.3173,8.5173,8.5173,0
orca [B3LYP/pcSseg-1],orca,B3LYP,pcSseg-1,13C,naphthalene,aromatic,[cH0],2,10,18,medium (8-14 heavy atoms),11.9393,1.194,133.5000,135.1552,1.6552,1.6552,0
orca [B3LYP/pcSseg-1],orca,B3LYP,pcSseg-1,1H,naphthalene,aromatic,[cH][cH0],4,10,18,medium (8-14 heavy atoms),11.9529,1.195,7.8400,8.0476,0.2076,0.2076,0
orca [B3LYP/pcSseg-1],orca,B3LYP,pcSseg-1,1H,naphthalene,aromatic,[cH]([cH])[cH],4,10,18,medium (8-14 heavy atoms),11.9529,1.195,7.4600,7.7581,0.2981,0.2981,0
orca [B3LYP/pcSseg-1],orca,B3LYP,pcSseg-1,13C,acetone,carbonyl,[CH3],2,4,10,small (4-7 heavy atoms),5.7044,1.426,30.9000,32.1273,1.2273,1.2273,0
orca [B3LYP/pcSseg-1],orca,B3LYP,pcSseg-1,13C,acetone,carbonyl,[CX3]=O,1,4,10,small (4-7 heavy atoms),5.7044,1.426,206.0000,217.5683,11.5683,11.5683,0
orca [B3LYP/pcSseg-1],orca,B3LYP,pcSseg-1,1H,acetone,carbonyl,[CH3],6,4,10,small (4-7 heavy atoms),5.7551,1.439,2.1700,2.1311,-0.0389,0.0389,0
orca [B3LYP/pcSseg-1],orca,B3LYP,pcSseg-1,13C,acetaldehyde,carbonyl,[CH3],1,3,7,tiny (1-3 heavy atoms),4.0315,1.344,30.9000,35.2922,4.3922,4.3922,0
orca [B3LYP/pcSseg-1],orca,B3LYP,pcSseg-1,13C,acetaldehyde,carbonyl,[CX3H1]=O,1,3,7,tiny (1-3 heavy atoms),4.0315,1.344,199.6000,211.3953,11.7953,11.7953,0
orca [B3LYP/pcSseg-1],orca,B3LYP,pcSseg-1,1H,acetaldehyde,carbonyl,[CH3],3,3,7,tiny (1-3 heavy atoms),3.9406,1.314,2.2000,2.1549,-0.0451,0.0451,0
orca [B3LYP/pcSseg-1],orca,B3LYP,pcSseg-1,1H,acetaldehyde,carbonyl,[CX3H1]=O,1,3,7,tiny (1-3 heavy atoms),3.9406,1.314,9.7900,10.0606,0.2706,0.2706,0
orca [B3LYP/pcSseg-1],orca,B3LYP,pcSseg-1,13C,ethyl_acetate,carbonyl,[CH3]C(=O)O,1,6,14,small (4-7 heavy atoms),8.2521,1.375,21.0000,23.6662,2.6662,2.6662,0
orca [B3LYP/pcSseg-1],orca,B3LYP,pcSseg-1,13C,ethyl_acetate,carbonyl,[CX3](=O)O,1,6,14,small (4-7 heavy atoms),8.2521,1.375,171.0000,183.8963,12.8963,12.8963,0
orca [B3LYP/pcSseg-1],orca,B3LYP,pcSseg-1,13C,ethyl_acetate,carbonyl,[CH2]OC=O,1,6,14,small (4-7 heavy atoms),8.2521,1.375,60.5000,65.0152,4.5152,4.5152,0
orca [B3LYP/pcSseg-1],orca,B3LYP,pcSseg-1,13C,ethyl_acetate,carbonyl,[CH3][CH2]O,1,6,14,small (4-7 heavy atoms),8.2521,1.375,14.2000,17.2603,3.0603,3.0603,0
orca [B3LYP/pcSseg-1],orca,B3LYP,pcSseg-1,1H,ethyl_acetate,carbonyl,[CH3]C(=O)O,3,6,14,small (4-7 heavy atoms),8.1247,1.354,2.0400,2.0949,0.0549,0.0549,0
orca [B3LYP/pcSseg-1],orca,B3LYP,pcSseg-1,1H,ethyl_acetate,carbonyl,[CH2]OC=O,2,6,14,small (4-7 heavy atoms),8.1247,1.354,4.1200,4.0021,-0.1179,0.1179,0
orca [B3LYP/pcSseg-1],orca,B3LYP,pcSseg-1,1H,ethyl_acetate,carbonyl,[CH3][CH2]O,3,6,14,small (4-7 heavy atoms),8.1247,1.354,1.2600,1.3533,0.0933,0.0933,0
orca [B3LYP/pcSseg-1],orca,B3LYP,pcSseg-1,13C,benzaldehyde,carbonyl,[CX3H1]=O,1,8,14,medium (8-14 heavy atoms),9.5366,1.192,192.4000,201.2322,8.8322,8.8322,0
orca [B3LYP/pcSseg-1],orca,B3LYP,pcSseg-1,1H,benzaldehyde,carbonyl,[CX3H1]=O,1,8,14,medium (8-14 heavy atoms),9.5660,1.196,9.9900,10.1216,0.1316,0.1316,0
orca [B3LYP/pcSseg-1],orca,B3LYP,pcSseg-1,13C,dmf,carbonyl,[CX3H1]=O,1,5,12,small (4-7 heavy atoms),6.8615,1.372,162.6000,168.3613,5.7613,5.7613,0
orca [B3LYP/pcSseg-1],orca,B3LYP,pcSseg-1,1H,dmf,carbonyl,[CX3H1]=O,1,5,12,small (4-7 heavy atoms),6.9734,1.395,8.0200,7.9876,-0.0324,0.0324,0
orca [B3LYP/pcSseg-1],orca,B3LYP,pcSseg-1,13C,acetic_acid,carboxylic_acid,[CH3],1,4,8,small (4-7 heavy atoms),5.0802,1.270,20.8000,20.1902,-0.6098,0.6098,0
orca [B3LYP/pcSseg-1],orca,B3LYP,pcSseg-1,13C,acetic_acid,carboxylic_acid,[CX3](=O)[OH],1,4,8,small (4-7 heavy atoms),5.0802,1.270,178.1000,180.6743,2.5743,2.5743,0
orca [B3LYP/pcSseg-1],orca,B3LYP,pcSseg-1,1H,acetic_acid,carboxylic_acid,[CH3],3,4,8,small (4-7 heavy atoms),4.9933,1.248,2.1000,2.1246,0.0246,0.0246,0
orca [B3LYP/pcSseg-1],orca,B3LYP,pcSseg-1,1H,acetic_acid,carboxylic_acid,[OX2H][CX3]=O,1,4,8,small (4-7 heavy atoms),4.9933,1.248,11.4000,6.3076,-5.0924,5.0924,1
orca [B3LYP/pcSseg-1],orca,B3LYP,pcSseg-1,13C,formic_acid,carboxylic_acid,[CX3H1](=O)[OH],1,3,5,tiny (1-3 heavy atoms),3.5429,1.181,166.3000,170.2823,3.9823,3.9823,0
orca [B3LYP/pcSseg-1],orca,B3LYP,pcSseg-1,1H,formic_acid,carboxylic_acid,[CX3H1](=O)[OH],1,3,5,tiny (1-3 heavy atoms),3.5232,1.174,8.0800,7.9306,-0.1494,0.1494,0
orca [B3LYP/pcSseg-1],orca,B3LYP,pcSseg-1,1H,formic_acid,carboxylic_acid,[OX2H][CX3]=O,1,3,5,tiny (1-3 heavy atoms),3.5232,1.174,11.0000,6.6196,-4.3804,4.3804,1
orca [B3LYP/pcSseg-1],orca,B3LYP,pcSseg-1,13C,benzoic_acid,carboxylic_acid,[CX3](=O)[OH],1,9,15,medium (8-14 heavy atoms),10.0280,1.114,172.6000,174.0163,1.4163,1.4163,0
orca [B3LYP/pcSseg-1],orca,B3LYP,pcSseg-1,1H,benzoic_acid,carboxylic_acid,[OX2H][CX3]=O,1,9,15,medium (8-14 heavy atoms),10.0211,1.113,12.0000,6.4586,-5.5414,5.5414,1
orca [B3LYP/pcSseg-1],orca,B3LYP,pcSseg-1,13C,chloroform,heteroatom_halogen,[CX4H1](Cl)(Cl)Cl,1,4,5,small (4-7 heavy atoms),4.1568,1.039,77.7000,109.2272,31.5272,31.5272,0
orca [B3LYP/pcSseg-1],orca,B3LYP,pcSseg-1,1H,chloroform,heteroatom_halogen,[CX4H1](Cl)(Cl)Cl,1,4,5,small (4-7 heavy atoms),4.2122,1.053,7.2600,7.5006,0.2406,0.2406,0
orca [B3LYP/pcSseg-1],orca,B3LYP,pcSseg-1,13C,dichloromethane,heteroatom_halogen,[CH2](Cl)Cl,1,3,5,tiny (1-3 heavy atoms),4.1866,1.396,53.5000,70.2032,16.7032,16.7032,0
orca [B3LYP/pcSseg-1],orca,B3LYP,pcSseg-1,1H,dichloromethane,heteroatom_halogen,[CH2](Cl)Cl,2,3,5,tiny (1-3 heavy atoms),4.3487,1.450,5.3000,5.4076,0.1076,0.1076,0
orca [B3LYP/pcSseg-1],orca,B3LYP,pcSseg-1,13C,methanol,heteroatom_halogen,[CH3]O,1,2,6,tiny (1-3 heavy atoms),3.5080,1.754,50.4000,55.7272,5.3272,5.3272,0
orca [B3LYP/pcSseg-1],orca,B3LYP,pcSseg-1,1H,methanol,heteroatom_halogen,[CH3]O,3,2,6,tiny (1-3 heavy atoms),3.4473,1.724,3.4000,3.7346,0.3346,0.3346,0
orca [B3LYP/pcSseg-1],orca,B3LYP,pcSseg-1,1H,methanol,heteroatom_halogen,[OH],1,2,6,tiny (1-3 heavy atoms),3.4473,1.724,2.0000,-0.2344,-2.2344,2.2344,1
orca [B3LYP/pcSseg-1],orca,B3LYP,pcSseg-1,13C,acetonitrile,heteroatom_halogen,[CH3]C#N,1,3,6,tiny (1-3 heavy atoms),3.6605,1.220,1.3000,2.4532,1.1532,1.1532,0
orca [B3LYP/pcSseg-1],orca,B3LYP,pcSseg-1,13C,acetonitrile,heteroatom_halogen,[CX2]#N,1,3,6,tiny (1-3 heavy atoms),3.6605,1.220,117.7000,120.2392,2.5392,2.5392,0
orca [B3LYP/pcSseg-1],orca,B3LYP,pcSseg-1,1H,acetonitrile,heteroatom_halogen,[CH3]C#N,3,3,6,tiny (1-3 heavy atoms),3.5938,1.198,2.0000,1.8793,-0.1207,0.1207,0
orca [B3LYP/pcSseg-1],orca,B3LYP,pcSseg-1,13C,dmso,heteroatom_halogen,[CH3],2,4,10,small (4-7 heavy atoms),6.1128,1.528,40.5000,44.6472,4.1472,4.1472,0
orca [B3LYP/pcSseg-1],orca,B3LYP,pcSseg-1,1H,dmso,heteroatom_halogen,[CH3],6,4,10,small (4-7 heavy atoms),6.0633,1.516,2.5000,2.1726,-0.3274,0.3274,0
orca [B3LYP/pcSseg-1],orca,B3LYP,pcSseg-1,13C,ethylene,conjugated_strained,[CH2]=[CH2],1,2,6,tiny (1-3 heavy atoms),3.5365,1.768,123.3000,133.8862,10.5862,10.5862,0
orca [B3LYP/pcSseg-1],orca,B3LYP,pcSseg-1,1H,ethylene,conjugated_strained,[CH2]=[CH2],2,2,6,tiny (1-3 heavy atoms),3.5238,1.762,5.4000,5.7906,0.3906,0.3906,0
orca [B3LYP/pcSseg-1],orca,B3LYP,pcSseg-1,13C,acetylene,conjugated_strained,[CH1]#[CH1],1,2,4,tiny (1-3 heavy atoms),2.7092,1.355,71.9000,73.4343,1.5343,1.5343,0
orca [B3LYP/pcSseg-1],orca,B3LYP,pcSseg-1,1H,acetylene,conjugated_strained,[CH1]#[CH1],1,2,4,tiny (1-3 heavy atoms),2.4180,1.209,1.8000,1.3386,-0.4614,0.4614,0
orca [B3LYP/pcSseg-1],orca,B3LYP,pcSseg-1,13C,cyclopropane,conjugated_strained,[CH2],3,3,9,tiny (1-3 heavy atoms),4.4980,1.499,-2.8000,-1.4027,1.3973,1.3973,0
orca [B3LYP/pcSseg-1],orca,B3LYP,pcSseg-1,1H,cyclopropane,conjugated_strained,[CH2],6,3,9,tiny (1-3 heavy atoms),4.4184,1.473,0.2200,0.2053,-0.0147,0.0147,0
orca [B3LYP/pcSseg-1],orca,B3LYP,pcSseg-1,13C,styrene,conjugated_strained,[CH2]=[CH],1,8,16,medium (8-14 heavy atoms),9.2235,1.153,113.2000,123.8953,10.6953,10.6953,0
orca [B3LYP/pcSseg-1],orca,B3LYP,pcSseg-1,13C,styrene,conjugated_strained,[CH1](=[CH2])c,1,8,16,medium (8-14 heavy atoms),9.2235,1.153,136.9000,150.1322,13.2322,13.2322,0
orca [B3LYP/pcSseg-1],orca,B3LYP,pcSseg-1,1H,styrene,conjugated_strained,[CH1](=[CH2])c,1,8,16,medium (8-14 heavy atoms),9.0768,1.135,6.7200,7.0806,0.3606,0.3606,0
orca [B3LYP/pcSseg-1],orca,B3LYP,pcSseg-1,13C,furan,conjugated_strained,[cH]o,2,5,9,small (4-7 heavy atoms),5.6415,1.128,142.7000,151.8238,9.1238,9.1238,0
orca [B3LYP/pcSseg-1],orca,B3LYP,pcSseg-1,13C,furan,conjugated_strained,[cH]co,2,5,9,small (4-7 heavy atoms),5.6415,1.128,109.6000,117.5733,7.9733,7.9733,0
orca [B3LYP/pcSseg-1],orca,B3LYP,pcSseg-1,1H,furan,conjugated_strained,[cH]o,2,5,9,small (4-7 heavy atoms),5.5705,1.114,7.4200,7.6186,0.1986,0.1986,0
orca [B3LYP/pcSseg-1],orca,B3LYP,pcSseg-1,1H,furan,conjugated_strained,[cH]co,2,5,9,small (4-7 heavy atoms),5.5705,1.114,6.3700,6.6551,0.2851,0.2851,0
orca [B3LYP/pcSseg-1],orca,B3LYP,pcSseg-1,13C,adamantane,larger,[CX4H2],6,10,26,medium (8-14 heavy atoms),15.8716,1.587,37.8000,42.5141,4.7141,4.7141,0
orca [B3LYP/pcSseg-1],orca,B3LYP,pcSseg-1,13C,adamantane,larger,[CX4H1],4,10,26,medium (8-14 heavy atoms),15.8716,1.587,28.3000,34.1897,5.8897,5.8897,0
orca [B3LYP/pcSseg-1],orca,B3LYP,pcSseg-1,1H,adamantane,larger,[CX4H2],12,10,26,medium (8-14 heavy atoms),15.9789,1.598,1.7200,1.7534,0.0334,0.0334,0
orca [B3LYP/pcSseg-1],orca,B3LYP,pcSseg-1,1H,adamantane,larger,[CX4H1],4,10,26,medium (8-14 heavy atoms),15.9789,1.598,2.0300,1.6698,-0.3602,0.3602,0
orca [B3LYP/pcSseg-1],orca,B3LYP,pcSseg-1,13C,camphor,larger,[CX3]=O,1,11,27,medium (8-14 heavy atoms),18.0957,1.645,217.9000,232.8522,14.9522,14.9522,0
orca [B3LYP/pcSseg-1],orca,B3LYP,pcSseg-1,13C,menthol,larger,[CX4H1][OH],1,11,31,medium (8-14 heavy atoms),20.9372,1.903,71.5000,76.2452,4.7452,4.7452,0
orca [B3LYP/pcSseg-1],orca,B3LYP,pcSseg-1,1H,menthol,larger,[OH],1,11,31,medium (8-14 heavy atoms),20.8850,1.899,1.6000,-0.5944,-2.1944,2.1944,1
orca [B3LYP/pcSseg-1],orca,B3LYP,pcSseg-1,13C,caffeine,larger,[cH],1,14,24,medium (8-14 heavy atoms),18.3366,1.310,141.6000,146.0853,4.4853,4.4853,0
orca [B3LYP/pcSseg-1],orca,B3LYP,pcSseg-1,1H,caffeine,larger,[cH],1,14,24,medium (8-14 heavy atoms),18.5338,1.324,7.5100,7.2336,-0.2764,0.2764,0
orca [B3LYP/pcSseg-1],orca,B3LYP,pcSseg-1,13C,ibuprofen,larger,[CX3](=O)[OH],1,15,33,large (15+ heavy atoms),30.8301,2.055,180.6000,187.1943,6.5943,6.5943,0
orca [B3LYP/pcSseg-1],orca,B3LYP,pcSseg-1,13C,ibuprofen,larger,[CH3]C([CH3])C,1,15,33,large (15+ heavy atoms),30.8301,2.055,22.4000,25.6663,3.2663,3.2663,0
orca [B3LYP/pcSseg-1],orca,B3LYP,pcSseg-1,1H,ibuprofen,larger,[CH3]C([CH3])C,3,15,33,large (15+ heavy atoms),30.2501,2.017,0.8900,0.9903,0.1003,0.1003,0
orca [B3LYP/pcSseg-1],orca,B3LYP,pcSseg-1,1H,ibuprofen,larger,[OX2H][CX3]=O,1,15,33,large (15+ heavy atoms),30.2501,2.017,11.5000,6.2986,-5.2014,5.2014,1
orca [B3LYP/pcSseg-1],orca,B3LYP,pcSseg-1,13C,anthracene,larger,[cH]([cH0])[cH0],2,14,24,medium (8-14 heavy atoms),16.7783,1.198,126.4000,134.8913,8.4913,8.4913,0
orca [B3LYP/pcSseg-1],orca,B3LYP,pcSseg-1,13C,anthracene,larger,[cH]([cH0])[cH],4,14,24,medium (8-14 heavy atoms),16.7783,1.198,128.4000,137.2192,8.8192,8.8192,0
orca [B3LYP/pcSseg-1],orca,B3LYP,pcSseg-1,13C,anthracene,larger,[cH]([cH])[cH],4,14,24,medium (8-14 heavy atoms),16.7783,1.198,125.5000,134.3212,8.8212,8.8212,0
orca [B3LYP/pcSseg-1],orca,B3LYP,pcSseg-1,13C,anthracene,larger,[cH0],4,14,24,medium (8-14 heavy atoms),16.7783,1.198,131.9000,134.1337,2.2337,2.2337,0
orca [B3LYP/pcSseg-1],orca,B3LYP,pcSseg-1,1H,anthracene,larger,[cH]([cH0])[cH0],2,14,24,medium (8-14 heavy atoms),16.6683,1.191,8.4300,8.5746,0.1446,0.1446,0
orca [B3LYP/pcSseg-1],orca,B3LYP,pcSseg-1,1H,anthracene,larger,[cH]([cH0])[cH],4,14,24,medium (8-14 heavy atoms),16.6683,1.191,8.0100,8.3156,0.3056,0.3056,0
orca [B3LYP/pcSseg-1],orca,B3LYP,pcSseg-1,1H,anthracene,larger,[cH]([cH])[cH],4,14,24,medium (8-14 heavy atoms),16.6683,1.191,7.4600,7.8441,0.3841,0.3841,0
orca [B3LYP/pcSseg-1],orca,B3LYP,pcSseg-1,13C,testosterone,larger,[CX3]=O,1,21,49,large (15+ heavy atoms),53.9162,2.567,199.4000,207.4222,8.0222,8.0222,0
orca [B3LYP/pcSseg-1],orca,B3LYP,pcSseg-1,13C,testosterone,larger,[CX3H0]=[CX3H1],1,21,49,large (15+ heavy atoms),53.9162,2.567,171.2000,178.5733,7.3733,7.3733,0
orca [B3LYP/pcSseg-1],orca,B3LYP,pcSseg-1,13C,testosterone,larger,[CX3H1]=[CX3],1,21,49,large (15+ heavy atoms),53.9162,2.567,123.8000,134.7533,10.9533,10.9533,0
orca [B3LYP/pcSseg-1],orca,B3LYP,pcSseg-1,13C,testosterone,larger,[CX4H1][OH],1,21,49,large (15+ heavy atoms),53.9162,2.567,81.6000,88.5803,6.9803,6.9803,0
orca [B3LYP/pcSseg-1],orca,B3LYP,pcSseg-1,1H,testosterone,larger,[CX3H1]=[CX3],1,21,49,large (15+ heavy atoms),54.7874,2.609,5.7200,6.0206,0.3006,0.3006,0
orca [B3LYP/pcSseg-1],orca,B3LYP,pcSseg-1,1H,testosterone,larger,[CX4H1][OH],1,21,49,large (15+ heavy atoms),54.7874,2.609,3.6500,3.9646,0.3146,0.3146,0
orca [B3LYP/pcSseg-1],orca,B3LYP,pcSseg-1,1H,testosterone,larger,[OH],1,21,49,large (15+ heavy atoms),54.7874,2.609,1.6000,0.6236,-0.9764,0.9764,1
orca [B3LYP/pcSseg-1],orca,B3LYP,pcSseg-1,13C,cholesterol,larger,[CX3H0]=[CX3H1],1,28,74,large (15+ heavy atoms),78.2012,2.793,140.8000,152.0532,11.2532,11.2532,0
orca [B3LYP/pcSseg-1],orca,B3LYP,pcSseg-1,13C,cholesterol,larger,[CX3H1]=[CX3],1,28,74,large (15+ heavy atoms),78.2012,2.793,121.7000,134.0752,12.3752,12.3752,0
orca [B3LYP/pcSseg-1],orca,B3LYP,pcSseg-1,13C,cholesterol,larger,[CX4H1][OH],1,28,74,large (15+ heavy atoms),78.2012,2.793,71.8000,78.0152,6.2152,6.2152,0
orca [B3LYP/pcSseg-1],orca,B3LYP,pcSseg-1,1H,cholesterol,larger,[CX3H1]=[CX3],1,28,74,large (15+ heavy atoms),78.3680,2.799,5.3500,5.7026,0.3526,0.3526,0
orca [B3LYP/pcSseg-1],orca,B3LYP,pcSseg-1,1H,cholesterol,larger,[CX4H1][OH],1,28,74,large (15+ heavy atoms),78.3680,2.799,3.5200,3.5796,0.0596,0.0596,0
orca [B3LYP/pcSseg-1],orca,B3LYP,pcSseg-1,1H,cholesterol,larger,[OH],1,28,74,large (15+ heavy atoms),78.3680,2.799,1.6000,0.6516,-0.9484,0.9484,1
orca [B3LYP/pcSseg-2],orca,B3LYP,pcSseg-2,13C,methane,aliphatic,[CH4],1,1,5,tiny (1-3 heavy atoms),3.5453,3.545,-2.3000,-6.1060,-3.8060,3.8060,0
orca [B3LYP/pcSseg-2],orca,B3LYP,pcSseg-2,1H,methane,aliphatic,[CH4],4,1,5,tiny (1-3 heavy atoms),3.4440,3.444,0.2300,0.3194,0.0894,0.0894,0
orca [B3LYP/pcSseg-2],orca,B3LYP,pcSseg-2,13C,ethane,aliphatic,[CH3],2,2,8,tiny (1-3 heavy atoms),5.4599,2.730,5.7000,10.6905,4.9905,4.9905,0
orca [B3LYP/pcSseg-2],orca,B3LYP,pcSseg-2,1H,ethane,aliphatic,[CH3],6,2,8,tiny (1-3 heavy atoms),5.4022,2.701,0.8600,1.0433,0.1833,0.1833,0
orca [B3LYP/pcSseg-2],orca,B3LYP,pcSseg-2,13C,cyclohexane,aliphatic,[CH2],6,6,18,small (4-7 heavy atoms),17.7203,2.953,27.0000,31.9700,4.9700,4.9700,0
orca [B3LYP/pcSseg-2],orca,B3LYP,pcSseg-2,1H,cyclohexane,aliphatic,[CH2],12,6,18,small (4-7 heavy atoms),17.6144,2.936,1.4300,1.4969,0.0669,0.0669,0
orca [B3LYP/pcSseg-2],orca,B3LYP,pcSseg-2,13C,ethanol,aliphatic,[CH3],1,3,9,tiny (1-3 heavy atoms),6.7028,2.234,18.4000,19.2310,0.8310,0.8310,0
orca [B3LYP/pcSseg-2],orca,B3LYP,pcSseg-2,13C,ethanol,aliphatic,[CH2][OH],1,3,9,tiny (1-3 heavy atoms),6.7028,2.234,58.0000,65.9830,7.9830,7.9830,0
orca [B3LYP/pcSseg-2],orca,B3LYP,pcSseg-2,1H,ethanol,aliphatic,[CH3],3,3,9,tiny (1-3 heavy atoms),6.9785,2.326,1.1800,1.2489,0.0689,0.0689,0
orca [B3LYP/pcSseg-2],orca,B3LYP,pcSseg-2,1H,ethanol,aliphatic,[CH2][OH],2,3,9,tiny (1-3 heavy atoms),6.9785,2.326,3.6900,3.9249,0.2349,0.2349,0
orca [B3LYP/pcSseg-2],orca,B3LYP,pcSseg-2,1H,ethanol,aliphatic,[OH],1,3,9,tiny (1-3 heavy atoms),6.9785,2.326,2.6000,0.7789,-1.8211,1.8211,1
orca [B3LYP/pcSseg-2],orca,B3LYP,pcSseg-2,13C,isopropanol,aliphatic,[CH3],2,4,12,small (4-7 heavy atoms),10.6631,2.666,25.3000,28.1460,2.8460,2.8460,0
orca [B3LYP/pcSseg-2],orca,B3LYP,pcSseg-2,13C,isopropanol,aliphatic,[CH1][OH],1,4,12,small (4-7 heavy atoms),10.6631,2.666,64.0000,72.3910,8.3910,8.3910,0
orca [B3LYP/pcSseg-2],orca,B3LYP,pcSseg-2,1H,isopropanol,aliphatic,[CH3],6,4,12,small (4-7 heavy atoms),10.3559,2.589,1.1800,1.1846,0.0046,0.0046,0
orca [B3LYP/pcSseg-2],orca,B3LYP,pcSseg-2,1H,isopropanol,aliphatic,[CH1][OH],1,4,12,small (4-7 heavy atoms),10.3559,2.589,4.0100,4.0819,0.0719,0.0719,0
orca [B3LYP/pcSseg-2],orca,B3LYP,pcSseg-2,1H,isopropanol,aliphatic,[OH],1,4,12,small (4-7 heavy atoms),10.3559,2.589,2.2000,0.7369,-1.4631,1.4631,1
orca [B3LYP/pcSseg-2],orca,B3LYP,pcSseg-2,13C,tert_butanol,aliphatic,[CH3],3,5,15,small (4-7 heavy atoms),14.9383,2.988,31.2000,34.2743,3.0743,3.0743,0
orca [B3LYP/pcSseg-2],orca,B3LYP,pcSseg-2,13C,tert_butanol,aliphatic,[CX4]([CH3])([CH3])([CH3])[OH],1,5,15,small (4-7 heavy atoms),14.9383,2.988,69.0000,75.4110,6.4110,6.4110,0
orca [B3LYP/pcSseg-2],orca,B3LYP,pcSseg-2,1H,tert_butanol,aliphatic,[CH3],9,5,15,small (4-7 heavy atoms),14.6549,2.931,1.2200,1.2516,0.0316,0.0316,0
orca [B3LYP/pcSseg-2],orca,B3LYP,pcSseg-2,1H,tert_butanol,aliphatic,[OH],1,5,15,small (4-7 heavy atoms),14.6549,2.931,2.2000,0.3719,-1.8281,1.8281,1
orca [B3LYP/pcSseg-2],orca,B3LYP,pcSseg-2,13C,neopentane,aliphatic,[CH3],4,5,17,small (4-7 heavy atoms),15.5115,3.102,31.7000,34.4780,2.7780,2.7780,0
orca [B3LYP/pcSseg-2],orca,B3LYP,pcSseg-2,13C,neopentane,aliphatic,[CX4]([CH3])([CH3])([CH3])[CH3],1,5,17,small (4-7 heavy atoms),15.5115,3.102,27.9000,34.5990,6.6990,6.6990,0
orca [B3LYP/pcSseg-2],orca,B3LYP,pcSseg-2,1H,neopentane,aliphatic,[CH3],12,5,17,small (4-7 heavy atoms),15.4943,3.099,0.9200,0.9872,0.0672,0.0672,0
orca [B3LYP/pcSseg-2],orca,B3LYP,pcSseg-2,13C,benzene,aromatic,[cH],6,6,12,small (4-7 heavy atoms),11.8791,1.980,128.5000,139.4577,10.9577,10.9577,0
orca [B3LYP/pcSseg-2],orca,B3LYP,pcSseg-2,1H,benzene,aromatic,[cH],6,6,12,small (4-7 heavy atoms),11.9945,1.999,7.2600,7.6866,0.4266,0.4266,0
orca [B3LYP/pcSseg-2],orca,B3LYP,pcSseg-2,13C,p_xylene,aromatic,[CH3],2,8,18,medium (8-14 heavy atoms),20.7125,2.589,20.9000,24.5705,3.6705,3.6705,0
orca [B3LYP/pcSseg-2],orca,B3LYP,pcSseg-2,13C,p_xylene,aromatic,[cH],4,8,18,medium (8-14 heavy atoms),20.7125,2.589,129.0000,140.6677,11.6677,11.6677,0
orca [B3LYP/pcSseg-2],orca,B3LYP,pcSseg-2,13C,p_xylene,aromatic,[c]([CH3]),2,8,18,medium (8-14 heavy atoms),20.7125,2.589,134.7000,147.8225,13.1225,13.1225,0
orca [B3LYP/pcSseg-2],orca,B3LYP,pcSseg-2,1H,p_xylene,aromatic,[CH3],6,8,18,medium (8-14 heavy atoms),20.5929,2.574,2.3000,2.4968,0.1968,0.1968,0
orca [B3LYP/pcSseg-2],orca,B3LYP,pcSseg-2,1H,p_xylene,aromatic,[cH],4,8,18,medium (8-14 heavy atoms),20.5929,2.574,7.0500,7.4417,0.3917,0.3917,0
orca [B3LYP/pcSseg-2],orca,B3LYP,pcSseg-2,13C,mesitylene,aromatic,[CH3],3,9,21,medium (8-14 heavy atoms),24.9098,2.768,21.2000,24.6850,3.4850,3.4850,0
orca [B3LYP/pcSseg-2],orca,B3LYP,pcSseg-2,13C,mesitylene,aromatic,[cH],3,9,21,medium (8-14 heavy atoms),24.9098,2.768,126.2000,137.5497,11.3497,11.3497,0
orca [B3LYP/pcSseg-2],orca,B3LYP,pcSseg-2,13C,mesitylene,aromatic,[c]([CH3]),3,9,21,medium (8-14 heavy atoms),24.9098,2.768,137.6000,152.6797,15.0797,15.0797,0
orca [B3LYP/pcSseg-2],orca,B3LYP,pcSseg-2,1H,mesitylene,aromatic,[CH3],9,9,21,medium (8-14 heavy atoms),25.0096,2.779,2.2500,2.4654,0.2154,0.2154,0
orca [B3LYP/pcSseg-2],orca,B3LYP,pcSseg-2,1H,mesitylene,aromatic,[cH],3,9,21,medium (8-14 heavy atoms),25.0096,2.779,6.7800,7.1639,0.3839,0.3839,0
orca [B3LYP/pcSseg-2],orca,B3LYP,pcSseg-2,13C,pyridine,aromatic,[cH]n,2,6,11,small (4-7 heavy atoms),10.5089,1.751,149.9000,165.4520,15.5520,15.5520,0
orca [B3LYP/pcSseg-2],orca,B3LYP,pcSseg-2,13C,pyridine,aromatic,[cH]cn,2,6,11,small (4-7 heavy atoms),10.5089,1.751,123.8000,131.6375,7.8375,7.8375,0
orca [B3LYP/pcSseg-2],orca,B3LYP,pcSseg-2,13C,pyridine,aromatic,[cH]ccn,1,6,11,small (4-7 heavy atoms),10.5089,1.751,136.0000,145.6040,9.6040,9.6040,0
orca [B3LYP/pcSseg-2],orca,B3LYP,pcSseg-2,1H,pyridine,aromatic,[cH]n,2,6,11,small (4-7 heavy atoms),10.5263,1.754,8.6000,9.0574,0.4574,0.4574,0
orca [B3LYP/pcSseg-2],orca,B3LYP,pcSseg-2,1H,pyridine,aromatic,[cH]cn,2,6,11,small (4-7 heavy atoms),10.5263,1.754,7.2500,7.4259,0.1759,0.1759,0
orca [B3LYP/pcSseg-2],orca,B3LYP,pcSseg-2,1H,pyridine,aromatic,[cH]ccn,1,6,11,small (4-7 heavy atoms),10.5263,1.754,7.6500,7.7999,0.1499,0.1499,0
orca [B3LYP/pcSseg-2],orca,B3LYP,pcSseg-2,13C,naphthalene,aromatic,[cH][cH0],4,10,18,medium (8-14 heavy atoms),24.0060,2.401,127.9000,140.2900,12.3900,12.3900,0
orca [B3LYP/pcSseg-2],orca,B3LYP,pcSseg-2,13C,naphthalene,aromatic,[cH]([cH])[cH],4,10,18,medium (8-14 heavy atoms),24.0060,2.401,125.8000,137.7290,11.9290,11.9290,0
orca [B3LYP/pcSseg-2],orca,B3LYP,pcSseg-2,13C,naphthalene,aromatic,[cH0],2,10,18,medium (8-14 heavy atoms),24.0060,2.401,133.5000,141.0575,7.5575,7.5575,0
orca [B3LYP/pcSseg-2],orca,B3LYP,pcSseg-2,1H,naphthalene,aromatic,[cH][cH0],4,10,18,medium (8-14 heavy atoms),24.1315,2.413,7.8400,8.2584,0.4184,0.4184,0
orca [B3LYP/pcSseg-2],orca,B3LYP,pcSseg-2,1H,naphthalene,aromatic,[cH]([cH])[cH],4,10,18,medium (8-14 heavy atoms),24.1315,2.413,7.4600,7.9029,0.4429,0.4429,0
orca [B3LYP/pcSseg-2],orca,B3LYP,pcSseg-2,13C,acetone,carbonyl,[CH3],2,4,10,small (4-7 heavy atoms),9.3680,2.342,30.9000,32.5310,1.6310,1.6310,0
orca [B3LYP/pcSseg-2],orca,B3LYP,pcSseg-2,13C,acetone,carbonyl,[CX3]=O,1,4,10,small (4-7 heavy atoms),9.3680,2.342,206.0000,226.2440,20.2440,20.2440,0
orca [B3LYP/pcSseg-2],orca,B3LYP,pcSseg-2,1H,acetone,carbonyl,[CH3],6,4,10,small (4-7 heavy atoms),9.1356,2.284,2.1700,2.1854,0.0154,0.0154,0
orca [B3LYP/pcSseg-2],orca,B3LYP,pcSseg-2,13C,acetaldehyde,carbonyl,[CH3],1,3,7,tiny (1-3 heavy atoms),6.3865,2.129,30.9000,35.6200,4.7200,4.7200,0
orca [B3LYP/pcSseg-2],orca,B3LYP,pcSseg-2,13C,acetaldehyde,carbonyl,[CX3H1]=O,1,3,7,tiny (1-3 heavy atoms),6.3865,2.129,199.6000,218.6170,19.0170,19.0170,0
orca [B3LYP/pcSseg-2],orca,B3LYP,pcSseg-2,1H,acetaldehyde,carbonyl,[CH3],3,3,7,tiny (1-3 heavy atoms),6.4523,2.151,2.2000,2.1663,-0.0337,0.0337,0
orca [B3LYP/pcSseg-2],orca,B3LYP,pcSseg-2,1H,acetaldehyde,carbonyl,[CX3H1]=O,1,3,7,tiny (1-3 heavy atoms),6.4523,2.151,9.7900,10.3839,0.5939,0.5939,0
orca [B3LYP/pcSseg-2],orca,B3LYP,pcSseg-2,13C,ethyl_acetate,carbonyl,[CH3]C(=O)O,1,6,14,small (4-7 heavy atoms),14.2142,2.369,21.0000,23.5250,2.5250,2.5250,0
orca [B3LYP/pcSseg-2],orca,B3LYP,pcSseg-2,13C,ethyl_acetate,carbonyl,[CX3](=O)O,1,6,14,small (4-7 heavy atoms),14.2142,2.369,171.0000,188.8750,17.8750,17.8750,0
orca [B3LYP/pcSseg-2],orca,B3LYP,pcSseg-2,13C,ethyl_acetate,carbonyl,[CH2]OC=O,1,6,14,small (4-7 heavy atoms),14.2142,2.369,60.5000,66.9970,6.4970,6.4970,0
orca [B3LYP/pcSseg-2],orca,B3LYP,pcSseg-2,13C,ethyl_acetate,carbonyl,[CH3][CH2]O,1,6,14,small (4-7 heavy atoms),14.2142,2.369,14.2000,17.5180,3.3180,3.3180,0
orca [B3LYP/pcSseg-2],orca,B3LYP,pcSseg-2,1H,ethyl_acetate,carbonyl,[CH3]C(=O)O,3,6,14,small (4-7 heavy atoms),14.0043,2.334,2.0400,2.0969,0.0569,0.0569,0
orca [B3LYP/pcSseg-2],orca,B3LYP,pcSseg-2,1H,ethyl_acetate,carbonyl,[CH2]OC=O,2,6,14,small (4-7 heavy atoms),14.0043,2.334,4.1200,4.0834,-0.0366,0.0366,0
orca [B3LYP/pcSseg-2],orca,B3LYP,pcSseg-2,1H,ethyl_acetate,carbonyl,[CH3][CH2]O,3,6,14,small (4-7 heavy atoms),14.0043,2.334,1.2600,1.3133,0.0533,0.0533,0
orca [B3LYP/pcSseg-2],orca,B3LYP,pcSseg-2,13C,benzaldehyde,carbonyl,[CX3H1]=O,1,8,14,medium (8-14 heavy atoms),16.0038,2.000,192.4000,207.1980,14.7980,14.7980,0
orca [B3LYP/pcSseg-2],orca,B3LYP,pcSseg-2,1H,benzaldehyde,carbonyl,[CX3H1]=O,1,8,14,medium (8-14 heavy atoms),16.0387,2.005,9.9900,10.5019,0.5119,0.5119,0
orca [B3LYP/pcSseg-2],orca,B3LYP,pcSseg-2,13C,dmf,carbonyl,[CX3H1]=O,1,5,12,small (4-7 heavy atoms),11.8126,2.363,162.6000,173.2550,10.6550,10.6550,0
orca [B3LYP/pcSseg-2],orca,B3LYP,pcSseg-2,1H,dmf,carbonyl,[CX3H1]=O,1,5,12,small (4-7 heavy atoms),11.8097,2.362,8.0200,8.3469,0.3269,0.3269,0
orca [B3LYP/pcSseg-2],orca,B3LYP,pcSseg-2,13C,acetic_acid,carboxylic_acid,[CH3],1,4,8,small (4-7 heavy atoms),7.4663,1.867,20.8000,20.1540,-0.6460,0.6460,0
orca [B3LYP/pcSseg-2],orca,B3LYP,pcSseg-2,13C,acetic_acid,carboxylic_acid,[CX3](=O)[OH],1,4,8,small (4-7 heavy atoms),7.4663,1.867,178.1000,186.4460,8.3460,8.3460,0
orca [B3LYP/pcSseg-2],orca,B3LYP,pcSseg-2,1H,acetic_acid,carboxylic_acid,[CH3],3,4,8,small (4-7 heavy atoms),7.5437,1.886,2.1000,2.1266,0.0266,0.0266,0
orca [B3LYP/pcSseg-2],orca,B3LYP,pcSseg-2,1H,acetic_acid,carboxylic_acid,[OX2H][CX3]=O,1,4,8,small (4-7 heavy atoms),7.5437,1.886,11.4000,6.5629,-4.8371,4.8371,1
orca [B3LYP/pcSseg-2],orca,B3LYP,pcSseg-2,13C,formic_acid,carboxylic_acid,[CX3H1](=O)[OH],1,3,5,tiny (1-3 heavy atoms),4.9919,1.664,166.3000,174.6760,8.3760,8.3760,0
orca [B3LYP/pcSseg-2],orca,B3LYP,pcSseg-2,1H,formic_acid,carboxylic_acid,[CX3H1](=O)[OH],1,3,5,tiny (1-3 heavy atoms),4.8527,1.618,8.0800,8.2129,0.1329,0.1329,0
orca [B3LYP/pcSseg-2],orca,B3LYP,pcSseg-2,1H,formic_acid,carboxylic_acid,[OX2H][CX3]=O,1,3,5,tiny (1-3 heavy atoms),4.8527,1.618,11.0000,6.8469,-4.1531,4.1531,1
orca [B3LYP/pcSseg-2],orca,B3LYP,pcSseg-2,13C,benzoic_acid,carboxylic_acid,[CX3](=O)[OH],1,9,15,medium (8-14 heavy atoms),19.6258,2.181,172.6000,179.0720,6.4720,6.4720,0
orca [B3LYP/pcSseg-2],orca,B3LYP,pcSseg-2,1H,benzoic_acid,carboxylic_acid,[OX2H][CX3]=O,1,9,15,medium (8-14 heavy atoms),19.3824,2.154,12.0000,6.6659,-5.3341,5.3341,1
orca [B3LYP/pcSseg-2],orca,B3LYP,pcSseg-2,13C,chloroform,heteroatom_halogen,[CX4H1](Cl)(Cl)Cl,1,4,5,small (4-7 heavy atoms),6.1521,1.538,77.7000,110.9570,33.2570,33.2570,0
orca [B3LYP/pcSseg-2],orca,B3LYP,pcSseg-2,1H,chloroform,heteroatom_halogen,[CX4H1](Cl)(Cl)Cl,1,4,5,small (4-7 heavy atoms),6.1628,1.541,7.2600,7.6589,0.3989,0.3989,0
orca [B3LYP/pcSseg-2],orca,B3LYP,pcSseg-2,13C,dichloromethane,heteroatom_halogen,[CH2](Cl)Cl,1,3,5,tiny (1-3 heavy atoms),4.8374,1.612,53.5000,70.5980,17.0980,17.0980,0
orca [B3LYP/pcSseg-2],orca,B3LYP,pcSseg-2,1H,dichloromethane,heteroatom_halogen,[CH2](Cl)Cl,2,3,5,tiny (1-3 heavy atoms),4.8292,1.610,5.3000,5.5169,0.2169,0.2169,0
orca [B3LYP/pcSseg-2],orca,B3LYP,pcSseg-2,13C,methanol,heteroatom_halogen,[CH3]O,1,2,6,tiny (1-3 heavy atoms),4.6117,2.306,50.4000,56.6670,6.2670,6.2670,0
orca [B3LYP/pcSseg-2],orca,B3LYP,pcSseg-2,1H,methanol,heteroatom_halogen,[CH3]O,3,2,6,tiny (1-3 heavy atoms),4.5753,2.288,3.4000,3.7403,0.3403,0.3403,0
orca [B3LYP/pcSseg-2],orca,B3LYP,pcSseg-2,1H,methanol,heteroatom_halogen,[OH],1,2,6,tiny (1-3 heavy atoms),4.5753,2.288,2.0000,0.0569,-1.9431,1.9431,1
orca [B3LYP/pcSseg-2],orca,B3LYP,pcSseg-2,13C,acetonitrile,heteroatom_halogen,[CH3]C#N,1,3,6,tiny (1-3 heavy atoms),5.5233,1.841,1.3000,1.8740,0.5740,0.5740,0
orca [B3LYP/pcSseg-2],orca,B3LYP,pcSseg-2,13C,acetonitrile,heteroatom_halogen,[CX2]#N,1,3,6,tiny (1-3 heavy atoms),5.5233,1.841,117.7000,123.5230,5.8230,5.8230,0
orca [B3LYP/pcSseg-2],orca,B3LYP,pcSseg-2,1H,acetonitrile,heteroatom_halogen,[CH3]C#N,3,3,6,tiny (1-3 heavy atoms),5.4594,1.820,2.0000,1.8713,-0.1287,0.1287,0
orca [B3LYP/pcSseg-2],orca,B3LYP,pcSseg-2,13C,dmso,heteroatom_halogen,[CH3],2,4,10,small (4-7 heavy atoms),8.4037,2.101,40.5000,45.5840,5.0840,5.0840,0
orca [B3LYP/pcSseg-2],orca,B3LYP,pcSseg-2,1H,dmso,heteroatom_halogen,[CH3],6,4,10,small (4-7 heavy atoms),8.4188,2.105,2.5000,2.1906,-0.3094,0.3094,0
orca [B3LYP/pcSseg-2],orca,B3LYP,pcSseg-2,13C,ethylene,conjugated_strained,[CH2]=[CH2],1,2,6,tiny (1-3 heavy atoms),4.5252,2.263,123.3000,136.3500,13.0500,13.0500,0
orca [B3LYP/pcSseg-2],orca,B3LYP,pcSseg-2,1H,ethylene,conjugated_strained,[CH2]=[CH2],2,2,6,tiny (1-3 heavy atoms),4.5029,2.251,5.4000,5.8669,0.4669,0.4669,0
orca [B3LYP/pcSseg-2],orca,B3LYP,pcSseg-2,13C,acetylene,conjugated_strained,[CH1]#[CH1],1,2,4,tiny (1-3 heavy atoms),3.6335,1.817,71.9000,74.5220,2.6220,2.6220,0
orca [B3LYP/pcSseg-2],orca,B3LYP,pcSseg-2,1H,acetylene,conjugated_strained,[CH1]#[CH1],1,2,4,tiny (1-3 heavy atoms),3.6288,1.814,1.8000,1.2799,-0.5201,0.5201,0
orca [B3LYP/pcSseg-2],orca,B3LYP,pcSseg-2,13C,cyclopropane,conjugated_strained,[CH2],3,3,9,tiny (1-3 heavy atoms),6.9119,2.304,-2.8000,-1.8180,0.9820,0.9820,0
orca [B3LYP/pcSseg-2],orca,B3LYP,pcSseg-2,1H,cyclopropane,conjugated_strained,[CH2],6,3,9,tiny (1-3 heavy atoms),6.9152,2.305,0.2200,0.2254,0.0054,0.0054,0
orca [B3LYP/pcSseg-2],orca,B3LYP,pcSseg-2,13C,styrene,conjugated_strained,[CH2]=[CH],1,8,16,medium (8-14 heavy atoms),18.5794,2.322,113.2000,125.5360,12.3360,12.3360,0
orca [B3LYP/pcSseg-2],orca,B3LYP,pcSseg-2,13C,styrene,conjugated_strained,[CH1](=[CH2])c,1,8,16,medium (8-14 heavy atoms),18.5794,2.322,136.9000,154.4860,17.5860,17.5860,0
orca [B3LYP/pcSseg-2],orca,B3LYP,pcSseg-2,1H,styrene,conjugated_strained,[CH1](=[CH2])c,1,8,16,medium (8-14 heavy atoms),18.4062,2.301,6.7200,7.3979,0.6779,0.6779,0
orca [B3LYP/pcSseg-2],orca,B3LYP,pcSseg-2,13C,furan,conjugated_strained,[cH]o,2,5,9,small (4-7 heavy atoms),9.3296,1.866,142.7000,155.7260,13.0260,13.0260,0
orca [B3LYP/pcSseg-2],orca,B3LYP,pcSseg-2,13C,furan,conjugated_strained,[cH]co,2,5,9,small (4-7 heavy atoms),9.3296,1.866,109.6000,120.2980,10.6980,10.6980,0
orca [B3LYP/pcSseg-2],orca,B3LYP,pcSseg-2,1H,furan,conjugated_strained,[cH]o,2,5,9,small (4-7 heavy atoms),9.4172,1.883,7.4200,7.8104,0.3904,0.3904,0
orca [B3LYP/pcSseg-2],orca,B3LYP,pcSseg-2,1H,furan,conjugated_strained,[cH]co,2,5,9,small (4-7 heavy atoms),9.4172,1.883,6.3700,6.8169,0.4469,0.4469,0
orca [B3LYP/pcSseg-2],orca,B3LYP,pcSseg-2,13C,adamantane,larger,[CX4H2],6,10,26,medium (8-14 heavy atoms),34.9631,3.496,37.8000,44.1783,6.3783,6.3783,0
orca [B3LYP/pcSseg-2],orca,B3LYP,pcSseg-2,13C,adamantane,larger,[CX4H1],4,10,26,medium (8-14 heavy atoms),34.9631,3.496,28.3000,36.4645,8.1645,8.1645,0
orca [B3LYP/pcSseg-2],orca,B3LYP,pcSseg-2,1H,adamantane,larger,[CX4H2],12,10,26,medium (8-14 heavy atoms),35.5321,3.553,1.7200,1.8443,0.1243,0.1243,0
orca [B3LYP/pcSseg-2],orca,B3LYP,pcSseg-2,1H,adamantane,larger,[CX4H1],4,10,26,medium (8-14 heavy atoms),35.5321,3.553,2.0300,1.8122,-0.2178,0.2178,0
orca [B3LYP/pcSseg-2],orca,B3LYP,pcSseg-2,13C,camphor,larger,[CX3]=O,1,11,27,medium (8-14 heavy atoms),49.6797,4.516,217.9000,239.9500,22.0500,22.0500,0
orca [B3LYP/pcSseg-2],orca,B3LYP,pcSseg-2,13C,menthol,larger,[CX4H1][OH],1,11,31,medium (8-14 heavy atoms),48.1360,4.376,71.5000,79.4480,7.9480,7.9480,0
orca [B3LYP/pcSseg-2],orca,B3LYP,pcSseg-2,1H,menthol,larger,[OH],1,11,31,medium (8-14 heavy atoms),47.6163,4.329,1.6000,-0.3911,-1.9911,1.9911,1
orca [B3LYP/pcSseg-2],orca,B3LYP,pcSseg-2,13C,caffeine,larger,[cH],1,14,24,medium (8-14 heavy atoms),42.1388,3.010,141.6000,150.2440,8.6440,8.6440,0
orca [B3LYP/pcSseg-2],orca,B3LYP,pcSseg-2,1H,caffeine,larger,[cH],1,14,24,medium (8-14 heavy atoms),42.3748,3.027,7.5100,7.4539,-0.0561,0.0561,0
orca [B3LYP/pcSseg-2],orca,B3LYP,pcSseg-2,13C,ibuprofen,larger,[CX3](=O)[OH],1,15,33,large (15+ heavy atoms),67.9695,4.531,180.6000,192.1710,11.5710,11.5710,0
orca [B3LYP/pcSseg-2],orca,B3LYP,pcSseg-2,13C,ibuprofen,larger,[CH3]C([CH3])C,1,15,33,large (15+ heavy atoms),67.9695,4.531,22.4000,26.2300,3.8300,3.8300,0
orca [B3LYP/pcSseg-2],orca,B3LYP,pcSseg-2,1H,ibuprofen,larger,[CH3]C([CH3])C,3,15,33,large (15+ heavy atoms),69.5566,4.637,0.8900,0.9656,0.0756,0.0756,0
orca [B3LYP/pcSseg-2],orca,B3LYP,pcSseg-2,1H,ibuprofen,larger,[OX2H][CX3]=O,1,15,33,large (15+ heavy atoms),69.5566,4.637,11.5000,6.4979,-5.0021,5.0021,1
orca [B3LYP/pcSseg-2],orca,B3LYP,pcSseg-2,13C,anthracene,larger,[cH]([cH0])[cH0],2,14,24,medium (8-14 heavy atoms),40.7511,2.911,126.4000,138.9205,12.5205,12.5205,0
orca [B3LYP/pcSseg-2],orca,B3LYP,pcSseg-2,13C,anthracene,larger,[cH]([cH0])[cH],4,14,24,medium (8-14 heavy atoms),40.7511,2.911,128.4000,141.2685,12.8685,12.8685,0
orca [B3LYP/pcSseg-2],orca,B3LYP,pcSseg-2,13C,anthracene,larger,[cH]([cH])[cH],4,14,24,medium (8-14 heavy atoms),40.7511,2.911,125.5000,137.6495,12.1495,12.1495,0
orca [B3LYP/pcSseg-2],orca,B3LYP,pcSseg-2,13C,anthracene,larger,[cH0],4,14,24,medium (8-14 heavy atoms),40.7511,2.911,131.9000,139.8777,7.9777,7.9777,0
orca [B3LYP/pcSseg-2],orca,B3LYP,pcSseg-2,1H,anthracene,larger,[cH]([cH0])[cH0],2,14,24,medium (8-14 heavy atoms),40.5950,2.900,8.4300,8.8189,0.3889,0.3889,0
orca [B3LYP/pcSseg-2],orca,B3LYP,pcSseg-2,1H,anthracene,larger,[cH]([cH0])[cH],4,14,24,medium (8-14 heavy atoms),40.5950,2.900,8.0100,8.5344,0.5244,0.5244,0
orca [B3LYP/pcSseg-2],orca,B3LYP,pcSseg-2,1H,anthracene,larger,[cH]([cH])[cH],4,14,24,medium (8-14 heavy atoms),40.5950,2.900,7.4600,7.9774,0.5174,0.5174,0
orca [B3LYP/pcSseg-2],orca,B3LYP,pcSseg-2,13C,testosterone,larger,[CX3]=O,1,21,49,large (15+ heavy atoms),153.0377,7.288,199.4000,214.6360,15.2360,15.2360,0
orca [B3LYP/pcSseg-2],orca,B3LYP,pcSseg-2,13C,testosterone,larger,[CX3H0]=[CX3H1],1,21,49,large (15+ heavy atoms),153.0377,7.288,171.2000,185.0830,13.8830,13.8830,0
orca [B3LYP/pcSseg-2],orca,B3LYP,pcSseg-2,13C,testosterone,larger,[CX3H1]=[CX3],1,21,49,large (15+ heavy atoms),153.0377,7.288,123.8000,137.5650,13.7650,13.7650,0
orca [B3LYP/pcSseg-2],orca,B3LYP,pcSseg-2,13C,testosterone,larger,[CX4H1][OH],1,21,49,large (15+ heavy atoms),153.0377,7.288,81.6000,91.3320,9.7320,9.7320,0
orca [B3LYP/pcSseg-2],orca,B3LYP,pcSseg-2,1H,testosterone,larger,[CX3H1]=[CX3],1,21,49,large (15+ heavy atoms),149.8310,7.135,5.7200,6.1349,0.4149,0.4149,0
orca [B3LYP/pcSseg-2],orca,B3LYP,pcSseg-2,1H,testosterone,larger,[CX4H1][OH],1,21,49,large (15+ heavy atoms),149.8310,7.135,3.6500,4.0709,0.4209,0.4209,0
orca [B3LYP/pcSseg-2],orca,B3LYP,pcSseg-2,1H,testosterone,larger,[OH],1,21,49,large (15+ heavy atoms),149.8310,7.135,1.6000,0.8009,-0.7991,0.7991,1
orca [B3LYP/pcSseg-2],orca,B3LYP,pcSseg-2,13C,cholesterol,larger,[CX3H0]=[CX3H1],1,28,74,large (15+ heavy atoms),264.7650,9.456,140.8000,157.4620,16.6620,16.6620,0
orca [B3LYP/pcSseg-2],orca,B3LYP,pcSseg-2,13C,cholesterol,larger,[CX3H1]=[CX3],1,28,74,large (15+ heavy atoms),264.7650,9.456,121.7000,137.1300,15.4300,15.4300,0
orca [B3LYP/pcSseg-2],orca,B3LYP,pcSseg-2,13C,cholesterol,larger,[CX4H1][OH],1,28,74,large (15+ heavy atoms),264.7650,9.456,71.8000,81.0790,9.2790,9.2790,0
orca [B3LYP/pcSseg-2],orca,B3LYP,pcSseg-2,1H,cholesterol,larger,[CX3H1]=[CX3],1,28,74,large (15+ heavy atoms),253.1878,9.042,5.3500,5.8429,0.4929,0.4929,0
orca [B3LYP/pcSseg-2],orca,B3LYP,pcSseg-2,1H,cholesterol,larger,[CX4H1][OH],1,28,74,large (15+ heavy atoms),253.1878,9.042,3.5200,3.6059,0.0859,0.0859,0
orca [B3LYP/pcSseg-2],orca,B3LYP,pcSseg-2,1H,cholesterol,larger,[OH],1,28,74,large (15+ heavy atoms),253.1878,9.042,1.6000,0.8299,-0.7701,0.7701,1
orca [r2SCAN/pcSseg-1],orca,r2SCAN,pcSseg-1,13C,methane,aliphatic,[CH4],1,1,5,tiny (1-3 heavy atoms),2.2770,2.277,-2.3000,-2.9523,-0.6523,0.6523,0
orca [r2SCAN/pcSseg-1],orca,r2SCAN,pcSseg-1,1H,methane,aliphatic,[CH4],4,1,5,tiny (1-3 heavy atoms),2.2876,2.288,0.2300,0.3650,0.1350,0.1350,0
orca [r2SCAN/pcSseg-1],orca,r2SCAN,pcSseg-1,13C,ethane,aliphatic,[CH3],2,2,8,tiny (1-3 heavy atoms),3.6700,1.835,5.7000,11.9487,6.2487,6.2487,0
orca [r2SCAN/pcSseg-1],orca,r2SCAN,pcSseg-1,1H,ethane,aliphatic,[CH3],6,2,8,tiny (1-3 heavy atoms),3.6210,1.810,0.8600,1.0166,0.1566,0.1566,0
orca [r2SCAN/pcSseg-1],orca,r2SCAN,pcSseg-1,13C,cyclohexane,aliphatic,[CH2],6,6,18,small (4-7 heavy atoms),8.0049,1.334,27.0000,31.0171,4.0171,4.0171,0
orca [r2SCAN/pcSseg-1],orca,r2SCAN,pcSseg-1,1H,cyclohexane,aliphatic,[CH2],12,6,18,small (4-7 heavy atoms),7.9800,1.330,1.4300,1.4434,0.0134,0.0134,0
orca [r2SCAN/pcSseg-1],orca,r2SCAN,pcSseg-1,13C,ethanol,aliphatic,[CH3],1,3,9,tiny (1-3 heavy atoms),4.2210,1.407,18.4000,19.7657,1.3657,1.3657,0
orca [r2SCAN/pcSseg-1],orca,r2SCAN,pcSseg-1,13C,ethanol,aliphatic,[CH2][OH],1,3,9,tiny (1-3 heavy atoms),4.2210,1.407,58.0000,65.4267,7.4267,7.4267,0
orca [r2SCAN/pcSseg-1],orca,r2SCAN,pcSseg-1,1H,ethanol,aliphatic,[CH3],3,3,9,tiny (1-3 heavy atoms),4.2463,1.415,1.1800,1.3066,0.1266,0.1266,0
orca [r2SCAN/pcSseg-1],orca,r2SCAN,pcSseg-1,1H,ethanol,aliphatic,[CH2][OH],2,3,9,tiny (1-3 heavy atoms),4.2463,1.415,3.6900,3.9967,0.3067,0.3067,0
orca [r2SCAN/pcSseg-1],orca,r2SCAN,pcSseg-1,1H,ethanol,aliphatic,[OH],1,3,9,tiny (1-3 heavy atoms),4.2463,1.415,2.6000,0.6572,-1.9428,1.9428,1
orca [r2SCAN/pcSseg-1],orca,r2SCAN,pcSseg-1,13C,isopropanol,aliphatic,[CH3],2,4,12,small (4-7 heavy atoms),5.0771,1.269,25.3000,27.9417,2.6417,2.6417,0
orca [r2SCAN/pcSseg-1],orca,r2SCAN,pcSseg-1,13C,isopropanol,aliphatic,[CH1][OH],1,4,12,small (4-7 heavy atoms),5.0771,1.269,64.0000,70.9247,6.9247,6.9247,0
orca [r2SCAN/pcSseg-1],orca,r2SCAN,pcSseg-1,1H,isopropanol,aliphatic,[CH3],6,4,12,small (4-7 heavy atoms),5.0151,1.254,1.1800,1.2262,0.0462,0.0462,0
orca [r2SCAN/pcSseg-1],orca,r2SCAN,pcSseg-1,1H,isopropanol,aliphatic,[CH1][OH],1,4,12,small (4-7 heavy atoms),5.0151,1.254,4.0100,4.1013,0.0913,0.0913,0
orca [r2SCAN/pcSseg-1],orca,r2SCAN,pcSseg-1,1H,isopropanol,aliphatic,[OH],1,4,12,small (4-7 heavy atoms),5.0151,1.254,2.2000,0.6052,-1.5948,1.5948,1
orca [r2SCAN/pcSseg-1],orca,r2SCAN,pcSseg-1,13C,tert_butanol,aliphatic,[CH3],3,5,15,small (4-7 heavy atoms),6.6227,1.325,31.2000,33.8367,2.6367,2.6367,0
orca [r2SCAN/pcSseg-1],orca,r2SCAN,pcSseg-1,13C,tert_butanol,aliphatic,[CX4]([CH3])([CH3])([CH3])[OH],1,5,15,small (4-7 heavy atoms),6.6227,1.325,69.0000,73.8167,4.8167,4.8167,0
orca [r2SCAN/pcSseg-1],orca,r2SCAN,pcSseg-1,1H,tert_butanol,aliphatic,[CH3],9,5,15,small (4-7 heavy atoms),6.5957,1.319,1.2200,1.3064,0.0864,0.0864,0
orca [r2SCAN/pcSseg-1],orca,r2SCAN,pcSseg-1,1H,tert_butanol,aliphatic,[OH],1,5,15,small (4-7 heavy atoms),6.5957,1.319,2.2000,0.2892,-1.9108,1.9108,1
orca [r2SCAN/pcSseg-1],orca,r2SCAN,pcSseg-1,13C,neopentane,aliphatic,[CH3],4,5,17,small (4-7 heavy atoms),6.8790,1.376,31.7000,34.3250,2.6250,2.6250,0
orca [r2SCAN/pcSseg-1],orca,r2SCAN,pcSseg-1,13C,neopentane,aliphatic,[CX4]([CH3])([CH3])([CH3])[CH3],1,5,17,small (4-7 heavy atoms),6.8790,1.376,27.9000,34.3777,6.4777,6.4777,0
orca [r2SCAN/pcSseg-1],orca,r2SCAN,pcSseg-1,1H,neopentane,aliphatic,[CH3],12,5,17,small (4-7 heavy atoms),6.8840,1.377,0.9200,1.0560,0.1360,0.1360,0
orca [r2SCAN/pcSseg-1],orca,r2SCAN,pcSseg-1,13C,benzene,aromatic,[cH],6,6,12,small (4-7 heavy atoms),5.9335,0.989,128.5000,131.4317,2.9317,2.9317,0
orca [r2SCAN/pcSseg-1],orca,r2SCAN,pcSseg-1,1H,benzene,aromatic,[cH],6,6,12,small (4-7 heavy atoms),5.8273,0.971,7.2600,7.6612,0.4012,0.4012,0
orca [r2SCAN/pcSseg-1],orca,r2SCAN,pcSseg-1,13C,p_xylene,aromatic,[CH3],2,8,18,medium (8-14 heavy atoms),8.4632,1.058,20.9000,25.7442,4.8442,4.8442,0
orca [r2SCAN/pcSseg-1],orca,r2SCAN,pcSseg-1,13C,p_xylene,aromatic,[cH],4,8,18,medium (8-14 heavy atoms),8.4632,1.058,129.0000,132.4733,3.4733,3.4733,0
orca [r2SCAN/pcSseg-1],orca,r2SCAN,pcSseg-1,13C,p_xylene,aromatic,[c]([CH3]),2,8,18,medium (8-14 heavy atoms),8.4632,1.058,134.7000,137.8257,3.1258,3.1258,0
orca [r2SCAN/pcSseg-1],orca,r2SCAN,pcSseg-1,1H,p_xylene,aromatic,[CH3],6,8,18,medium (8-14 heavy atoms),8.3551,1.044,2.3000,2.4869,0.1869,0.1869,0
orca [r2SCAN/pcSseg-1],orca,r2SCAN,pcSseg-1,1H,p_xylene,aromatic,[cH],4,8,18,medium (8-14 heavy atoms),8.3551,1.044,7.0500,7.4292,0.3792,0.3792,0
orca [r2SCAN/pcSseg-1],orca,r2SCAN,pcSseg-1,13C,mesitylene,aromatic,[CH3],3,9,21,medium (8-14 heavy atoms),9.0944,1.010,21.2000,25.8881,4.6881,4.6881,0
orca [r2SCAN/pcSseg-1],orca,r2SCAN,pcSseg-1,13C,mesitylene,aromatic,[cH],3,9,21,medium (8-14 heavy atoms),9.0944,1.010,126.2000,129.3974,3.1974,3.1974,0
orca [r2SCAN/pcSseg-1],orca,r2SCAN,pcSseg-1,13C,mesitylene,aromatic,[c]([CH3]),3,9,21,medium (8-14 heavy atoms),9.0944,1.010,137.6000,142.4637,4.8637,4.8637,0
orca [r2SCAN/pcSseg-1],orca,r2SCAN,pcSseg-1,1H,mesitylene,aromatic,[CH3],9,9,21,medium (8-14 heavy atoms),9.0749,1.008,2.2500,2.4794,0.2294,0.2294,0
orca [r2SCAN/pcSseg-1],orca,r2SCAN,pcSseg-1,1H,mesitylene,aromatic,[cH],3,9,21,medium (8-14 heavy atoms),9.0749,1.008,6.7800,7.1066,0.3266,0.3266,0
orca [r2SCAN/pcSseg-1],orca,r2SCAN,pcSseg-1,13C,pyridine,aromatic,[cH]n,2,6,11,small (4-7 heavy atoms),5.7984,0.966,149.9000,155.9762,6.0762,6.0762,0
orca [r2SCAN/pcSseg-1],orca,r2SCAN,pcSseg-1,13C,pyridine,aromatic,[cH]cn,2,6,11,small (4-7 heavy atoms),5.7984,0.966,123.8000,124.1992,0.3992,0.3992,0
orca [r2SCAN/pcSseg-1],orca,r2SCAN,pcSseg-1,13C,pyridine,aromatic,[cH]ccn,1,6,11,small (4-7 heavy atoms),5.7984,0.966,136.0000,137.0637,1.0637,1.0637,0
orca [r2SCAN/pcSseg-1],orca,r2SCAN,pcSseg-1,1H,pyridine,aromatic,[cH]n,2,6,11,small (4-7 heavy atoms),5.8473,0.975,8.6000,9.0367,0.4367,0.4367,0
orca [r2SCAN/pcSseg-1],orca,r2SCAN,pcSseg-1,1H,pyridine,aromatic,[cH]cn,2,6,11,small (4-7 heavy atoms),5.8473,0.975,7.2500,7.3622,0.1122,0.1122,0
orca [r2SCAN/pcSseg-1],orca,r2SCAN,pcSseg-1,1H,pyridine,aromatic,[cH]ccn,1,6,11,small (4-7 heavy atoms),5.8473,0.975,7.6500,7.7903,0.1402,0.1402,0
orca [r2SCAN/pcSseg-1],orca,r2SCAN,pcSseg-1,13C,naphthalene,aromatic,[cH][cH0],4,10,18,medium (8-14 heavy atoms),9.4936,0.949,127.9000,132.0733,4.1732,4.1732,0
orca [r2SCAN/pcSseg-1],orca,r2SCAN,pcSseg-1,13C,naphthalene,aromatic,[cH]([cH])[cH],4,10,18,medium (8-14 heavy atoms),9.4936,0.949,125.8000,130.1782,4.3782,4.3782,0
orca [r2SCAN/pcSseg-1],orca,r2SCAN,pcSseg-1,13C,naphthalene,aromatic,[cH0],2,10,18,medium (8-14 heavy atoms),9.4936,0.949,133.5000,129.8678,-3.6322,3.6322,0
orca [r2SCAN/pcSseg-1],orca,r2SCAN,pcSseg-1,1H,naphthalene,aromatic,[cH][cH0],4,10,18,medium (8-14 heavy atoms),9.7429,0.974,7.8400,8.2097,0.3697,0.3697,0
orca [r2SCAN/pcSseg-1],orca,r2SCAN,pcSseg-1,1H,naphthalene,aromatic,[cH]([cH])[cH],4,10,18,medium (8-14 heavy atoms),9.7429,0.974,7.4600,7.9417,0.4817,0.4817,0
orca [r2SCAN/pcSseg-1],orca,r2SCAN,pcSseg-1,13C,acetone,carbonyl,[CH3],2,4,10,small (4-7 heavy atoms),4.9185,1.230,30.9000,32.8592,1.9592,1.9592,0
orca [r2SCAN/pcSseg-1],orca,r2SCAN,pcSseg-1,13C,acetone,carbonyl,[CX3]=O,1,4,10,small (4-7 heavy atoms),4.9185,1.230,206.0000,210.6767,4.6767,4.6767,0
orca [r2SCAN/pcSseg-1],orca,r2SCAN,pcSseg-1,1H,acetone,carbonyl,[CH3],6,4,10,small (4-7 heavy atoms),4.8337,1.208,2.1700,2.2051,0.0351,0.0351,0
orca [r2SCAN/pcSseg-1],orca,r2SCAN,pcSseg-1,13C,acetaldehyde,carbonyl,[CH3],1,3,7,tiny (1-3 heavy atoms),3.6364,1.212,30.9000,35.7438,4.8438,4.8438,0
orca [r2SCAN/pcSseg-1],orca,r2SCAN,pcSseg-1,13C,acetaldehyde,carbonyl,[CX3H1]=O,1,3,7,tiny (1-3 heavy atoms),3.6364,1.212,199.6000,205.6547,6.0547,6.0547,0
orca [r2SCAN/pcSseg-1],orca,r2SCAN,pcSseg-1,1H,acetaldehyde,carbonyl,[CH3],3,3,7,tiny (1-3 heavy atoms),3.5524,1.184,2.2000,2.2316,0.0316,0.0316,0
orca [r2SCAN/pcSseg-1],orca,r2SCAN,pcSseg-1,1H,acetaldehyde,carbonyl,[CX3H1]=O,1,3,7,tiny (1-3 heavy atoms),3.5524,1.184,9.7900,10.2132,0.4232,0.4232,0
orca [r2SCAN/pcSseg-1],orca,r2SCAN,pcSseg-1,13C,ethyl_acetate,carbonyl,[CH3]C(=O)O,1,6,14,small (4-7 heavy atoms),6.6084,1.101,21.0000,24.2188,3.2188,3.2188,0
orca [r2SCAN/pcSseg-1],orca,r2SCAN,pcSseg-1,13C,ethyl_acetate,carbonyl,[CX3](=O)O,1,6,14,small (4-7 heavy atoms),6.6084,1.101,171.0000,177.7897,6.7897,6.7897,0
orca [r2SCAN/pcSseg-1],orca,r2SCAN,pcSseg-1,13C,ethyl_acetate,carbonyl,[CH2]OC=O,1,6,14,small (4-7 heavy atoms),6.6084,1.101,60.5000,66.0477,5.5477,5.5477,0
orca [r2SCAN/pcSseg-1],orca,r2SCAN,pcSseg-1,13C,ethyl_acetate,carbonyl,[CH3][CH2]O,1,6,14,small (4-7 heavy atoms),6.6084,1.101,14.2000,18.1907,3.9907,3.9907,0
orca [r2SCAN/pcSseg-1],orca,r2SCAN,pcSseg-1,1H,ethyl_acetate,carbonyl,[CH3]C(=O)O,3,6,14,small (4-7 heavy atoms),6.6312,1.105,2.0400,2.1512,0.1112,0.1112,0
orca [r2SCAN/pcSseg-1],orca,r2SCAN,pcSseg-1,1H,ethyl_acetate,carbonyl,[CH2]OC=O,2,6,14,small (4-7 heavy atoms),6.6312,1.105,4.1200,4.0777,-0.0423,0.0423,0
orca [r2SCAN/pcSseg-1],orca,r2SCAN,pcSseg-1,1H,ethyl_acetate,carbonyl,[CH3][CH2]O,3,6,14,small (4-7 heavy atoms),6.6312,1.105,1.2600,1.3692,0.1092,0.1092,0
orca [r2SCAN/pcSseg-1],orca,r2SCAN,pcSseg-1,13C,benzaldehyde,carbonyl,[CX3H1]=O,1,8,14,medium (8-14 heavy atoms),7.6417,0.955,192.4000,195.5517,3.1517,3.1517,0
orca [r2SCAN/pcSseg-1],orca,r2SCAN,pcSseg-1,1H,benzaldehyde,carbonyl,[CX3H1]=O,1,8,14,medium (8-14 heavy atoms),7.6281,0.954,9.9900,10.2812,0.2912,0.2912,0
orca [r2SCAN/pcSseg-1],orca,r2SCAN,pcSseg-1,13C,dmf,carbonyl,[CX3H1]=O,1,5,12,small (4-7 heavy atoms),6.2606,1.252,162.6000,162.3897,-0.2103,0.2103,0
orca [r2SCAN/pcSseg-1],orca,r2SCAN,pcSseg-1,1H,dmf,carbonyl,[CX3H1]=O,1,5,12,small (4-7 heavy atoms),6.2916,1.258,8.0200,8.0633,0.0433,0.0433,0
orca [r2SCAN/pcSseg-1],orca,r2SCAN,pcSseg-1,13C,acetic_acid,carboxylic_acid,[CH3],1,4,8,small (4-7 heavy atoms),4.4813,1.120,20.8000,21.0727,0.2727,0.2727,0
orca [r2SCAN/pcSseg-1],orca,r2SCAN,pcSseg-1,13C,acetic_acid,carboxylic_acid,[CX3](=O)[OH],1,4,8,small (4-7 heavy atoms),4.4813,1.120,178.1000,174.9547,-3.1453,3.1453,0
orca [r2SCAN/pcSseg-1],orca,r2SCAN,pcSseg-1,1H,acetic_acid,carboxylic_acid,[CH3],3,4,8,small (4-7 heavy atoms),4.3012,1.075,2.1000,2.1819,0.0819,0.0819,0
orca [r2SCAN/pcSseg-1],orca,r2SCAN,pcSseg-1,1H,acetic_acid,carboxylic_acid,[OX2H][CX3]=O,1,4,8,small (4-7 heavy atoms),4.3012,1.075,11.4000,6.3893,-5.0107,5.0107,1
orca [r2SCAN/pcSseg-1],orca,r2SCAN,pcSseg-1,13C,formic_acid,carboxylic_acid,[CX3H1](=O)[OH],1,3,5,tiny (1-3 heavy atoms),3.2672,1.089,166.3000,165.3717,-0.9283,0.9283,0
orca [r2SCAN/pcSseg-1],orca,r2SCAN,pcSseg-1,1H,formic_acid,carboxylic_acid,[CX3H1](=O)[OH],1,3,5,tiny (1-3 heavy atoms),3.2294,1.076,8.0800,8.0292,-0.0508,0.0508,0
orca [r2SCAN/pcSseg-1],orca,r2SCAN,pcSseg-1,1H,formic_acid,carboxylic_acid,[OX2H][CX3]=O,1,3,5,tiny (1-3 heavy atoms),3.2294,1.076,11.0000,6.7063,-4.2937,4.2937,1
orca [r2SCAN/pcSseg-1],orca,r2SCAN,pcSseg-1,13C,benzoic_acid,carboxylic_acid,[CX3](=O)[OH],1,9,15,medium (8-14 heavy atoms),7.9364,0.882,172.6000,168.7738,-3.8262,3.8262,0
orca [r2SCAN/pcSseg-1],orca,r2SCAN,pcSseg-1,1H,benzoic_acid,carboxylic_acid,[OX2H][CX3]=O,1,9,15,medium (8-14 heavy atoms),7.8693,0.874,12.0000,6.5873,-5.4127,5.4127,1
orca [r2SCAN/pcSseg-1],orca,r2SCAN,pcSseg-1,13C,chloroform,heteroatom_halogen,[CX4H1](Cl)(Cl)Cl,1,4,5,small (4-7 heavy atoms),3.6831,0.921,77.7000,111.4517,33.7517,33.7517,0
orca [r2SCAN/pcSseg-1],orca,r2SCAN,pcSseg-1,1H,chloroform,heteroatom_halogen,[CX4H1](Cl)(Cl)Cl,1,4,5,small (4-7 heavy atoms),3.5766,0.894,7.2600,7.8502,0.5902,0.5902,0
orca [r2SCAN/pcSseg-1],orca,r2SCAN,pcSseg-1,13C,dichloromethane,heteroatom_halogen,[CH2](Cl)Cl,1,3,5,tiny (1-3 heavy atoms),2.9260,0.975,53.5000,72.7207,19.2207,19.2207,0
orca [r2SCAN/pcSseg-1],orca,r2SCAN,pcSseg-1,1H,dichloromethane,heteroatom_halogen,[CH2](Cl)Cl,2,3,5,tiny (1-3 heavy atoms),2.9405,0.980,5.3000,5.6273,0.3273,0.3273,0
orca [r2SCAN/pcSseg-1],orca,r2SCAN,pcSseg-1,13C,methanol,heteroatom_halogen,[CH3]O,1,2,6,tiny (1-3 heavy atoms),3.3177,1.659,50.4000,56.7957,6.3957,6.3957,0
orca [r2SCAN/pcSseg-1],orca,r2SCAN,pcSseg-1,1H,methanol,heteroatom_halogen,[CH3]O,3,2,6,tiny (1-3 heavy atoms),3.2176,1.609,3.4000,3.7516,0.3516,0.3516,0
orca [r2SCAN/pcSseg-1],orca,r2SCAN,pcSseg-1,1H,methanol,heteroatom_halogen,[OH],1,2,6,tiny (1-3 heavy atoms),3.2176,1.609,2.0000,-0.1788,-2.1788,2.1788,1
orca [r2SCAN/pcSseg-1],orca,r2SCAN,pcSseg-1,13C,acetonitrile,heteroatom_halogen,[CH3]C#N,1,3,6,tiny (1-3 heavy atoms),3.3641,1.121,1.3000,4.8897,3.5897,3.5897,0
orca [r2SCAN/pcSseg-1],orca,r2SCAN,pcSseg-1,13C,acetonitrile,heteroatom_halogen,[CX2]#N,1,3,6,tiny (1-3 heavy atoms),3.3641,1.121,117.7000,119.3107,1.6107,1.6107,0
orca [r2SCAN/pcSseg-1],orca,r2SCAN,pcSseg-1,1H,acetonitrile,heteroatom_halogen,[CH3]C#N,3,3,6,tiny (1-3 heavy atoms),3.3365,1.112,2.0000,1.9642,-0.0358,0.0358,0
orca [r2SCAN/pcSseg-1],orca,r2SCAN,pcSseg-1,13C,dmso,heteroatom_halogen,[CH3],2,4,10,small (4-7 heavy atoms),5.2465,1.312,40.5000,43.4082,2.9082,2.9082,0
orca [r2SCAN/pcSseg-1],orca,r2SCAN,pcSseg-1,1H,dmso,heteroatom_halogen,[CH3],6,4,10,small (4-7 heavy atoms),5.2406,1.310,2.5000,2.2289,-0.2711,0.2711,0
orca [r2SCAN/pcSseg-1],orca,r2SCAN,pcSseg-1,13C,ethylene,conjugated_strained,[CH2]=[CH2],1,2,6,tiny (1-3 heavy atoms),3.0923,1.546,123.3000,131.3098,8.0098,8.0098,0
orca [r2SCAN/pcSseg-1],orca,r2SCAN,pcSseg-1,1H,ethylene,conjugated_strained,[CH2]=[CH2],2,2,6,tiny (1-3 heavy atoms),3.0567,1.528,5.4000,5.9357,0.5357,0.5357,0
orca [r2SCAN/pcSseg-1],orca,r2SCAN,pcSseg-1,13C,acetylene,conjugated_strained,[CH1]#[CH1],1,2,4,tiny (1-3 heavy atoms),2.4112,1.206,71.9000,73.8837,1.9837,1.9837,0
orca [r2SCAN/pcSseg-1],orca,r2SCAN,pcSseg-1,1H,acetylene,conjugated_strained,[CH1]#[CH1],1,2,4,tiny (1-3 heavy atoms),2.1193,1.060,1.8000,1.5717,-0.2283,0.2283,0
orca [r2SCAN/pcSseg-1],orca,r2SCAN,pcSseg-1,13C,cyclopropane,conjugated_strained,[CH2],3,3,9,tiny (1-3 heavy atoms),4.7310,1.577,-2.8000,1.1334,3.9334,3.9334,0
orca [r2SCAN/pcSseg-1],orca,r2SCAN,pcSseg-1,1H,cyclopropane,conjugated_strained,[CH2],6,3,9,tiny (1-3 heavy atoms),4.6154,1.538,0.2200,0.2129,-0.0071,0.0071,0
orca [r2SCAN/pcSseg-1],orca,r2SCAN,pcSseg-1,13C,styrene,conjugated_strained,[CH2]=[CH],1,8,16,medium (8-14 heavy atoms),8.3827,1.048,113.2000,121.7887,8.5887,8.5887,0
orca [r2SCAN/pcSseg-1],orca,r2SCAN,pcSseg-1,13C,styrene,conjugated_strained,[CH1](=[CH2])c,1,8,16,medium (8-14 heavy atoms),8.3827,1.048,136.9000,146.6697,9.7697,9.7697,0
orca [r2SCAN/pcSseg-1],orca,r2SCAN,pcSseg-1,1H,styrene,conjugated_strained,[CH1](=[CH2])c,1,8,16,medium (8-14 heavy atoms),8.4563,1.057,6.7200,7.2422,0.5222,0.5222,0
orca [r2SCAN/pcSseg-1],orca,r2SCAN,pcSseg-1,13C,furan,conjugated_strained,[cH]o,2,5,9,small (4-7 heavy atoms),4.7929,0.959,142.7000,147.1532,4.4532,4.4532,0
orca [r2SCAN/pcSseg-1],orca,r2SCAN,pcSseg-1,13C,furan,conjugated_strained,[cH]co,2,5,9,small (4-7 heavy atoms),4.7929,0.959,109.6000,114.2657,4.6658,4.6658,0
orca [r2SCAN/pcSseg-1],orca,r2SCAN,pcSseg-1,1H,furan,conjugated_strained,[cH]o,2,5,9,small (4-7 heavy atoms),4.7210,0.944,7.4200,7.7557,0.3357,0.3357,0
orca [r2SCAN/pcSseg-1],orca,r2SCAN,pcSseg-1,1H,furan,conjugated_strained,[cH]co,2,5,9,small (4-7 heavy atoms),4.7210,0.944,6.3700,6.8107,0.4407,0.4407,0
orca [r2SCAN/pcSseg-1],orca,r2SCAN,pcSseg-1,13C,adamantane,larger,[CX4H2],6,10,26,medium (8-14 heavy atoms),13.2409,1.324,37.8000,43.0641,5.2641,5.2641,0
orca [r2SCAN/pcSseg-1],orca,r2SCAN,pcSseg-1,13C,adamantane,larger,[CX4H1],4,10,26,medium (8-14 heavy atoms),13.2409,1.324,28.3000,35.2940,6.9940,6.9940,0
orca [r2SCAN/pcSseg-1],orca,r2SCAN,pcSseg-1,1H,adamantane,larger,[CX4H2],12,10,26,medium (8-14 heavy atoms),13.2213,1.322,1.7200,1.8396,0.1196,0.1196,0
orca [r2SCAN/pcSseg-1],orca,r2SCAN,pcSseg-1,1H,adamantane,larger,[CX4H1],4,10,26,medium (8-14 heavy atoms),13.2213,1.322,2.0300,1.7727,-0.2573,0.2573,0
orca [r2SCAN/pcSseg-1],orca,r2SCAN,pcSseg-1,13C,camphor,larger,[CX3]=O,1,11,27,medium (8-14 heavy atoms),14.2552,1.296,217.9000,225.3427,7.4427,7.4427,0
orca [r2SCAN/pcSseg-1],orca,r2SCAN,pcSseg-1,13C,menthol,larger,[CX4H1][OH],1,11,31,medium (8-14 heavy atoms),16.6174,1.511,71.5000,77.3717,5.8717,5.8717,0
orca [r2SCAN/pcSseg-1],orca,r2SCAN,pcSseg-1,1H,menthol,larger,[OH],1,11,31,medium (8-14 heavy atoms),16.7819,1.526,1.6000,-0.4838,-2.0838,2.0838,1
orca [r2SCAN/pcSseg-1],orca,r2SCAN,pcSseg-1,13C,caffeine,larger,[cH],1,14,24,medium (8-14 heavy atoms),14.0991,1.007,141.6000,141.0547,-0.5453,0.5453,0
orca [r2SCAN/pcSseg-1],orca,r2SCAN,pcSseg-1,1H,caffeine,larger,[cH],1,14,24,medium (8-14 heavy atoms),13.9749,0.998,7.5100,7.3133,-0.1967,0.1967,0
orca [r2SCAN/pcSseg-1],orca,r2SCAN,pcSseg-1,13C,ibuprofen,larger,[CX3](=O)[OH],1,15,33,large (15+ heavy atoms),24.8793,1.659,180.6000,180.9367,0.3367,0.3367,0
orca [r2SCAN/pcSseg-1],orca,r2SCAN,pcSseg-1,13C,ibuprofen,larger,[CH3]C([CH3])C,1,15,33,large (15+ heavy atoms),24.8793,1.659,22.4000,26.5542,4.1542,4.1542,0
orca [r2SCAN/pcSseg-1],orca,r2SCAN,pcSseg-1,1H,ibuprofen,larger,[CH3]C([CH3])C,3,15,33,large (15+ heavy atoms),25.3647,1.691,0.8900,1.0184,0.1284,0.1284,0
orca [r2SCAN/pcSseg-1],orca,r2SCAN,pcSseg-1,1H,ibuprofen,larger,[OX2H][CX3]=O,1,15,33,large (15+ heavy atoms),25.3647,1.691,11.5000,6.3902,-5.1098,5.1098,1
orca [r2SCAN/pcSseg-1],orca,r2SCAN,pcSseg-1,13C,anthracene,larger,[cH]([cH0])[cH0],2,14,24,medium (8-14 heavy atoms),13.1542,0.940,126.4000,130.8187,4.4187,4.4187,0
orca [r2SCAN/pcSseg-1],orca,r2SCAN,pcSseg-1,13C,anthracene,larger,[cH]([cH0])[cH],4,14,24,medium (8-14 heavy atoms),13.1542,0.940,128.4000,132.9432,4.5432,4.5432,0
orca [r2SCAN/pcSseg-1],orca,r2SCAN,pcSseg-1,13C,anthracene,larger,[cH]([cH])[cH],4,14,24,medium (8-14 heavy atoms),13.1542,0.940,125.5000,130.2217,4.7217,4.7217,0
orca [r2SCAN/pcSseg-1],orca,r2SCAN,pcSseg-1,13C,anthracene,larger,[cH0],4,14,24,medium (8-14 heavy atoms),13.1542,0.940,131.9000,128.9212,-2.9788,2.9788,0
orca [r2SCAN/pcSseg-1],orca,r2SCAN,pcSseg-1,1H,anthracene,larger,[cH]([cH0])[cH0],2,14,24,medium (8-14 heavy atoms),13.2539,0.947,8.4300,8.7353,0.3053,0.3053,0
orca [r2SCAN/pcSseg-1],orca,r2SCAN,pcSseg-1,1H,anthracene,larger,[cH]([cH0])[cH],4,14,24,medium (8-14 heavy atoms),13.2539,0.947,8.0100,8.4897,0.4797,0.4797,0
orca [r2SCAN/pcSseg-1],orca,r2SCAN,pcSseg-1,1H,anthracene,larger,[cH]([cH])[cH],4,14,24,medium (8-14 heavy atoms),13.2539,0.947,7.4600,8.0397,0.5797,0.5797,0
orca [r2SCAN/pcSseg-1],orca,r2SCAN,pcSseg-1,13C,testosterone,larger,[CX3]=O,1,21,49,large (15+ heavy atoms),40.5252,1.930,199.4000,199.8787,0.4787,0.4787,0
orca [r2SCAN/pcSseg-1],orca,r2SCAN,pcSseg-1,13C,testosterone,larger,[CX3H0]=[CX3H1],1,21,49,large (15+ heavy atoms),40.5252,1.930,171.2000,174.1767,2.9768,2.9768,0
orca [r2SCAN/pcSseg-1],orca,r2SCAN,pcSseg-1,13C,testosterone,larger,[CX3H1]=[CX3],1,21,49,large (15+ heavy atoms),40.5252,1.930,123.8000,130.6387,6.8387,6.8387,0
orca [r2SCAN/pcSseg-1],orca,r2SCAN,pcSseg-1,13C,testosterone,larger,[CX4H1][OH],1,21,49,large (15+ heavy atoms),40.5252,1.930,81.6000,89.9077,8.3077,8.3077,0
orca [r2SCAN/pcSseg-1],orca,r2SCAN,pcSseg-1,1H,testosterone,larger,[CX3H1]=[CX3],1,21,49,large (15+ heavy atoms),40.8115,1.943,5.7200,6.1303,0.4103,0.4103,0
orca [r2SCAN/pcSseg-1],orca,r2SCAN,pcSseg-1,1H,testosterone,larger,[CX4H1][OH],1,21,49,large (15+ heavy atoms),40.8115,1.943,3.6500,4.1462,0.4962,0.4962,0
orca [r2SCAN/pcSseg-1],orca,r2SCAN,pcSseg-1,1H,testosterone,larger,[OH],1,21,49,large (15+ heavy atoms),40.8115,1.943,1.6000,0.7703,-0.8297,0.8297,1
orca [r2SCAN/pcSseg-1],orca,r2SCAN,pcSseg-1,13C,cholesterol,larger,[CX3H0]=[CX3H1],1,28,74,large (15+ heavy atoms),49.3086,1.761,140.8000,147.7917,6.9917,6.9917,0
orca [r2SCAN/pcSseg-1],orca,r2SCAN,pcSseg-1,13C,cholesterol,larger,[CX3H1]=[CX3],1,28,74,large (15+ heavy atoms),49.3086,1.761,121.7000,130.6587,8.9587,8.9587,0
orca [r2SCAN/pcSseg-1],orca,r2SCAN,pcSseg-1,13C,cholesterol,larger,[CX4H1][OH],1,28,74,large (15+ heavy atoms),49.3086,1.761,71.8000,79.2727,7.4727,7.4727,0
orca [r2SCAN/pcSseg-1],orca,r2SCAN,pcSseg-1,1H,cholesterol,larger,[CX3H1]=[CX3],1,28,74,large (15+ heavy atoms),49.5772,1.771,5.3500,5.8592,0.5092,0.5092,0
orca [r2SCAN/pcSseg-1],orca,r2SCAN,pcSseg-1,1H,cholesterol,larger,[CX4H1][OH],1,28,74,large (15+ heavy atoms),49.5772,1.771,3.5200,3.7613,0.2413,0.2413,0
orca [r2SCAN/pcSseg-1],orca,r2SCAN,pcSseg-1,1H,cholesterol,larger,[OH],1,28,74,large (15+ heavy atoms),49.5772,1.771,1.6000,0.7742,-0.8258,0.8258,1
orca [TPSSh/pcSseg-1],orca,TPSSh,pcSseg-1,13C,methane,aliphatic,[CH4],1,1,5,tiny (1-3 heavy atoms),2.6831,2.683,-2.3000,-2.7668,-0.4668,0.4668,0
orca [TPSSh/pcSseg-1],orca,TPSSh,pcSseg-1,1H,methane,aliphatic,[CH4],4,1,5,tiny (1-3 heavy atoms),2.4851,2.485,0.2300,0.4094,0.1794,0.1794,0
orca [TPSSh/pcSseg-1],orca,TPSSh,pcSseg-1,13C,ethane,aliphatic,[CH3],2,2,8,tiny (1-3 heavy atoms),4.1530,2.077,5.7000,11.4152,5.7152,5.7152,0
orca [TPSSh/pcSseg-1],orca,TPSSh,pcSseg-1,1H,ethane,aliphatic,[CH3],6,2,8,tiny (1-3 heavy atoms),4.1880,2.094,0.8600,1.0068,0.1468,0.1468,0
orca [TPSSh/pcSseg-1],orca,TPSSh,pcSseg-1,13C,cyclohexane,aliphatic,[CH2],6,6,18,small (4-7 heavy atoms),10.4298,1.738,27.0000,29.1499,2.1499,2.1499,0
orca [TPSSh/pcSseg-1],orca,TPSSh,pcSseg-1,1H,cyclohexane,aliphatic,[CH2],12,6,18,small (4-7 heavy atoms),10.5305,1.755,1.4300,1.3887,-0.0413,0.0413,0
orca [TPSSh/pcSseg-1],orca,TPSSh,pcSseg-1,13C,ethanol,aliphatic,[CH3],1,3,9,tiny (1-3 heavy atoms),5.3259,1.775,18.4000,19.0352,0.6352,0.6352,0
orca [TPSSh/pcSseg-1],orca,TPSSh,pcSseg-1,13C,ethanol,aliphatic,[CH2][OH],1,3,9,tiny (1-3 heavy atoms),5.3259,1.775,58.0000,62.7412,4.7412,4.7412,0
orca [TPSSh/pcSseg-1],orca,TPSSh,pcSseg-1,1H,ethanol,aliphatic,[CH3],3,3,9,tiny (1-3 heavy atoms),5.3100,1.770,1.1800,1.2852,0.1052,0.1052,0
orca [TPSSh/pcSseg-1],orca,TPSSh,pcSseg-1,1H,ethanol,aliphatic,[CH2][OH],2,3,9,tiny (1-3 heavy atoms),5.3100,1.770,3.6900,3.8712,0.1812,0.1812,0
orca [TPSSh/pcSseg-1],orca,TPSSh,pcSseg-1,1H,ethanol,aliphatic,[OH],1,3,9,tiny (1-3 heavy atoms),5.3100,1.770,2.6000,0.5842,-2.0158,2.0158,1
orca [TPSSh/pcSseg-1],orca,TPSSh,pcSseg-1,13C,isopropanol,aliphatic,[CH3],2,4,12,small (4-7 heavy atoms),6.8705,1.718,25.3000,26.8667,1.5667,1.5667,0
orca [TPSSh/pcSseg-1],orca,TPSSh,pcSseg-1,13C,isopropanol,aliphatic,[CH1][OH],1,4,12,small (4-7 heavy atoms),6.8705,1.718,64.0000,67.7182,3.7182,3.7182,0
orca [TPSSh/pcSseg-1],orca,TPSSh,pcSseg-1,1H,isopropanol,aliphatic,[CH3],6,4,12,small (4-7 heavy atoms),6.8497,1.712,1.1800,1.2032,0.0232,0.0232,0
orca [TPSSh/pcSseg-1],orca,TPSSh,pcSseg-1,1H,isopropanol,aliphatic,[CH1][OH],1,4,12,small (4-7 heavy atoms),6.8497,1.712,4.0100,3.9332,-0.0768,0.0768,0
orca [TPSSh/pcSseg-1],orca,TPSSh,pcSseg-1,1H,isopropanol,aliphatic,[OH],1,4,12,small (4-7 heavy atoms),6.8497,1.712,2.2000,0.5262,-1.6738,1.6738,1
orca [TPSSh/pcSseg-1],orca,TPSSh,pcSseg-1,13C,tert_butanol,aliphatic,[CH3],3,5,15,small (4-7 heavy atoms),8.6616,1.732,31.2000,32.5246,1.3246,1.3246,0
orca [TPSSh/pcSseg-1],orca,TPSSh,pcSseg-1,13C,tert_butanol,aliphatic,[CX4]([CH3])([CH3])([CH3])[OH],1,5,15,small (4-7 heavy atoms),8.6616,1.732,69.0000,69.8402,0.8402,0.8402,0
orca [TPSSh/pcSseg-1],orca,TPSSh,pcSseg-1,1H,tert_butanol,aliphatic,[CH3],9,5,15,small (4-7 heavy atoms),8.6782,1.736,1.2200,1.2733,0.0533,0.0533,0
orca [TPSSh/pcSseg-1],orca,TPSSh,pcSseg-1,1H,tert_butanol,aliphatic,[OH],1,5,15,small (4-7 heavy atoms),8.6782,1.736,2.2000,0.2072,-1.9928,1.9928,1
orca [TPSSh/pcSseg-1],orca,TPSSh,pcSseg-1,13C,neopentane,aliphatic,[CH3],4,5,17,small (4-7 heavy atoms),9.4654,1.893,31.7000,32.6375,0.9375,0.9375,0
orca [TPSSh/pcSseg-1],orca,TPSSh,pcSseg-1,13C,neopentane,aliphatic,[CX4]([CH3])([CH3])([CH3])[CH3],1,5,17,small (4-7 heavy atoms),9.4654,1.893,27.9000,30.6282,2.7282,2.7282,0
orca [TPSSh/pcSseg-1],orca,TPSSh,pcSseg-1,1H,neopentane,aliphatic,[CH3],12,5,17,small (4-7 heavy atoms),9.6285,1.926,0.9200,1.0229,0.1029,0.1029,0
orca [TPSSh/pcSseg-1],orca,TPSSh,pcSseg-1,13C,benzene,aromatic,[cH],6,6,12,small (4-7 heavy atoms),7.8687,1.311,128.5000,130.6922,2.1922,2.1922,0
orca [TPSSh/pcSseg-1],orca,TPSSh,pcSseg-1,1H,benzene,aromatic,[cH],6,6,12,small (4-7 heavy atoms),7.8762,1.313,7.2600,7.4908,0.2308,0.2308,0
orca [TPSSh/pcSseg-1],orca,TPSSh,pcSseg-1,13C,p_xylene,aromatic,[CH3],2,8,18,medium (8-14 heavy atoms),10.6577,1.332,20.9000,24.5227,3.6227,3.6227,0
orca [TPSSh/pcSseg-1],orca,TPSSh,pcSseg-1,13C,p_xylene,aromatic,[cH],4,8,18,medium (8-14 heavy atoms),10.6577,1.332,129.0000,131.9730,2.9730,2.9730,0
orca [TPSSh/pcSseg-1],orca,TPSSh,pcSseg-1,13C,p_xylene,aromatic,[c]([CH3]),2,8,18,medium (8-14 heavy atoms),10.6577,1.332,134.7000,136.9897,2.2897,2.2897,0
orca [TPSSh/pcSseg-1],orca,TPSSh,pcSseg-1,1H,p_xylene,aromatic,[CH3],6,8,18,medium (8-14 heavy atoms),10.6726,1.334,2.3000,2.4322,0.1322,0.1322,0
orca [TPSSh/pcSseg-1],orca,TPSSh,pcSseg-1,1H,p_xylene,aromatic,[cH],4,8,18,medium (8-14 heavy atoms),10.6726,1.334,7.0500,7.2892,0.2392,0.2392,0
orca [TPSSh/pcSseg-1],orca,TPSSh,pcSseg-1,13C,mesitylene,aromatic,[CH3],3,9,21,medium (8-14 heavy atoms),13.3542,1.484,21.2000,24.5976,3.3976,3.3976,0
orca [TPSSh/pcSseg-1],orca,TPSSh,pcSseg-1,13C,mesitylene,aromatic,[cH],3,9,21,medium (8-14 heavy atoms),13.3542,1.484,126.2000,129.6942,3.4942,3.4942,0
orca [TPSSh/pcSseg-1],orca,TPSSh,pcSseg-1,13C,mesitylene,aromatic,[c]([CH3]),3,9,21,medium (8-14 heavy atoms),13.3542,1.484,137.6000,140.9866,3.3866,3.3866,0
orca [TPSSh/pcSseg-1],orca,TPSSh,pcSseg-1,1H,mesitylene,aromatic,[CH3],9,9,21,medium (8-14 heavy atoms),13.3368,1.482,2.2500,2.4236,0.1736,0.1736,0
orca [TPSSh/pcSseg-1],orca,TPSSh,pcSseg-1,1H,mesitylene,aromatic,[cH],3,9,21,medium (8-14 heavy atoms),13.3368,1.482,6.7800,7.0138,0.2338,0.2338,0
orca [TPSSh/pcSseg-1],orca,TPSSh,pcSseg-1,13C,pyridine,aromatic,[cH]n,2,6,11,small (4-7 heavy atoms),7.9552,1.326,149.9000,155.3117,5.4117,5.4117,0
orca [TPSSh/pcSseg-1],orca,TPSSh,pcSseg-1,13C,pyridine,aromatic,[cH]cn,2,6,11,small (4-7 heavy atoms),7.9552,1.326,123.8000,123.5422,-0.2578,0.2578,0
orca [TPSSh/pcSseg-1],orca,TPSSh,pcSseg-1,13C,pyridine,aromatic,[cH]ccn,1,6,11,small (4-7 heavy atoms),7.9552,1.326,136.0000,136.5272,0.5272,0.5272,0
orca [TPSSh/pcSseg-1],orca,TPSSh,pcSseg-1,1H,pyridine,aromatic,[cH]n,2,6,11,small (4-7 heavy atoms),7.9761,1.329,8.6000,8.8917,0.2917,0.2917,0
orca [TPSSh/pcSseg-1],orca,TPSSh,pcSseg-1,1H,pyridine,aromatic,[cH]cn,2,6,11,small (4-7 heavy atoms),7.9761,1.329,7.2500,7.2102,-0.0398,0.0398,0
orca [TPSSh/pcSseg-1],orca,TPSSh,pcSseg-1,1H,pyridine,aromatic,[cH]ccn,1,6,11,small (4-7 heavy atoms),7.9761,1.329,7.6500,7.6322,-0.0178,0.0178,0
orca [TPSSh/pcSseg-1],orca,TPSSh,pcSseg-1,13C,naphthalene,aromatic,[cH][cH0],4,10,18,medium (8-14 heavy atoms),14.0528,1.405,127.9000,131.3425,3.4425,3.4425,0
orca [TPSSh/pcSseg-1],orca,TPSSh,pcSseg-1,13C,naphthalene,aromatic,[cH]([cH])[cH],4,10,18,medium (8-14 heavy atoms),14.0528,1.405,125.8000,129.3880,3.5880,3.5880,0
orca [TPSSh/pcSseg-1],orca,TPSSh,pcSseg-1,13C,naphthalene,aromatic,[cH0],2,10,18,medium (8-14 heavy atoms),14.0528,1.405,133.5000,129.6837,-3.8163,3.8163,0
orca [TPSSh/pcSseg-1],orca,TPSSh,pcSseg-1,1H,naphthalene,aromatic,[cH][cH0],4,10,18,medium (8-14 heavy atoms),13.8428,1.384,7.8400,8.0587,0.2187,0.2187,0
orca [TPSSh/pcSseg-1],orca,TPSSh,pcSseg-1,1H,naphthalene,aromatic,[cH]([cH])[cH],4,10,18,medium (8-14 heavy atoms),13.8428,1.384,7.4600,7.7557,0.2957,0.2957,0
orca [TPSSh/pcSseg-1],orca,TPSSh,pcSseg-1,13C,acetone,carbonyl,[CH3],2,4,10,small (4-7 heavy atoms),6.4380,1.610,30.9000,31.8557,0.9557,0.9557,0
orca [TPSSh/pcSseg-1],orca,TPSSh,pcSseg-1,13C,acetone,carbonyl,[CX3]=O,1,4,10,small (4-7 heavy atoms),6.4380,1.610,206.0000,211.9622,5.9622,5.9622,0
orca [TPSSh/pcSseg-1],orca,TPSSh,pcSseg-1,1H,acetone,carbonyl,[CH3],6,4,10,small (4-7 heavy atoms),6.3351,1.584,2.1700,2.1418,-0.0282,0.0282,0
orca [TPSSh/pcSseg-1],orca,TPSSh,pcSseg-1,13C,acetaldehyde,carbonyl,[CH3],1,3,7,tiny (1-3 heavy atoms),4.6533,1.551,30.9000,34.5272,3.6272,3.6272,0
orca [TPSSh/pcSseg-1],orca,TPSSh,pcSseg-1,13C,acetaldehyde,carbonyl,[CX3H1]=O,1,3,7,tiny (1-3 heavy atoms),4.6533,1.551,199.6000,205.1282,5.5282,5.5282,0
orca [TPSSh/pcSseg-1],orca,TPSSh,pcSseg-1,1H,acetaldehyde,carbonyl,[CH3],3,3,7,tiny (1-3 heavy atoms),4.6352,1.545,2.2000,2.1625,-0.0375,0.0375,0
orca [TPSSh/pcSseg-1],orca,TPSSh,pcSseg-1,1H,acetaldehyde,carbonyl,[CX3H1]=O,1,3,7,tiny (1-3 heavy atoms),4.6352,1.545,9.7900,9.9752,0.1852,0.1852,0
orca [TPSSh/pcSseg-1],orca,TPSSh,pcSseg-1,13C,ethyl_acetate,carbonyl,[CH3]C(=O)O,1,6,14,small (4-7 heavy atoms),8.7473,1.458,21.0000,23.6882,2.6882,2.6882,0
orca [TPSSh/pcSseg-1],orca,TPSSh,pcSseg-1,13C,ethyl_acetate,carbonyl,[CX3](=O)O,1,6,14,small (4-7 heavy atoms),8.7473,1.458,171.0000,178.6912,7.6912,7.6912,0
orca [TPSSh/pcSseg-1],orca,TPSSh,pcSseg-1,13C,ethyl_acetate,carbonyl,[CH2]OC=O,1,6,14,small (4-7 heavy atoms),8.7473,1.458,60.5000,63.5132,3.0132,3.0132,0
orca [TPSSh/pcSseg-1],orca,TPSSh,pcSseg-1,13C,ethyl_acetate,carbonyl,[CH3][CH2]O,1,6,14,small (4-7 heavy atoms),8.7473,1.458,14.2000,17.5412,3.3412,3.3412,0
orca [TPSSh/pcSseg-1],orca,TPSSh,pcSseg-1,1H,ethyl_acetate,carbonyl,[CH3]C(=O)O,3,6,14,small (4-7 heavy atoms),8.7551,1.459,2.0400,2.1108,0.0708,0.0708,0
orca [TPSSh/pcSseg-1],orca,TPSSh,pcSseg-1,1H,ethyl_acetate,carbonyl,[CH2]OC=O,2,6,14,small (4-7 heavy atoms),8.7551,1.459,4.1200,3.9907,-0.1293,0.1293,0
orca [TPSSh/pcSseg-1],orca,TPSSh,pcSseg-1,1H,ethyl_acetate,carbonyl,[CH3][CH2]O,3,6,14,small (4-7 heavy atoms),8.7551,1.459,1.2600,1.3552,0.0952,0.0952,0
orca [TPSSh/pcSseg-1],orca,TPSSh,pcSseg-1,13C,benzaldehyde,carbonyl,[CX3H1]=O,1,8,14,medium (8-14 heavy atoms),10.5346,1.317,192.4000,194.8912,2.4912,2.4912,0
orca [TPSSh/pcSseg-1],orca,TPSSh,pcSseg-1,1H,benzaldehyde,carbonyl,[CX3H1]=O,1,8,14,medium (8-14 heavy atoms),10.5420,1.318,9.9900,10.0752,0.0852,0.0852,0
orca [TPSSh/pcSseg-1],orca,TPSSh,pcSseg-1,13C,dmf,carbonyl,[CX3H1]=O,1,5,12,small (4-7 heavy atoms),7.7596,1.552,162.6000,162.6032,0.0032,0.0032,0
orca [TPSSh/pcSseg-1],orca,TPSSh,pcSseg-1,1H,dmf,carbonyl,[CX3H1]=O,1,5,12,small (4-7 heavy atoms),7.7022,1.540,8.0200,7.9212,-0.0988,0.0988,0
orca [TPSSh/pcSseg-1],orca,TPSSh,pcSseg-1,13C,acetic_acid,carboxylic_acid,[CH3],1,4,8,small (4-7 heavy atoms),5.3610,1.340,20.8000,20.5552,-0.2448,0.2448,0
orca [TPSSh/pcSseg-1],orca,TPSSh,pcSseg-1,13C,acetic_acid,carboxylic_acid,[CX3](=O)[OH],1,4,8,small (4-7 heavy atoms),5.3610,1.340,178.1000,175.7012,-2.3988,2.3988,0
orca [TPSSh/pcSseg-1],orca,TPSSh,pcSseg-1,1H,acetic_acid,carboxylic_acid,[CH3],3,4,8,small (4-7 heavy atoms),5.2928,1.323,2.1000,2.1415,0.0415,0.0415,0
orca [TPSSh/pcSseg-1],orca,TPSSh,pcSseg-1,1H,acetic_acid,carboxylic_acid,[OX2H][CX3]=O,1,4,8,small (4-7 heavy atoms),5.2928,1.323,11.4000,6.3862,-5.0138,5.0138,1
orca [TPSSh/pcSseg-1],orca,TPSSh,pcSseg-1,13C,formic_acid,carboxylic_acid,[CX3H1](=O)[OH],1,3,5,tiny (1-3 heavy atoms),4.9898,1.663,166.3000,165.2002,-1.0998,1.0998,0
orca [TPSSh/pcSseg-1],orca,TPSSh,pcSseg-1,1H,formic_acid,carboxylic_acid,[CX3H1](=O)[OH],1,3,5,tiny (1-3 heavy atoms),4.6981,1.566,8.0800,7.9452,-0.1348,0.1348,0
orca [TPSSh/pcSseg-1],orca,TPSSh,pcSseg-1,1H,formic_acid,carboxylic_acid,[OX2H][CX3]=O,1,3,5,tiny (1-3 heavy atoms),4.6981,1.566,11.0000,6.6742,-4.3258,4.3258,1
orca [TPSSh/pcSseg-1],orca,TPSSh,pcSseg-1,13C,benzoic_acid,carboxylic_acid,[CX3](=O)[OH],1,9,15,medium (8-14 heavy atoms),11.4631,1.274,172.6000,169.3922,-3.2078,3.2078,0
orca [TPSSh/pcSseg-1],orca,TPSSh,pcSseg-1,1H,benzoic_acid,carboxylic_acid,[OX2H][CX3]=O,1,9,15,medium (8-14 heavy atoms),11.4944,1.277,12.0000,6.5572,-5.4428,5.4428,1
orca [TPSSh/pcSseg-1],orca,TPSSh,pcSseg-1,13C,chloroform,heteroatom_halogen,[CX4H1](Cl)(Cl)Cl,1,4,5,small (4-7 heavy atoms),4.6271,1.157,77.7000,106.5302,28.8302,28.8302,0
orca [TPSSh/pcSseg-1],orca,TPSSh,pcSseg-1,1H,chloroform,heteroatom_halogen,[CX4H1](Cl)(Cl)Cl,1,4,5,small (4-7 heavy atoms),4.4468,1.112,7.2600,7.5672,0.3072,0.3072,0
orca [TPSSh/pcSseg-1],orca,TPSSh,pcSseg-1,13C,dichloromethane,heteroatom_halogen,[CH2](Cl)Cl,1,3,5,tiny (1-3 heavy atoms),3.7060,1.235,53.5000,68.9382,15.4382,15.4382,0
orca [TPSSh/pcSseg-1],orca,TPSSh,pcSseg-1,1H,dichloromethane,heteroatom_halogen,[CH2](Cl)Cl,2,3,5,tiny (1-3 heavy atoms),3.7153,1.238,5.3000,5.4407,0.1407,0.1407,0
orca [TPSSh/pcSseg-1],orca,TPSSh,pcSseg-1,13C,methanol,heteroatom_halogen,[CH3]O,1,2,6,tiny (1-3 heavy atoms),3.7291,1.865,50.4000,54.7372,4.3372,4.3372,0
orca [TPSSh/pcSseg-1],orca,TPSSh,pcSseg-1,1H,methanol,heteroatom_halogen,[CH3]O,3,2,6,tiny (1-3 heavy atoms),3.6707,1.835,3.4000,3.6775,0.2775,0.2775,0
orca [TPSSh/pcSseg-1],orca,TPSSh,pcSseg-1,1H,methanol,heteroatom_halogen,[OH],1,2,6,tiny (1-3 heavy atoms),3.6707,1.835,2.0000,-0.2268,-2.2268,2.2268,1
orca [TPSSh/pcSseg-1],orca,TPSSh,pcSseg-1,13C,acetonitrile,heteroatom_halogen,[CH3]C#N,1,3,6,tiny (1-3 heavy atoms),3.9647,1.322,1.3000,4.5522,3.2522,3.2522,0
orca [TPSSh/pcSseg-1],orca,TPSSh,pcSseg-1,13C,acetonitrile,heteroatom_halogen,[CX2]#N,1,3,6,tiny (1-3 heavy atoms),3.9647,1.322,117.7000,117.7772,0.0772,0.0772,0
orca [TPSSh/pcSseg-1],orca,TPSSh,pcSseg-1,1H,acetonitrile,heteroatom_halogen,[CH3]C#N,3,3,6,tiny (1-3 heavy atoms),3.9480,1.316,2.0000,1.9148,-0.0852,0.0852,0
orca [TPSSh/pcSseg-1],orca,TPSSh,pcSseg-1,13C,dmso,heteroatom_halogen,[CH3],2,4,10,small (4-7 heavy atoms),6.7654,1.691,40.5000,42.4362,1.9362,1.9362,0
orca [TPSSh/pcSseg-1],orca,TPSSh,pcSseg-1,1H,dmso,heteroatom_halogen,[CH3],6,4,10,small (4-7 heavy atoms),6.8230,1.706,2.5000,2.1837,-0.3163,0.3163,0
orca [TPSSh/pcSseg-1],orca,TPSSh,pcSseg-1,13C,ethylene,conjugated_strained,[CH2]=[CH2],1,2,6,tiny (1-3 heavy atoms),3.6441,1.822,123.3000,128.7722,5.4722,5.4722,0
orca [TPSSh/pcSseg-1],orca,TPSSh,pcSseg-1,1H,ethylene,conjugated_strained,[CH2]=[CH2],2,2,6,tiny (1-3 heavy atoms),3.6234,1.812,5.4000,5.7202,0.3202,0.3202,0
orca [TPSSh/pcSseg-1],orca,TPSSh,pcSseg-1,13C,acetylene,conjugated_strained,[CH1]#[CH1],1,2,4,tiny (1-3 heavy atoms),2.7614,1.381,71.9000,70.9737,-0.9263,0.9263,0
orca [TPSSh/pcSseg-1],orca,TPSSh,pcSseg-1,1H,acetylene,conjugated_strained,[CH1]#[CH1],1,2,4,tiny (1-3 heavy atoms),2.5184,1.259,1.8000,1.4847,-0.3153,0.3153,0
orca [TPSSh/pcSseg-1],orca,TPSSh,pcSseg-1,13C,cyclopropane,conjugated_strained,[CH2],3,3,9,tiny (1-3 heavy atoms),5.1687,1.723,-2.8000,-0.3874,2.4126,2.4126,0
orca [TPSSh/pcSseg-1],orca,TPSSh,pcSseg-1,1H,cyclopropane,conjugated_strained,[CH2],6,3,9,tiny (1-3 heavy atoms),5.1567,1.719,0.2200,0.2330,0.0130,0.0130,0
orca [TPSSh/pcSseg-1],orca,TPSSh,pcSseg-1,13C,styrene,conjugated_strained,[CH2]=[CH],1,8,16,medium (8-14 heavy atoms),10.8593,1.357,113.2000,119.8942,6.6942,6.6942,0
orca [TPSSh/pcSseg-1],orca,TPSSh,pcSseg-1,13C,styrene,conjugated_strained,[CH1](=[CH2])c,1,8,16,medium (8-14 heavy atoms),10.8593,1.357,136.9000,144.3642,7.4642,7.4642,0
orca [TPSSh/pcSseg-1],orca,TPSSh,pcSseg-1,1H,styrene,conjugated_strained,[CH1](=[CH2])c,1,8,16,medium (8-14 heavy atoms),10.6860,1.336,6.7200,7.0322,0.3122,0.3122,0
orca [TPSSh/pcSseg-1],orca,TPSSh,pcSseg-1,13C,furan,conjugated_strained,[cH]o,2,5,9,small (4-7 heavy atoms),6.5763,1.315,142.7000,145.9642,3.2643,3.2643,0
orca [TPSSh/pcSseg-1],orca,TPSSh,pcSseg-1,13C,furan,conjugated_strained,[cH]co,2,5,9,small (4-7 heavy atoms),6.5763,1.315,109.6000,112.9892,3.3892,3.3892,0
orca [TPSSh/pcSseg-1],orca,TPSSh,pcSseg-1,1H,furan,conjugated_strained,[cH]o,2,5,9,small (4-7 heavy atoms),6.5084,1.302,7.4200,7.6102,0.1902,0.1902,0
orca [TPSSh/pcSseg-1],orca,TPSSh,pcSseg-1,1H,furan,conjugated_strained,[cH]co,2,5,9,small (4-7 heavy atoms),6.5084,1.302,6.3700,6.6217,0.2517,0.2517,0
orca [TPSSh/pcSseg-1],orca,TPSSh,pcSseg-1,13C,adamantane,larger,[CX4H2],6,10,26,medium (8-14 heavy atoms),17.8483,1.785,37.8000,40.7412,2.9412,2.9412,0
orca [TPSSh/pcSseg-1],orca,TPSSh,pcSseg-1,13C,adamantane,larger,[CX4H1],4,10,26,medium (8-14 heavy atoms),17.8483,1.785,28.3000,32.7955,4.4955,4.4955,0
orca [TPSSh/pcSseg-1],orca,TPSSh,pcSseg-1,1H,adamantane,larger,[CX4H2],12,10,26,medium (8-14 heavy atoms),17.8077,1.781,1.7200,1.7585,0.0385,0.0385,0
orca [TPSSh/pcSseg-1],orca,TPSSh,pcSseg-1,1H,adamantane,larger,[CX4H1],4,10,26,medium (8-14 heavy atoms),17.8077,1.781,2.0300,1.6729,-0.3571,0.3571,0
orca [TPSSh/pcSseg-1],orca,TPSSh,pcSseg-1,13C,camphor,larger,[CX3]=O,1,11,27,medium (8-14 heavy atoms),19.7740,1.798,217.9000,226.0442,8.1442,8.1442,0
orca [TPSSh/pcSseg-1],orca,TPSSh,pcSseg-1,13C,menthol,larger,[CX4H1][OH],1,11,31,medium (8-14 heavy atoms),23.0754,2.098,71.5000,73.9672,2.4672,2.4672,0
orca [TPSSh/pcSseg-1],orca,TPSSh,pcSseg-1,1H,menthol,larger,[OH],1,11,31,medium (8-14 heavy atoms),23.4736,2.134,1.6000,-0.5398,-2.1398,2.1398,1
orca [TPSSh/pcSseg-1],orca,TPSSh,pcSseg-1,13C,caffeine,larger,[cH],1,14,24,medium (8-14 heavy atoms),20.1772,1.441,141.6000,140.6352,-0.9648,0.9648,0
orca [TPSSh/pcSseg-1],orca,TPSSh,pcSseg-1,1H,caffeine,larger,[cH],1,14,24,medium (8-14 heavy atoms),20.3156,1.451,7.5100,7.2432,-0.2668,0.2668,0
orca [TPSSh/pcSseg-1],orca,TPSSh,pcSseg-1,13C,ibuprofen,larger,[CX3](=O)[OH],1,15,33,large (15+ heavy atoms),35.7994,2.387,180.6000,181.6902,1.0902,1.0902,0
orca [TPSSh/pcSseg-1],orca,TPSSh,pcSseg-1,13C,ibuprofen,larger,[CH3]C([CH3])C,1,15,33,large (15+ heavy atoms),35.7994,2.387,22.4000,25.1667,2.7667,2.7667,0
orca [TPSSh/pcSseg-1],orca,TPSSh,pcSseg-1,1H,ibuprofen,larger,[CH3]C([CH3])C,3,15,33,large (15+ heavy atoms),35.5934,2.373,0.8900,0.9892,0.0992,0.0992,0
orca [TPSSh/pcSseg-1],orca,TPSSh,pcSseg-1,1H,ibuprofen,larger,[OX2H][CX3]=O,1,15,33,large (15+ heavy atoms),35.5934,2.373,11.5000,6.3782,-5.1218,5.1218,1
orca [TPSSh/pcSseg-1],orca,TPSSh,pcSseg-1,13C,anthracene,larger,[cH]([cH0])[cH0],2,14,24,medium (8-14 heavy atoms),19.7212,1.409,126.4000,130.1377,3.7377,3.7377,0
orca [TPSSh/pcSseg-1],orca,TPSSh,pcSseg-1,13C,anthracene,larger,[cH]([cH0])[cH],4,14,24,medium (8-14 heavy atoms),19.7212,1.409,128.4000,132.2027,3.8027,3.8027,0
orca [TPSSh/pcSseg-1],orca,TPSSh,pcSseg-1,13C,anthracene,larger,[cH]([cH])[cH],4,14,24,medium (8-14 heavy atoms),19.7212,1.409,125.5000,129.4187,3.9187,3.9187,0
orca [TPSSh/pcSseg-1],orca,TPSSh,pcSseg-1,13C,anthracene,larger,[cH0],4,14,24,medium (8-14 heavy atoms),19.7212,1.409,131.9000,128.6147,-3.2853,3.2853,0
orca [TPSSh/pcSseg-1],orca,TPSSh,pcSseg-1,1H,anthracene,larger,[cH]([cH0])[cH0],2,14,24,medium (8-14 heavy atoms),19.5718,1.398,8.4300,8.6042,0.1742,0.1742,0
orca [TPSSh/pcSseg-1],orca,TPSSh,pcSseg-1,1H,anthracene,larger,[cH]([cH0])[cH],4,14,24,medium (8-14 heavy atoms),19.5718,1.398,8.0100,8.3302,0.3202,0.3202,0
orca [TPSSh/pcSseg-1],orca,TPSSh,pcSseg-1,1H,anthracene,larger,[cH]([cH])[cH],4,14,24,medium (8-14 heavy atoms),19.5718,1.398,7.4600,7.8489,0.3889,0.3889,0
orca [TPSSh/pcSseg-1],orca,TPSSh,pcSseg-1,13C,testosterone,larger,[CX3]=O,1,21,49,large (15+ heavy atoms),61.4282,2.925,199.4000,201.1642,1.7642,1.7642,0
orca [TPSSh/pcSseg-1],orca,TPSSh,pcSseg-1,13C,testosterone,larger,[CX3H0]=[CX3H1],1,21,49,large (15+ heavy atoms),61.4282,2.925,171.2000,171.7562,0.5563,0.5563,0
orca [TPSSh/pcSseg-1],orca,TPSSh,pcSseg-1,13C,testosterone,larger,[CX3H1]=[CX3],1,21,49,large (15+ heavy atoms),61.4282,2.925,123.8000,130.6072,6.8072,6.8072,0
orca [TPSSh/pcSseg-1],orca,TPSSh,pcSseg-1,13C,testosterone,larger,[CX4H1][OH],1,21,49,large (15+ heavy atoms),61.4282,2.925,81.6000,86.0722,4.4722,4.4722,0
orca [TPSSh/pcSseg-1],orca,TPSSh,pcSseg-1,1H,testosterone,larger,[CX3H1]=[CX3],1,21,49,large (15+ heavy atoms),61.5499,2.931,5.7200,6.0352,0.3152,0.3152,0
orca [TPSSh/pcSseg-1],orca,TPSSh,pcSseg-1,1H,testosterone,larger,[CX4H1][OH],1,21,49,large (15+ heavy atoms),61.5499,2.931,3.6500,3.9962,0.3462,0.3462,0
orca [TPSSh/pcSseg-1],orca,TPSSh,pcSseg-1,1H,testosterone,larger,[OH],1,21,49,large (15+ heavy atoms),61.5499,2.931,1.6000,0.6652,-0.9348,0.9348,1
orca [TPSSh/pcSseg-1],orca,TPSSh,pcSseg-1,13C,cholesterol,larger,[CX3H0]=[CX3H1],1,28,74,large (15+ heavy atoms),84.7227,3.026,140.8000,146.2252,5.4252,5.4252,0
orca [TPSSh/pcSseg-1],orca,TPSSh,pcSseg-1,13C,cholesterol,larger,[CX3H1]=[CX3],1,28,74,large (15+ heavy atoms),84.7227,3.026,121.7000,130.0382,8.3382,8.3382,0
orca [TPSSh/pcSseg-1],orca,TPSSh,pcSseg-1,13C,cholesterol,larger,[CX4H1][OH],1,28,74,large (15+ heavy atoms),84.7227,3.026,71.8000,75.6992,3.8992,3.8992,0
orca [TPSSh/pcSseg-1],orca,TPSSh,pcSseg-1,1H,cholesterol,larger,[CX3H1]=[CX3],1,28,74,large (15+ heavy atoms),84.1304,3.005,5.3500,5.7132,0.3632,0.3632,0
orca [TPSSh/pcSseg-1],orca,TPSSh,pcSseg-1,1H,cholesterol,larger,[CX4H1][OH],1,28,74,large (15+ heavy atoms),84.1304,3.005,3.5200,3.6042,0.0842,0.0842,0
orca [TPSSh/pcSseg-1],orca,TPSSh,pcSseg-1,1H,cholesterol,larger,[OH],1,28,74,large (15+ heavy atoms),84.1304,3.005,1.6000,0.6542,-0.9458,0.9458,1
orca [PBE0/pcSseg-1],orca,PBE0,pcSseg-1,13C,methane,aliphatic,[CH4],1,1,5,tiny (1-3 heavy atoms),2.8388,2.839,-2.3000,-4.2577,-1.9577,1.9577,0
orca [PBE0/pcSseg-1],orca,PBE0,pcSseg-1,1H,methane,aliphatic,[CH4],4,1,5,tiny (1-3 heavy atoms),2.3959,2.396,0.2300,0.3708,0.1408,0.1408,0
orca [PBE0/pcSseg-1],orca,PBE0,pcSseg-1,13C,ethane,aliphatic,[CH3],2,2,8,tiny (1-3 heavy atoms),3.7998,1.900,5.7000,9.8942,4.1942,4.1942,0
orca [PBE0/pcSseg-1],orca,PBE0,pcSseg-1,1H,ethane,aliphatic,[CH3],6,2,8,tiny (1-3 heavy atoms),3.8019,1.901,0.8600,0.9885,0.1285,0.1285,0
orca [PBE0/pcSseg-1],orca,PBE0,pcSseg-1,13C,cyclohexane,aliphatic,[CH2],6,6,18,small (4-7 heavy atoms),9.3586,1.560,27.0000,28.4544,1.4544,1.4544,0
orca [PBE0/pcSseg-1],orca,PBE0,pcSseg-1,1H,cyclohexane,aliphatic,[CH2],12,6,18,small (4-7 heavy atoms),9.3310,1.555,1.4300,1.3673,-0.0627,0.0627,0
orca [PBE0/pcSseg-1],orca,PBE0,pcSseg-1,13C,ethanol,aliphatic,[CH3],1,3,9,tiny (1-3 heavy atoms),6.5721,2.191,18.4000,18.2413,-0.1587,0.1587,0
orca [PBE0/pcSseg-1],orca,PBE0,pcSseg-1,13C,ethanol,aliphatic,[CH2][OH],1,3,9,tiny (1-3 heavy atoms),6.5721,2.191,58.0000,62.0993,4.0993,4.0993,0
orca [PBE0/pcSseg-1],orca,PBE0,pcSseg-1,1H,ethanol,aliphatic,[CH3],3,3,9,tiny (1-3 heavy atoms),6.6366,2.212,1.1800,1.2712,0.0912,0.0912,0
orca [PBE0/pcSseg-1],orca,PBE0,pcSseg-1,1H,ethanol,aliphatic,[CH2][OH],2,3,9,tiny (1-3 heavy atoms),6.6366,2.212,3.6900,3.8238,0.1338,0.1338,0
orca [PBE0/pcSseg-1],orca,PBE0,pcSseg-1,1H,ethanol,aliphatic,[OH],1,3,9,tiny (1-3 heavy atoms),6.6366,2.212,2.6000,0.5508,-2.0492,2.0492,1
orca [PBE0/pcSseg-1],orca,PBE0,pcSseg-1,13C,isopropanol,aliphatic,[CH3],2,4,12,small (4-7 heavy atoms),6.0647,1.516,25.3000,26.6988,1.3988,1.3988,0
orca [PBE0/pcSseg-1],orca,PBE0,pcSseg-1,13C,isopropanol,aliphatic,[CH1][OH],1,4,12,small (4-7 heavy atoms),6.0647,1.516,64.0000,67.0313,3.0313,3.0313,0
orca [PBE0/pcSseg-1],orca,PBE0,pcSseg-1,1H,isopropanol,aliphatic,[CH3],6,4,12,small (4-7 heavy atoms),6.1103,1.528,1.1800,1.1847,0.0047,0.0047,0
orca [PBE0/pcSseg-1],orca,PBE0,pcSseg-1,1H,isopropanol,aliphatic,[CH1][OH],1,4,12,small (4-7 heavy atoms),6.1103,1.528,4.0100,3.8968,-0.1132,0.1132,0
orca [PBE0/pcSseg-1],orca,PBE0,pcSseg-1,1H,isopropanol,aliphatic,[OH],1,4,12,small (4-7 heavy atoms),6.1103,1.528,2.2000,0.5028,-1.6972,1.6972,1
orca [PBE0/pcSseg-1],orca,PBE0,pcSseg-1,13C,tert_butanol,aliphatic,[CH3],3,5,15,small (4-7 heavy atoms),8.0147,1.603,31.2000,32.7473,1.5473,1.5473,0
orca [PBE0/pcSseg-1],orca,PBE0,pcSseg-1,13C,tert_butanol,aliphatic,[CX4]([CH3])([CH3])([CH3])[OH],1,5,15,small (4-7 heavy atoms),8.0147,1.603,69.0000,69.3453,0.3453,0.3453,0
orca [PBE0/pcSseg-1],orca,PBE0,pcSseg-1,1H,tert_butanol,aliphatic,[CH3],9,5,15,small (4-7 heavy atoms),8.0754,1.615,1.2200,1.2553,0.0353,0.0353,0
orca [PBE0/pcSseg-1],orca,PBE0,pcSseg-1,1H,tert_butanol,aliphatic,[OH],1,5,15,small (4-7 heavy atoms),8.0754,1.615,2.2000,0.2068,-1.9932,1.9932,1
orca [PBE0/pcSseg-1],orca,PBE0,pcSseg-1,13C,neopentane,aliphatic,[CH3],4,5,17,small (4-7 heavy atoms),9.0409,1.808,31.7000,33.0273,1.3273,1.3273,0
orca [PBE0/pcSseg-1],orca,PBE0,pcSseg-1,13C,neopentane,aliphatic,[CX4]([CH3])([CH3])([CH3])[CH3],1,5,17,small (4-7 heavy atoms),9.0409,1.808,27.9000,30.1483,2.2483,2.2483,0
orca [PBE0/pcSseg-1],orca,PBE0,pcSseg-1,1H,neopentane,aliphatic,[CH3],12,5,17,small (4-7 heavy atoms),8.9523,1.790,0.9200,1.0158,0.0958,0.0958,0
orca [PBE0/pcSseg-1],orca,PBE0,pcSseg-1,13C,benzene,aromatic,[cH],6,6,12,small (4-7 heavy atoms),6.9028,1.150,128.5000,135.2303,6.7303,6.7303,0
orca [PBE0/pcSseg-1],orca,PBE0,pcSseg-1,1H,benzene,aromatic,[cH],6,6,12,small (4-7 heavy atoms),6.8487,1.141,7.2600,7.6405,0.3805,0.3805,0
orca [PBE0/pcSseg-1],orca,PBE0,pcSseg-1,13C,p_xylene,aromatic,[CH3],2,8,18,medium (8-14 heavy atoms),10.2068,1.276,20.9000,23.7463,2.8463,2.8463,0
orca [PBE0/pcSseg-1],orca,PBE0,pcSseg-1,13C,p_xylene,aromatic,[cH],4,8,18,medium (8-14 heavy atoms),10.2068,1.276,129.0000,136.4017,7.4017,7.4017,0
orca [PBE0/pcSseg-1],orca,PBE0,pcSseg-1,13C,p_xylene,aromatic,[c]([CH3]),2,8,18,medium (8-14 heavy atoms),10.2068,1.276,134.7000,141.0718,6.3718,6.3718,0
orca [PBE0/pcSseg-1],orca,PBE0,pcSseg-1,1H,p_xylene,aromatic,[CH3],6,8,18,medium (8-14 heavy atoms),10.1086,1.264,2.3000,2.4403,0.1403,0.1403,0
orca [PBE0/pcSseg-1],orca,PBE0,pcSseg-1,1H,p_xylene,aromatic,[cH],4,8,18,medium (8-14 heavy atoms),10.1086,1.264,7.0500,7.4278,0.3778,0.3778,0
orca [PBE0/pcSseg-1],orca,PBE0,pcSseg-1,13C,mesitylene,aromatic,[CH3],3,9,21,medium (8-14 heavy atoms),11.7356,1.304,21.2000,23.9179,2.7179,2.7179,0
orca [PBE0/pcSseg-1],orca,PBE0,pcSseg-1,13C,mesitylene,aromatic,[cH],3,9,21,medium (8-14 heavy atoms),11.7356,1.304,126.2000,133.6129,7.4129,7.4129,0
orca [PBE0/pcSseg-1],orca,PBE0,pcSseg-1,13C,mesitylene,aromatic,[c]([CH3]),3,9,21,medium (8-14 heavy atoms),11.7356,1.304,137.6000,145.5486,7.9486,7.9486,0
orca [PBE0/pcSseg-1],orca,PBE0,pcSseg-1,1H,mesitylene,aromatic,[CH3],9,9,21,medium (8-14 heavy atoms),11.6887,1.299,2.2500,2.4327,0.1827,0.1827,0
orca [PBE0/pcSseg-1],orca,PBE0,pcSseg-1,1H,mesitylene,aromatic,[cH],3,9,21,medium (8-14 heavy atoms),11.6887,1.299,6.7800,7.1318,0.3518,0.3518,0
orca [PBE0/pcSseg-1],orca,PBE0,pcSseg-1,13C,pyridine,aromatic,[cH]n,2,6,11,small (4-7 heavy atoms),7.1636,1.194,149.9000,160.3483,10.4483,10.4483,0
orca [PBE0/pcSseg-1],orca,PBE0,pcSseg-1,13C,pyridine,aromatic,[cH]cn,2,6,11,small (4-7 heavy atoms),7.1636,1.194,123.8000,127.7533,3.9533,3.9533,0
orca [PBE0/pcSseg-1],orca,PBE0,pcSseg-1,13C,pyridine,aromatic,[cH]ccn,1,6,11,small (4-7 heavy atoms),7.1636,1.194,136.0000,141.4583,5.4583,5.4583,0
orca [PBE0/pcSseg-1],orca,PBE0,pcSseg-1,1H,pyridine,aromatic,[cH]n,2,6,11,small (4-7 heavy atoms),7.1557,1.193,8.6000,9.0188,0.4188,0.4188,0
orca [PBE0/pcSseg-1],orca,PBE0,pcSseg-1,1H,pyridine,aromatic,[cH]cn,2,6,11,small (4-7 heavy atoms),7.1557,1.193,7.2500,7.3568,0.1068,0.1068,0
orca [PBE0/pcSseg-1],orca,PBE0,pcSseg-1,1H,pyridine,aromatic,[cH]ccn,1,6,11,small (4-7 heavy atoms),7.1557,1.193,7.6500,7.7918,0.1418,0.1418,0
orca [PBE0/pcSseg-1],orca,PBE0,pcSseg-1,13C,naphthalene,aromatic,[cH][cH0],4,10,18,medium (8-14 heavy atoms),10.4580,1.046,127.9000,135.8713,7.9713,7.9713,0
orca [PBE0/pcSseg-1],orca,PBE0,pcSseg-1,13C,naphthalene,aromatic,[cH]([cH])[cH],4,10,18,medium (8-14 heavy atoms),10.4580,1.046,125.8000,133.8988,8.0988,8.0988,0
orca [PBE0/pcSseg-1],orca,PBE0,pcSseg-1,13C,naphthalene,aromatic,[cH0],2,10,18,medium (8-14 heavy atoms),10.4580,1.046,133.5000,133.6963,0.1963,0.1963,0
orca [PBE0/pcSseg-1],orca,PBE0,pcSseg-1,1H,naphthalene,aromatic,[cH][cH0],4,10,18,medium (8-14 heavy atoms),10.5359,1.054,7.8400,8.1988,0.3588,0.3588,0
orca [PBE0/pcSseg-1],orca,PBE0,pcSseg-1,1H,naphthalene,aromatic,[cH]([cH])[cH],4,10,18,medium (8-14 heavy atoms),10.5359,1.054,7.4600,7.9078,0.4478,0.4478,0
orca [PBE0/pcSseg-1],orca,PBE0,pcSseg-1,13C,acetone,carbonyl,[CH3],2,4,10,small (4-7 heavy atoms),5.7684,1.442,30.9000,32.1533,1.2533,1.2533,0
orca [PBE0/pcSseg-1],orca,PBE0,pcSseg-1,13C,acetone,carbonyl,[CX3]=O,1,4,10,small (4-7 heavy atoms),5.7684,1.442,206.0000,216.3973,10.3973,10.3973,0
orca [PBE0/pcSseg-1],orca,PBE0,pcSseg-1,1H,acetone,carbonyl,[CH3],6,4,10,small (4-7 heavy atoms),5.6114,1.403,2.1700,2.1452,-0.0248,0.0248,0
orca [PBE0/pcSseg-1],orca,PBE0,pcSseg-1,13C,acetaldehyde,carbonyl,[CH3],1,3,7,tiny (1-3 heavy atoms),4.1672,1.389,30.9000,34.9683,4.0683,4.0683,0
orca [PBE0/pcSseg-1],orca,PBE0,pcSseg-1,13C,acetaldehyde,carbonyl,[CX3H1]=O,1,3,7,tiny (1-3 heavy atoms),4.1672,1.389,199.6000,211.4503,11.8503,11.8503,0
orca [PBE0/pcSseg-1],orca,PBE0,pcSseg-1,1H,acetaldehyde,carbonyl,[CH3],3,3,7,tiny (1-3 heavy atoms),4.1828,1.394,2.2000,2.1822,-0.0178,0.0178,0
orca [PBE0/pcSseg-1],orca,PBE0,pcSseg-1,1H,acetaldehyde,carbonyl,[CX3H1]=O,1,3,7,tiny (1-3 heavy atoms),4.1828,1.394,9.7900,10.0618,0.2718,0.2718,0
orca [PBE0/pcSseg-1],orca,PBE0,pcSseg-1,13C,ethyl_acetate,carbonyl,[CH3]C(=O)O,1,6,14,small (4-7 heavy atoms),8.1483,1.358,21.0000,23.4663,2.4663,2.4663,0
orca [PBE0/pcSseg-1],orca,PBE0,pcSseg-1,13C,ethyl_acetate,carbonyl,[CX3](=O)O,1,6,14,small (4-7 heavy atoms),8.1483,1.358,171.0000,182.6233,11.6233,11.6233,0
orca [PBE0/pcSseg-1],orca,PBE0,pcSseg-1,13C,ethyl_acetate,carbonyl,[CH2]OC=O,1,6,14,small (4-7 heavy atoms),8.1483,1.358,60.5000,63.3963,2.8963,2.8963,0
orca [PBE0/pcSseg-1],orca,PBE0,pcSseg-1,13C,ethyl_acetate,carbonyl,[CH3][CH2]O,1,6,14,small (4-7 heavy atoms),8.1483,1.358,14.2000,16.5503,2.3503,2.3503,0
orca [PBE0/pcSseg-1],orca,PBE0,pcSseg-1,1H,ethyl_acetate,carbonyl,[CH3]C(=O)O,3,6,14,small (4-7 heavy atoms),8.1246,1.354,2.0400,2.0978,0.0578,0.0578,0
orca [PBE0/pcSseg-1],orca,PBE0,pcSseg-1,1H,ethyl_acetate,carbonyl,[CH2]OC=O,2,6,14,small (4-7 heavy atoms),8.1246,1.354,4.1200,3.9678,-0.1522,0.1522,0
orca [PBE0/pcSseg-1],orca,PBE0,pcSseg-1,1H,ethyl_acetate,carbonyl,[CH3][CH2]O,3,6,14,small (4-7 heavy atoms),8.1246,1.354,1.2600,1.3358,0.0758,0.0758,0
orca [PBE0/pcSseg-1],orca,PBE0,pcSseg-1,13C,benzaldehyde,carbonyl,[CX3H1]=O,1,8,14,medium (8-14 heavy atoms),8.8719,1.109,192.4000,201.3213,8.9213,8.9213,0
orca [PBE0/pcSseg-1],orca,PBE0,pcSseg-1,1H,benzaldehyde,carbonyl,[CX3H1]=O,1,8,14,medium (8-14 heavy atoms),8.9810,1.123,9.9900,10.1798,0.1898,0.1898,0
orca [PBE0/pcSseg-1],orca,PBE0,pcSseg-1,13C,dmf,carbonyl,[CX3H1]=O,1,5,12,small (4-7 heavy atoms),7.0209,1.404,162.6000,168.2812,5.6813,5.6813,0
orca [PBE0/pcSseg-1],orca,PBE0,pcSseg-1,1H,dmf,carbonyl,[CX3H1]=O,1,5,12,small (4-7 heavy atoms),6.7876,1.358,8.0200,7.9688,-0.0512,0.0512,0
orca [PBE0/pcSseg-1],orca,PBE0,pcSseg-1,13C,acetic_acid,carboxylic_acid,[CH3],1,4,8,small (4-7 heavy atoms),4.9908,1.248,20.8000,20.2373,-0.5627,0.5627,0
orca [PBE0/pcSseg-1],orca,PBE0,pcSseg-1,13C,acetic_acid,carboxylic_acid,[CX3](=O)[OH],1,4,8,small (4-7 heavy atoms),4.9908,1.248,178.1000,179.7452,1.6453,1.6453,0
orca [PBE0/pcSseg-1],orca,PBE0,pcSseg-1,1H,acetic_acid,carboxylic_acid,[CH3],3,4,8,small (4-7 heavy atoms),4.6181,1.155,2.1000,2.1268,0.0268,0.0268,0
orca [PBE0/pcSseg-1],orca,PBE0,pcSseg-1,1H,acetic_acid,carboxylic_acid,[OX2H][CX3]=O,1,4,8,small (4-7 heavy atoms),4.6181,1.155,11.4000,6.3628,-5.0372,5.0372,1
orca [PBE0/pcSseg-1],orca,PBE0,pcSseg-1,13C,formic_acid,carboxylic_acid,[CX3H1](=O)[OH],1,3,5,tiny (1-3 heavy atoms),4.4740,1.491,166.3000,170.3483,4.0482,4.0482,0
orca [PBE0/pcSseg-1],orca,PBE0,pcSseg-1,1H,formic_acid,carboxylic_acid,[CX3H1](=O)[OH],1,3,5,tiny (1-3 heavy atoms),3.7198,1.240,8.0800,7.9298,-0.1502,0.1502,0
orca [PBE0/pcSseg-1],orca,PBE0,pcSseg-1,1H,formic_acid,carboxylic_acid,[OX2H][CX3]=O,1,3,5,tiny (1-3 heavy atoms),3.7198,1.240,11.0000,6.6728,-4.3272,4.3272,1
orca [PBE0/pcSseg-1],orca,PBE0,pcSseg-1,13C,benzoic_acid,carboxylic_acid,[CX3](=O)[OH],1,9,15,medium (8-14 heavy atoms),9.8189,1.091,172.6000,173.1153,0.5153,0.5153,0
orca [PBE0/pcSseg-1],orca,PBE0,pcSseg-1,1H,benzoic_acid,carboxylic_acid,[OX2H][CX3]=O,1,9,15,medium (8-14 heavy atoms),9.6794,1.075,12.0000,6.5608,-5.4392,5.4392,1
orca [PBE0/pcSseg-1],orca,PBE0,pcSseg-1,13C,chloroform,heteroatom_halogen,[CX4H1](Cl)(Cl)Cl,1,4,5,small (4-7 heavy atoms),4.0659,1.016,77.7000,104.9963,27.2963,27.2963,0
orca [PBE0/pcSseg-1],orca,PBE0,pcSseg-1,1H,chloroform,heteroatom_halogen,[CX4H1](Cl)(Cl)Cl,1,4,5,small (4-7 heavy atoms),4.0220,1.006,7.2600,7.4098,0.1498,0.1498,0
orca [PBE0/pcSseg-1],orca,PBE0,pcSseg-1,13C,dichloromethane,heteroatom_halogen,[CH2](Cl)Cl,1,3,5,tiny (1-3 heavy atoms),3.5178,1.173,53.5000,67.7213,14.2213,14.2213,0
orca [PBE0/pcSseg-1],orca,PBE0,pcSseg-1,1H,dichloromethane,heteroatom_halogen,[CH2](Cl)Cl,2,3,5,tiny (1-3 heavy atoms),3.5116,1.171,5.3000,5.3488,0.0488,0.0488,0
orca [PBE0/pcSseg-1],orca,PBE0,pcSseg-1,13C,methanol,heteroatom_halogen,[CH3]O,1,2,6,tiny (1-3 heavy atoms),3.5264,1.763,50.4000,54.1933,3.7933,3.7933,0
orca [PBE0/pcSseg-1],orca,PBE0,pcSseg-1,1H,methanol,heteroatom_halogen,[CH3]O,3,2,6,tiny (1-3 heavy atoms),3.5711,1.786,3.4000,3.6508,0.2508,0.2508,0
orca [PBE0/pcSseg-1],orca,PBE0,pcSseg-1,1H,methanol,heteroatom_halogen,[OH],1,2,6,tiny (1-3 heavy atoms),3.5711,1.786,2.0000,-0.2312,-2.2312,2.2312,1
orca [PBE0/pcSseg-1],orca,PBE0,pcSseg-1,13C,acetonitrile,heteroatom_halogen,[CH3]C#N,1,3,6,tiny (1-3 heavy atoms),5.2157,1.739,1.3000,3.0433,1.7433,1.7433,0
orca [PBE0/pcSseg-1],orca,PBE0,pcSseg-1,13C,acetonitrile,heteroatom_halogen,[CX2]#N,1,3,6,tiny (1-3 heavy atoms),5.2157,1.739,117.7000,122.1173,4.4173,4.4173,0
orca [PBE0/pcSseg-1],orca,PBE0,pcSseg-1,1H,acetonitrile,heteroatom_halogen,[CH3]C#N,3,3,6,tiny (1-3 heavy atoms),3.7351,1.245,2.0000,1.8802,-0.1198,0.1198,0
orca [PBE0/pcSseg-1],orca,PBE0,pcSseg-1,13C,dmso,heteroatom_halogen,[CH3],2,4,10,small (4-7 heavy atoms),6.5736,1.643,40.5000,43.1388,2.6388,2.6388,0
orca [PBE0/pcSseg-1],orca,PBE0,pcSseg-1,1H,dmso,heteroatom_halogen,[CH3],6,4,10,small (4-7 heavy atoms),6.1962,1.549,2.5000,2.1872,-0.3128,0.3128,0
orca [PBE0/pcSseg-1],orca,PBE0,pcSseg-1,13C,ethylene,conjugated_strained,[CH2]=[CH2],1,2,6,tiny (1-3 heavy atoms),3.6542,1.827,123.3000,134.4663,11.1663,11.1663,0
orca [PBE0/pcSseg-1],orca,PBE0,pcSseg-1,1H,ethylene,conjugated_strained,[CH2]=[CH2],2,2,6,tiny (1-3 heavy atoms),3.8520,1.926,5.4000,5.9108,0.5108,0.5108,0
orca [PBE0/pcSseg-1],orca,PBE0,pcSseg-1,13C,acetylene,conjugated_strained,[CH1]#[CH1],1,2,4,tiny (1-3 heavy atoms),2.7125,1.356,71.9000,76.0003,4.1003,4.1003,0
orca [PBE0/pcSseg-1],orca,PBE0,pcSseg-1,1H,acetylene,conjugated_strained,[CH1]#[CH1],1,2,4,tiny (1-3 heavy atoms),2.3892,1.195,1.8000,1.4018,-0.3982,0.3982,0
orca [PBE0/pcSseg-1],orca,PBE0,pcSseg-1,13C,cyclopropane,conjugated_strained,[CH2],3,3,9,tiny (1-3 heavy atoms),5.1227,1.708,-2.8000,-1.1991,1.6009,1.6009,0
orca [PBE0/pcSseg-1],orca,PBE0,pcSseg-1,1H,cyclopropane,conjugated_strained,[CH2],6,3,9,tiny (1-3 heavy atoms),4.9383,1.646,0.2200,0.2030,-0.0170,0.0170,0
orca [PBE0/pcSseg-1],orca,PBE0,pcSseg-1,13C,styrene,conjugated_strained,[CH2]=[CH],1,8,16,medium (8-14 heavy atoms),9.2037,1.150,113.2000,124.9963,11.7963,11.7963,0
orca [PBE0/pcSseg-1],orca,PBE0,pcSseg-1,13C,styrene,conjugated_strained,[CH1](=[CH2])c,1,8,16,medium (8-14 heavy atoms),9.2037,1.150,136.9000,149.2613,12.3613,12.3613,0
orca [PBE0/pcSseg-1],orca,PBE0,pcSseg-1,1H,styrene,conjugated_strained,[CH1](=[CH2])c,1,8,16,medium (8-14 heavy atoms),9.2120,1.152,6.7200,7.1858,0.4658,0.4658,0
orca [PBE0/pcSseg-1],orca,PBE0,pcSseg-1,13C,furan,conjugated_strained,[cH]o,2,5,9,small (4-7 heavy atoms),5.3459,1.069,142.7000,151.0188,8.3188,8.3188,0
orca [PBE0/pcSseg-1],orca,PBE0,pcSseg-1,13C,furan,conjugated_strained,[cH]co,2,5,9,small (4-7 heavy atoms),5.3459,1.069,109.6000,117.1238,7.5238,7.5238,0
orca [PBE0/pcSseg-1],orca,PBE0,pcSseg-1,1H,furan,conjugated_strained,[cH]o,2,5,9,small (4-7 heavy atoms),5.2453,1.049,7.4200,7.6958,0.2758,0.2758,0
orca [PBE0/pcSseg-1],orca,PBE0,pcSseg-1,1H,furan,conjugated_strained,[cH]co,2,5,9,small (4-7 heavy atoms),5.2453,1.049,6.3700,6.7523,0.3823,0.3823,0
orca [PBE0/pcSseg-1],orca,PBE0,pcSseg-1,13C,adamantane,larger,[CX4H2],6,10,26,medium (8-14 heavy atoms),16.0408,1.604,37.8000,40.5106,2.7106,2.7106,0
orca [PBE0/pcSseg-1],orca,PBE0,pcSseg-1,13C,adamantane,larger,[CX4H1],4,10,26,medium (8-14 heavy atoms),16.0408,1.604,28.3000,31.7618,3.4618,3.4618,0
orca [PBE0/pcSseg-1],orca,PBE0,pcSseg-1,1H,adamantane,larger,[CX4H2],12,10,26,medium (8-14 heavy atoms),15.8809,1.588,1.7200,1.7217,0.0017,0.0017,0
orca [PBE0/pcSseg-1],orca,PBE0,pcSseg-1,1H,adamantane,larger,[CX4H1],4,10,26,medium (8-14 heavy atoms),15.8809,1.588,2.0300,1.6516,-0.3784,0.3784,0
orca [PBE0/pcSseg-1],orca,PBE0,pcSseg-1,13C,camphor,larger,[CX3]=O,1,11,27,medium (8-14 heavy atoms),18.0081,1.637,217.9000,230.7553,12.8553,12.8553,0
orca [PBE0/pcSseg-1],orca,PBE0,pcSseg-1,13C,menthol,larger,[CX4H1][OH],1,11,31,medium (8-14 heavy atoms),22.1050,2.010,71.5000,73.7393,2.2393,2.2393,0
orca [PBE0/pcSseg-1],orca,PBE0,pcSseg-1,1H,menthol,larger,[OH],1,11,31,medium (8-14 heavy atoms),22.4815,2.044,1.6000,-0.5462,-2.1462,2.1462,1
orca [PBE0/pcSseg-1],orca,PBE0,pcSseg-1,13C,caffeine,larger,[cH],1,14,24,medium (8-14 heavy atoms),17.2848,1.235,141.6000,145.6063,4.0063,4.0063,0
orca [PBE0/pcSseg-1],orca,PBE0,pcSseg-1,1H,caffeine,larger,[cH],1,14,24,medium (8-14 heavy atoms),17.3310,1.238,7.5100,7.3208,-0.1892,0.1892,0
orca [PBE0/pcSseg-1],orca,PBE0,pcSseg-1,13C,ibuprofen,larger,[CX3](=O)[OH],1,15,33,large (15+ heavy atoms),32.9116,2.194,180.6000,185.8493,5.2493,5.2493,0
orca [PBE0/pcSseg-1],orca,PBE0,pcSseg-1,13C,ibuprofen,larger,[CH3]C([CH3])C,1,15,33,large (15+ heavy atoms),32.9116,2.194,22.4000,24.8883,2.4883,2.4883,0
orca [PBE0/pcSseg-1],orca,PBE0,pcSseg-1,1H,ibuprofen,larger,[CH3]C([CH3])C,3,15,33,large (15+ heavy atoms),32.6504,2.177,0.8900,0.9688,0.0788,0.0788,0
orca [PBE0/pcSseg-1],orca,PBE0,pcSseg-1,1H,ibuprofen,larger,[OX2H][CX3]=O,1,15,33,large (15+ heavy atoms),32.6504,2.177,11.5000,6.3588,-5.1412,5.1412,1
orca [PBE0/pcSseg-1],orca,PBE0,pcSseg-1,13C,anthracene,larger,[cH]([cH0])[cH0],2,14,24,medium (8-14 heavy atoms),16.7970,1.200,126.4000,134.3883,7.9883,7.9883,0
orca [PBE0/pcSseg-1],orca,PBE0,pcSseg-1,13C,anthracene,larger,[cH]([cH0])[cH],4,14,24,medium (8-14 heavy atoms),16.7970,1.200,128.4000,136.7698,8.3698,8.3698,0
orca [PBE0/pcSseg-1],orca,PBE0,pcSseg-1,13C,anthracene,larger,[cH]([cH])[cH],4,14,24,medium (8-14 heavy atoms),16.7970,1.200,125.5000,133.9193,8.4193,8.4193,0
orca [PBE0/pcSseg-1],orca,PBE0,pcSseg-1,13C,anthracene,larger,[cH0],4,14,24,medium (8-14 heavy atoms),16.7970,1.200,131.9000,132.6788,0.7788,0.7788,0
orca [PBE0/pcSseg-1],orca,PBE0,pcSseg-1,1H,anthracene,larger,[cH]([cH0])[cH0],2,14,24,medium (8-14 heavy atoms),16.8076,1.201,8.4300,8.7348,0.3048,0.3048,0
orca [PBE0/pcSseg-1],orca,PBE0,pcSseg-1,1H,anthracene,larger,[cH]([cH0])[cH],4,14,24,medium (8-14 heavy atoms),16.8076,1.201,8.0100,8.4753,0.4653,0.4653,0
orca [PBE0/pcSseg-1],orca,PBE0,pcSseg-1,1H,anthracene,larger,[cH]([cH])[cH],4,14,24,medium (8-14 heavy atoms),16.8076,1.201,7.4600,7.9973,0.5373,0.5373,0
orca [PBE0/pcSseg-1],orca,PBE0,pcSseg-1,13C,testosterone,larger,[CX3]=O,1,21,49,large (15+ heavy atoms),52.3929,2.495,199.4000,206.2013,6.8013,6.8013,0
orca [PBE0/pcSseg-1],orca,PBE0,pcSseg-1,13C,testosterone,larger,[CX3H0]=[CX3H1],1,21,49,large (15+ heavy atoms),52.3929,2.495,171.2000,176.3393,5.1393,5.1393,0
orca [PBE0/pcSseg-1],orca,PBE0,pcSseg-1,13C,testosterone,larger,[CX3H1]=[CX3],1,21,49,large (15+ heavy atoms),52.3929,2.495,123.8000,134.2413,10.4413,10.4413,0
orca [PBE0/pcSseg-1],orca,PBE0,pcSseg-1,13C,testosterone,larger,[CX4H1][OH],1,21,49,large (15+ heavy atoms),52.3929,2.495,81.6000,86.0813,4.4813,4.4813,0
orca [PBE0/pcSseg-1],orca,PBE0,pcSseg-1,1H,testosterone,larger,[CX3H1]=[CX3],1,21,49,large (15+ heavy atoms),52.1191,2.482,5.7200,6.1318,0.4118,0.4118,0
orca [PBE0/pcSseg-1],orca,PBE0,pcSseg-1,1H,testosterone,larger,[CX4H1][OH],1,21,49,large (15+ heavy atoms),52.1191,2.482,3.6500,3.9308,0.2808,0.2808,0
orca [PBE0/pcSseg-1],orca,PBE0,pcSseg-1,1H,testosterone,larger,[OH],1,21,49,large (15+ heavy atoms),52.1191,2.482,1.6000,0.6468,-0.9532,0.9532,1
orca [PBE0/pcSseg-1],orca,PBE0,pcSseg-1,13C,cholesterol,larger,[CX3H0]=[CX3H1],1,28,74,large (15+ heavy atoms),78.2148,2.793,140.8000,150.0833,9.2833,9.2833,0
orca [PBE0/pcSseg-1],orca,PBE0,pcSseg-1,13C,cholesterol,larger,[CX3H1]=[CX3],1,28,74,large (15+ heavy atoms),78.2148,2.793,121.7000,133.5093,11.8093,11.8093,0
orca [PBE0/pcSseg-1],orca,PBE0,pcSseg-1,13C,cholesterol,larger,[CX4H1][OH],1,28,74,large (15+ heavy atoms),78.2148,2.793,71.8000,75.3063,3.5063,3.5063,0
orca [PBE0/pcSseg-1],orca,PBE0,pcSseg-1,1H,cholesterol,larger,[CX3H1]=[CX3],1,28,74,large (15+ heavy atoms),78.0406,2.787,5.3500,5.7828,0.4328,0.4328,0
orca [PBE0/pcSseg-1],orca,PBE0,pcSseg-1,1H,cholesterol,larger,[CX4H1][OH],1,28,74,large (15+ heavy atoms),78.0406,2.787,3.5200,3.5428,0.0228,0.0228,0
orca [PBE0/pcSseg-1],orca,PBE0,pcSseg-1,1H,cholesterol,larger,[OH],1,28,74,large (15+ heavy atoms),78.0406,2.787,1.6000,0.6548,-0.9452,0.9452,1
orca [wB97X-D3/pcSseg-1],orca,wB97X-D3,pcSseg-1,13C,methane,aliphatic,[CH4],1,1,5,tiny (1-3 heavy atoms),2.7014,2.701,-2.3000,-2.8713,-0.5713,0.5713,0
orca [wB97X-D3/pcSseg-1],orca,wB97X-D3,pcSseg-1,1H,methane,aliphatic,[CH4],4,1,5,tiny (1-3 heavy atoms),2.4437,2.444,0.2300,0.4360,0.2060,0.2060,0
orca [wB97X-D3/pcSseg-1],orca,wB97X-D3,pcSseg-1,13C,ethane,aliphatic,[CH3],2,2,8,tiny (1-3 heavy atoms),4.3112,2.156,5.7000,9.7502,4.0502,4.0502,0
orca [wB97X-D3/pcSseg-1],orca,wB97X-D3,pcSseg-1,1H,ethane,aliphatic,[CH3],6,2,8,tiny (1-3 heavy atoms),4.2138,2.107,0.8600,0.9853,0.1253,0.1253,0
orca [wB97X-D3/pcSseg-1],orca,wB97X-D3,pcSseg-1,13C,cyclohexane,aliphatic,[CH2],6,6,18,small (4-7 heavy atoms),11.1345,1.856,27.0000,27.1402,0.1402,0.1402,0
orca [wB97X-D3/pcSseg-1],orca,wB97X-D3,pcSseg-1,1H,cyclohexane,aliphatic,[CH2],12,6,18,small (4-7 heavy atoms),11.2473,1.875,1.4300,1.3093,-0.1207,0.1207,0
orca [wB97X-D3/pcSseg-1],orca,wB97X-D3,pcSseg-1,13C,ethanol,aliphatic,[CH3],1,3,9,tiny (1-3 heavy atoms),5.7360,1.912,18.4000,18.1977,-0.2023,0.2023,0
orca [wB97X-D3/pcSseg-1],orca,wB97X-D3,pcSseg-1,13C,ethanol,aliphatic,[CH2][OH],1,3,9,tiny (1-3 heavy atoms),5.7360,1.912,58.0000,61.0727,3.0727,3.0727,0
orca [wB97X-D3/pcSseg-1],orca,wB97X-D3,pcSseg-1,1H,ethanol,aliphatic,[CH3],3,3,9,tiny (1-3 heavy atoms),5.5977,1.866,1.1800,1.2860,0.1060,0.1060,0
orca [wB97X-D3/pcSseg-1],orca,wB97X-D3,pcSseg-1,1H,ethanol,aliphatic,[CH2][OH],2,3,9,tiny (1-3 heavy atoms),5.5977,1.866,3.6900,3.7370,0.0470,0.0470,0
orca [wB97X-D3/pcSseg-1],orca,wB97X-D3,pcSseg-1,1H,ethanol,aliphatic,[OH],1,3,9,tiny (1-3 heavy atoms),5.5977,1.866,2.6000,0.5540,-2.0460,2.0460,1
orca [wB97X-D3/pcSseg-1],orca,wB97X-D3,pcSseg-1,13C,isopropanol,aliphatic,[CH3],2,4,12,small (4-7 heavy atoms),7.4977,1.874,25.3000,26.6692,1.3692,1.3692,0
orca [wB97X-D3/pcSseg-1],orca,wB97X-D3,pcSseg-1,13C,isopropanol,aliphatic,[CH1][OH],1,4,12,small (4-7 heavy atoms),7.4977,1.874,64.0000,65.6757,1.6757,1.6757,0
orca [wB97X-D3/pcSseg-1],orca,wB97X-D3,pcSseg-1,1H,isopropanol,aliphatic,[CH3],6,4,12,small (4-7 heavy atoms),7.5691,1.892,1.1800,1.2007,0.0207,0.0207,0
orca [wB97X-D3/pcSseg-1],orca,wB97X-D3,pcSseg-1,1H,isopropanol,aliphatic,[CH1][OH],1,4,12,small (4-7 heavy atoms),7.5691,1.892,4.0100,3.7820,-0.2280,0.2280,0
orca [wB97X-D3/pcSseg-1],orca,wB97X-D3,pcSseg-1,1H,isopropanol,aliphatic,[OH],1,4,12,small (4-7 heavy atoms),7.5691,1.892,2.2000,0.5160,-1.6840,1.6840,1
orca [wB97X-D3/pcSseg-1],orca,wB97X-D3,pcSseg-1,13C,tert_butanol,aliphatic,[CH3],3,5,15,small (4-7 heavy atoms),8.9889,1.798,31.2000,32.8264,1.6264,1.6264,0
orca [wB97X-D3/pcSseg-1],orca,wB97X-D3,pcSseg-1,13C,tert_butanol,aliphatic,[CX4]([CH3])([CH3])([CH3])[OH],1,5,15,small (4-7 heavy atoms),8.9889,1.798,69.0000,68.1957,-0.8043,0.8043,0
orca [wB97X-D3/pcSseg-1],orca,wB97X-D3,pcSseg-1,1H,tert_butanol,aliphatic,[CH3],9,5,15,small (4-7 heavy atoms),8.9224,1.784,1.2200,1.2631,0.0431,0.0431,0
orca [wB97X-D3/pcSseg-1],orca,wB97X-D3,pcSseg-1,1H,tert_butanol,aliphatic,[OH],1,5,15,small (4-7 heavy atoms),8.9224,1.784,2.2000,0.2700,-1.9300,1.9300,1
orca [wB97X-D3/pcSseg-1],orca,wB97X-D3,pcSseg-1,13C,neopentane,aliphatic,[CH3],4,5,17,small (4-7 heavy atoms),9.8657,1.973,31.7000,32.7542,1.0542,1.0542,0
orca [wB97X-D3/pcSseg-1],orca,wB97X-D3,pcSseg-1,13C,neopentane,aliphatic,[CX4]([CH3])([CH3])([CH3])[CH3],1,5,17,small (4-7 heavy atoms),9.8657,1.973,27.9000,28.8987,0.9987,0.9987,0
orca [wB97X-D3/pcSseg-1],orca,wB97X-D3,pcSseg-1,1H,neopentane,aliphatic,[CH3],12,5,17,small (4-7 heavy atoms),9.8500,1.970,0.9200,1.0208,0.1008,0.1008,0
orca [wB97X-D3/pcSseg-1],orca,wB97X-D3,pcSseg-1,13C,benzene,aromatic,[cH],6,6,12,small (4-7 heavy atoms),8.1172,1.353,128.5000,136.1059,7.6059,7.6059,0
orca [wB97X-D3/pcSseg-1],orca,wB97X-D3,pcSseg-1,1H,benzene,aromatic,[cH],6,6,12,small (4-7 heavy atoms),8.1979,1.366,7.2600,7.6647,0.4047,0.4047,0
orca [wB97X-D3/pcSseg-1],orca,wB97X-D3,pcSseg-1,13C,p_xylene,aromatic,[CH3],2,8,18,medium (8-14 heavy atoms),12.6522,1.582,20.9000,23.1427,2.2427,2.2427,0
orca [wB97X-D3/pcSseg-1],orca,wB97X-D3,pcSseg-1,13C,p_xylene,aromatic,[cH],4,8,18,medium (8-14 heavy atoms),12.6522,1.582,129.0000,137.3885,8.3885,8.3885,0
orca [wB97X-D3/pcSseg-1],orca,wB97X-D3,pcSseg-1,13C,p_xylene,aromatic,[c]([CH3]),2,8,18,medium (8-14 heavy atoms),12.6522,1.582,134.7000,142.0917,7.3918,7.3918,0
orca [wB97X-D3/pcSseg-1],orca,wB97X-D3,pcSseg-1,1H,p_xylene,aromatic,[CH3],6,8,18,medium (8-14 heavy atoms),12.5378,1.567,2.3000,2.4085,0.1085,0.1085,0
orca [wB97X-D3/pcSseg-1],orca,wB97X-D3,pcSseg-1,1H,p_xylene,aromatic,[cH],4,8,18,medium (8-14 heavy atoms),12.5378,1.567,7.0500,7.4685,0.4185,0.4185,0
orca [wB97X-D3/pcSseg-1],orca,wB97X-D3,pcSseg-1,13C,mesitylene,aromatic,[CH3],3,9,21,medium (8-14 heavy atoms),14.7966,1.644,21.2000,23.3574,2.1574,2.1574,0
orca [wB97X-D3/pcSseg-1],orca,wB97X-D3,pcSseg-1,13C,mesitylene,aromatic,[cH],3,9,21,medium (8-14 heavy atoms),14.7966,1.644,126.2000,134.1167,7.9167,7.9167,0
orca [wB97X-D3/pcSseg-1],orca,wB97X-D3,pcSseg-1,13C,mesitylene,aromatic,[c]([CH3]),3,9,21,medium (8-14 heavy atoms),14.7966,1.644,137.6000,147.0521,9.4521,9.4521,0
orca [wB97X-D3/pcSseg-1],orca,wB97X-D3,pcSseg-1,1H,mesitylene,aromatic,[CH3],9,9,21,medium (8-14 heavy atoms),14.9536,1.662,2.2500,2.4050,0.1550,0.1550,0
orca [wB97X-D3/pcSseg-1],orca,wB97X-D3,pcSseg-1,1H,mesitylene,aromatic,[cH],3,9,21,medium (8-14 heavy atoms),14.9536,1.662,6.7800,7.1673,0.3873,0.3873,0
orca [wB97X-D3/pcSseg-1],orca,wB97X-D3,pcSseg-1,13C,pyridine,aromatic,[cH]n,2,6,11,small (4-7 heavy atoms),8.4899,1.415,149.9000,161.4292,11.5292,11.5292,0
orca [wB97X-D3/pcSseg-1],orca,wB97X-D3,pcSseg-1,13C,pyridine,aromatic,[cH]cn,2,6,11,small (4-7 heavy atoms),8.4899,1.415,123.8000,128.1627,4.3627,4.3627,0
orca [wB97X-D3/pcSseg-1],orca,wB97X-D3,pcSseg-1,13C,pyridine,aromatic,[cH]ccn,1,6,11,small (4-7 heavy atoms),8.4899,1.415,136.0000,143.1297,7.1297,7.1297,0
orca [wB97X-D3/pcSseg-1],orca,wB97X-D3,pcSseg-1,1H,pyridine,aromatic,[cH]n,2,6,11,small (4-7 heavy atoms),8.4183,1.403,8.6000,9.0085,0.4085,0.4085,0
orca [wB97X-D3/pcSseg-1],orca,wB97X-D3,pcSseg-1,1H,pyridine,aromatic,[cH]cn,2,6,11,small (4-7 heavy atoms),8.4183,1.403,7.2500,7.3750,0.1250,0.1250,0
orca [wB97X-D3/pcSseg-1],orca,wB97X-D3,pcSseg-1,1H,pyridine,aromatic,[cH]ccn,1,6,11,small (4-7 heavy atoms),8.4183,1.403,7.6500,7.8460,0.1960,0.1960,0
orca [wB97X-D3/pcSseg-1],orca,wB97X-D3,pcSseg-1,13C,naphthalene,aromatic,[cH][cH0],4,10,18,medium (8-14 heavy atoms),15.2092,1.521,127.9000,136.7730,8.8730,8.8730,0
orca [wB97X-D3/pcSseg-1],orca,wB97X-D3,pcSseg-1,13C,naphthalene,aromatic,[cH]([cH])[cH],4,10,18,medium (8-14 heavy atoms),15.2092,1.521,125.8000,135.0122,9.2122,9.2122,0
orca [wB97X-D3/pcSseg-1],orca,wB97X-D3,pcSseg-1,13C,naphthalene,aromatic,[cH0],2,10,18,medium (8-14 heavy atoms),15.2092,1.521,133.5000,135.0007,1.5007,1.5007,0
orca [wB97X-D3/pcSseg-1],orca,wB97X-D3,pcSseg-1,1H,naphthalene,aromatic,[cH][cH0],4,10,18,medium (8-14 heavy atoms),15.1959,1.520,7.8400,8.2415,0.4015,0.4015,0
orca [wB97X-D3/pcSseg-1],orca,wB97X-D3,pcSseg-1,1H,naphthalene,aromatic,[cH]([cH])[cH],4,10,18,medium (8-14 heavy atoms),15.1959,1.520,7.4600,7.9350,0.4750,0.4750,0
orca [wB97X-D3/pcSseg-1],orca,wB97X-D3,pcSseg-1,13C,acetone,carbonyl,[CH3],2,4,10,small (4-7 heavy atoms),6.7411,1.685,30.9000,32.5582,1.6582,1.6582,0
orca [wB97X-D3/pcSseg-1],orca,wB97X-D3,pcSseg-1,13C,acetone,carbonyl,[CX3]=O,1,4,10,small (4-7 heavy atoms),6.7411,1.685,206.0000,217.1577,11.1577,11.1577,0
orca [wB97X-D3/pcSseg-1],orca,wB97X-D3,pcSseg-1,1H,acetone,carbonyl,[CH3],6,4,10,small (4-7 heavy atoms),6.7053,1.676,2.1700,2.1297,-0.0403,0.0403,0
orca [wB97X-D3/pcSseg-1],orca,wB97X-D3,pcSseg-1,13C,acetaldehyde,carbonyl,[CH3],1,3,7,tiny (1-3 heavy atoms),4.7083,1.569,30.9000,34.7217,3.8217,3.8217,0
orca [wB97X-D3/pcSseg-1],orca,wB97X-D3,pcSseg-1,13C,acetaldehyde,carbonyl,[CX3H1]=O,1,3,7,tiny (1-3 heavy atoms),4.7083,1.569,199.6000,212.0377,12.4377,12.4377,0
orca [wB97X-D3/pcSseg-1],orca,wB97X-D3,pcSseg-1,1H,acetaldehyde,carbonyl,[CH3],3,3,7,tiny (1-3 heavy atoms),4.6607,1.554,2.2000,2.1743,-0.0257,0.0257,0
orca [wB97X-D3/pcSseg-1],orca,wB97X-D3,pcSseg-1,1H,acetaldehyde,carbonyl,[CX3H1]=O,1,3,7,tiny (1-3 heavy atoms),4.6607,1.554,9.7900,9.8910,0.1010,0.1010,0
orca [wB97X-D3/pcSseg-1],orca,wB97X-D3,pcSseg-1,13C,ethyl_acetate,carbonyl,[CH3]C(=O)O,1,6,14,small (4-7 heavy atoms),9.9197,1.653,21.0000,24.2027,3.2027,3.2027,0
orca [wB97X-D3/pcSseg-1],orca,wB97X-D3,pcSseg-1,13C,ethyl_acetate,carbonyl,[CX3](=O)O,1,6,14,small (4-7 heavy atoms),9.9197,1.653,171.0000,183.6287,12.6287,12.6287,0
orca [wB97X-D3/pcSseg-1],orca,wB97X-D3,pcSseg-1,13C,ethyl_acetate,carbonyl,[CH2]OC=O,1,6,14,small (4-7 heavy atoms),9.9197,1.653,60.5000,62.7537,2.2537,2.2537,0
orca [wB97X-D3/pcSseg-1],orca,wB97X-D3,pcSseg-1,13C,ethyl_acetate,carbonyl,[CH3][CH2]O,1,6,14,small (4-7 heavy atoms),9.9197,1.653,14.2000,16.6807,2.4807,2.4807,0
orca [wB97X-D3/pcSseg-1],orca,wB97X-D3,pcSseg-1,1H,ethyl_acetate,carbonyl,[CH3]C(=O)O,3,6,14,small (4-7 heavy atoms),9.9147,1.652,2.0400,2.0950,0.0550,0.0550,0
orca [wB97X-D3/pcSseg-1],orca,wB97X-D3,pcSseg-1,1H,ethyl_acetate,carbonyl,[CH2]OC=O,2,6,14,small (4-7 heavy atoms),9.9147,1.652,4.1200,3.9255,-0.1945,0.1945,0
orca [wB97X-D3/pcSseg-1],orca,wB97X-D3,pcSseg-1,1H,ethyl_acetate,carbonyl,[CH3][CH2]O,3,6,14,small (4-7 heavy atoms),9.9147,1.652,1.2600,1.3490,0.0890,0.0890,0
orca [wB97X-D3/pcSseg-1],orca,wB97X-D3,pcSseg-1,13C,benzaldehyde,carbonyl,[CX3H1]=O,1,8,14,medium (8-14 heavy atoms),11.7923,1.474,192.4000,202.9697,10.5697,10.5697,0
orca [wB97X-D3/pcSseg-1],orca,wB97X-D3,pcSseg-1,1H,benzaldehyde,carbonyl,[CX3H1]=O,1,8,14,medium (8-14 heavy atoms),11.7273,1.466,9.9900,10.1120,0.1220,0.1220,0
orca [wB97X-D3/pcSseg-1],orca,wB97X-D3,pcSseg-1,13C,dmf,carbonyl,[CX3H1]=O,1,5,12,small (4-7 heavy atoms),8.2690,1.654,162.6000,170.8867,8.2867,8.2867,0
orca [wB97X-D3/pcSseg-1],orca,wB97X-D3,pcSseg-1,1H,dmf,carbonyl,[CX3H1]=O,1,5,12,small (4-7 heavy atoms),8.2199,1.644,8.0200,7.9180,-0.1020,0.1020,0
orca [wB97X-D3/pcSseg-1],orca,wB97X-D3,pcSseg-1,13C,acetic_acid,carboxylic_acid,[CH3],1,4,8,small (4-7 heavy atoms),5.5404,1.385,20.8000,21.0357,0.2357,0.2357,0
orca [wB97X-D3/pcSseg-1],orca,wB97X-D3,pcSseg-1,13C,acetic_acid,carboxylic_acid,[CX3](=O)[OH],1,4,8,small (4-7 heavy atoms),5.5404,1.385,178.1000,180.8817,2.7817,2.7817,0
orca [wB97X-D3/pcSseg-1],orca,wB97X-D3,pcSseg-1,1H,acetic_acid,carboxylic_acid,[CH3],3,4,8,small (4-7 heavy atoms),5.6464,1.412,2.1000,2.1293,0.0293,0.0293,0
orca [wB97X-D3/pcSseg-1],orca,wB97X-D3,pcSseg-1,1H,acetic_acid,carboxylic_acid,[OX2H][CX3]=O,1,4,8,small (4-7 heavy atoms),5.6464,1.412,11.4000,6.3900,-5.0100,5.0100,1
orca [wB97X-D3/pcSseg-1],orca,wB97X-D3,pcSseg-1,13C,formic_acid,carboxylic_acid,[CX3H1](=O)[OH],1,3,5,tiny (1-3 heavy atoms),3.9922,1.331,166.3000,171.5537,5.2537,5.2537,0
orca [wB97X-D3/pcSseg-1],orca,wB97X-D3,pcSseg-1,1H,formic_acid,carboxylic_acid,[CX3H1](=O)[OH],1,3,5,tiny (1-3 heavy atoms),3.9989,1.333,8.0800,7.8610,-0.2190,0.2190,0
orca [wB97X-D3/pcSseg-1],orca,wB97X-D3,pcSseg-1,1H,formic_acid,carboxylic_acid,[OX2H][CX3]=O,1,3,5,tiny (1-3 heavy atoms),3.9989,1.333,11.0000,6.6880,-4.3120,4.3120,1
orca [wB97X-D3/pcSseg-1],orca,wB97X-D3,pcSseg-1,13C,benzoic_acid,carboxylic_acid,[CX3](=O)[OH],1,9,15,medium (8-14 heavy atoms),13.1913,1.466,172.6000,174.6277,2.0277,2.0277,0
orca [wB97X-D3/pcSseg-1],orca,wB97X-D3,pcSseg-1,1H,benzoic_acid,carboxylic_acid,[OX2H][CX3]=O,1,9,15,medium (8-14 heavy atoms),13.2261,1.470,12.0000,6.6240,-5.3760,5.3760,1
orca [wB97X-D3/pcSseg-1],orca,wB97X-D3,pcSseg-1,13C,chloroform,heteroatom_halogen,[CX4H1](Cl)(Cl)Cl,1,4,5,small (4-7 heavy atoms),5.2056,1.301,77.7000,98.9707,21.2707,21.2707,0
orca [wB97X-D3/pcSseg-1],orca,wB97X-D3,pcSseg-1,1H,chloroform,heteroatom_halogen,[CX4H1](Cl)(Cl)Cl,1,4,5,small (4-7 heavy atoms),5.1089,1.277,7.2600,7.0480,-0.2120,0.2120,0
orca [wB97X-D3/pcSseg-1],orca,wB97X-D3,pcSseg-1,13C,dichloromethane,heteroatom_halogen,[CH2](Cl)Cl,1,3,5,tiny (1-3 heavy atoms),4.2404,1.413,53.5000,64.2427,10.7427,10.7427,0
orca [wB97X-D3/pcSseg-1],orca,wB97X-D3,pcSseg-1,1H,dichloromethane,heteroatom_halogen,[CH2](Cl)Cl,2,3,5,tiny (1-3 heavy atoms),4.1669,1.389,5.3000,5.1455,-0.1545,0.1545,0
orca [wB97X-D3/pcSseg-1],orca,wB97X-D3,pcSseg-1,13C,methanol,heteroatom_halogen,[CH3]O,1,2,6,tiny (1-3 heavy atoms),4.1032,2.052,50.4000,53.9637,3.5637,3.5637,0
orca [wB97X-D3/pcSseg-1],orca,wB97X-D3,pcSseg-1,1H,methanol,heteroatom_halogen,[CH3]O,3,2,6,tiny (1-3 heavy atoms),4.0754,2.038,3.4000,3.6147,0.2147,0.2147,0
orca [wB97X-D3/pcSseg-1],orca,wB97X-D3,pcSseg-1,1H,methanol,heteroatom_halogen,[OH],1,2,6,tiny (1-3 heavy atoms),4.0754,2.038,2.0000,-0.1750,-2.1750,2.1750,1
orca [wB97X-D3/pcSseg-1],orca,wB97X-D3,pcSseg-1,13C,acetonitrile,heteroatom_halogen,[CH3]C#N,1,3,6,tiny (1-3 heavy atoms),4.1721,1.391,1.3000,3.4237,2.1237,2.1237,0
orca [wB97X-D3/pcSseg-1],orca,wB97X-D3,pcSseg-1,13C,acetonitrile,heteroatom_halogen,[CX2]#N,1,3,6,tiny (1-3 heavy atoms),4.1721,1.391,117.7000,123.5707,5.8707,5.8707,0
orca [wB97X-D3/pcSseg-1],orca,wB97X-D3,pcSseg-1,1H,acetonitrile,heteroatom_halogen,[CH3]C#N,3,3,6,tiny (1-3 heavy atoms),4.1191,1.373,2.0000,1.8437,-0.1563,0.1563,0
orca [wB97X-D3/pcSseg-1],orca,wB97X-D3,pcSseg-1,13C,dmso,heteroatom_halogen,[CH3],2,4,10,small (4-7 heavy atoms),7.2849,1.821,40.5000,43.0162,2.5162,2.5162,0
orca [wB97X-D3/pcSseg-1],orca,wB97X-D3,pcSseg-1,1H,dmso,heteroatom_halogen,[CH3],6,4,10,small (4-7 heavy atoms),7.1657,1.791,2.5000,2.2015,-0.2985,0.2985,0
orca [wB97X-D3/pcSseg-1],orca,wB97X-D3,pcSseg-1,13C,ethylene,conjugated_strained,[CH2]=[CH2],1,2,6,tiny (1-3 heavy atoms),3.6675,1.834,123.3000,134.9357,11.6357,11.6357,0
orca [wB97X-D3/pcSseg-1],orca,wB97X-D3,pcSseg-1,1H,ethylene,conjugated_strained,[CH2]=[CH2],2,2,6,tiny (1-3 heavy atoms),3.6821,1.841,5.4000,5.9195,0.5195,0.5195,0
orca [wB97X-D3/pcSseg-1],orca,wB97X-D3,pcSseg-1,13C,acetylene,conjugated_strained,[CH1]#[CH1],1,2,4,tiny (1-3 heavy atoms),2.9108,1.455,71.9000,77.1907,5.2907,5.2907,0
orca [wB97X-D3/pcSseg-1],orca,wB97X-D3,pcSseg-1,1H,acetylene,conjugated_strained,[CH1]#[CH1],1,2,4,tiny (1-3 heavy atoms),2.5733,1.287,1.8000,1.4890,-0.3110,0.3110,0
orca [wB97X-D3/pcSseg-1],orca,wB97X-D3,pcSseg-1,13C,cyclopropane,conjugated_strained,[CH2],3,3,9,tiny (1-3 heavy atoms),5.7043,1.901,-2.8000,-1.1306,1.6694,1.6694,0
orca [wB97X-D3/pcSseg-1],orca,wB97X-D3,pcSseg-1,1H,cyclopropane,conjugated_strained,[CH2],6,3,9,tiny (1-3 heavy atoms),5.3521,1.784,0.2200,0.2237,0.0037,0.0037,0
orca [wB97X-D3/pcSseg-1],orca,wB97X-D3,pcSseg-1,13C,styrene,conjugated_strained,[CH2]=[CH],1,8,16,medium (8-14 heavy atoms),12.4662,1.558,113.2000,125.8577,12.6577,12.6577,0
orca [wB97X-D3/pcSseg-1],orca,wB97X-D3,pcSseg-1,13C,styrene,conjugated_strained,[CH1](=[CH2])c,1,8,16,medium (8-14 heavy atoms),12.4662,1.558,136.9000,149.0817,12.1817,12.1817,0
orca [wB97X-D3/pcSseg-1],orca,wB97X-D3,pcSseg-1,1H,styrene,conjugated_strained,[CH1](=[CH2])c,1,8,16,medium (8-14 heavy atoms),12.2069,1.526,6.7200,7.1560,0.4360,0.4360,0
orca [wB97X-D3/pcSseg-1],orca,wB97X-D3,pcSseg-1,13C,furan,conjugated_strained,[cH]o,2,5,9,small (4-7 heavy atoms),7.6433,1.529,142.7000,152.5297,9.8297,9.8297,0
orca [wB97X-D3/pcSseg-1],orca,wB97X-D3,pcSseg-1,13C,furan,conjugated_strained,[cH]co,2,5,9,small (4-7 heavy atoms),7.6433,1.529,109.6000,117.8547,8.2547,8.2547,0
orca [wB97X-D3/pcSseg-1],orca,wB97X-D3,pcSseg-1,1H,furan,conjugated_strained,[cH]o,2,5,9,small (4-7 heavy atoms),7.1907,1.438,7.4200,7.7080,0.2880,0.2880,0
orca [wB97X-D3/pcSseg-1],orca,wB97X-D3,pcSseg-1,1H,furan,conjugated_strained,[cH]co,2,5,9,small (4-7 heavy atoms),7.1907,1.438,6.3700,6.7720,0.4020,0.4020,0
orca [wB97X-D3/pcSseg-1],orca,wB97X-D3,pcSseg-1,13C,adamantane,larger,[CX4H2],6,10,26,medium (8-14 heavy atoms),20.2601,2.026,37.8000,38.8167,1.0167,1.0167,0
orca [wB97X-D3/pcSseg-1],orca,wB97X-D3,pcSseg-1,13C,adamantane,larger,[CX4H1],4,10,26,medium (8-14 heavy atoms),20.2601,2.026,28.3000,29.7850,1.4850,1.4850,0
orca [wB97X-D3/pcSseg-1],orca,wB97X-D3,pcSseg-1,1H,adamantane,larger,[CX4H2],12,10,26,medium (8-14 heavy atoms),20.1704,2.017,1.7200,1.6042,-0.1158,0.1158,0
orca [wB97X-D3/pcSseg-1],orca,wB97X-D3,pcSseg-1,1H,adamantane,larger,[CX4H1],4,10,26,medium (8-14 heavy atoms),20.1704,2.017,2.0300,1.5830,-0.4470,0.4470,0
orca [wB97X-D3/pcSseg-1],orca,wB97X-D3,pcSseg-1,13C,camphor,larger,[CX3]=O,1,11,27,medium (8-14 heavy atoms),23.6722,2.152,217.9000,231.3697,13.4697,13.4697,0
orca [wB97X-D3/pcSseg-1],orca,wB97X-D3,pcSseg-1,13C,menthol,larger,[CX4H1][OH],1,11,31,medium (8-14 heavy atoms),26.1562,2.378,71.5000,72.7007,1.2007,1.2007,0
orca [wB97X-D3/pcSseg-1],orca,wB97X-D3,pcSseg-1,1H,menthol,larger,[OH],1,11,31,medium (8-14 heavy atoms),26.3607,2.396,1.6000,-0.4730,-2.0730,2.0730,1
orca [wB97X-D3/pcSseg-1],orca,wB97X-D3,pcSseg-1,13C,caffeine,larger,[cH],1,14,24,medium (8-14 heavy atoms),23.3599,1.669,141.6000,147.9987,6.3987,6.3987,0
orca [wB97X-D3/pcSseg-1],orca,wB97X-D3,pcSseg-1,1H,caffeine,larger,[cH],1,14,24,medium (8-14 heavy atoms),23.3374,1.667,7.5100,7.3750,-0.1350,0.1350,0
orca [wB97X-D3/pcSseg-1],orca,wB97X-D3,pcSseg-1,13C,ibuprofen,larger,[CX3](=O)[OH],1,15,33,large (15+ heavy atoms),36.9094,2.461,180.6000,187.1137,6.5137,6.5137,0
orca [wB97X-D3/pcSseg-1],orca,wB97X-D3,pcSseg-1,13C,ibuprofen,larger,[CH3]C([CH3])C,1,15,33,large (15+ heavy atoms),36.9094,2.461,22.4000,24.5802,2.1802,2.1802,0
orca [wB97X-D3/pcSseg-1],orca,wB97X-D3,pcSseg-1,1H,ibuprofen,larger,[CH3]C([CH3])C,3,15,33,large (15+ heavy atoms),37.1777,2.479,0.8900,0.9763,0.0863,0.0863,0
orca [wB97X-D3/pcSseg-1],orca,wB97X-D3,pcSseg-1,1H,ibuprofen,larger,[OX2H][CX3]=O,1,15,33,large (15+ heavy atoms),37.1777,2.479,11.5000,6.3890,-5.1110,5.1110,1
orca [wB97X-D3/pcSseg-1],orca,wB97X-D3,pcSseg-1,13C,anthracene,larger,[cH]([cH0])[cH0],2,14,24,medium (8-14 heavy atoms),22.9067,1.636,126.4000,135.0637,8.6637,8.6637,0
orca [wB97X-D3/pcSseg-1],orca,wB97X-D3,pcSseg-1,13C,anthracene,larger,[cH]([cH0])[cH],4,14,24,medium (8-14 heavy atoms),22.9067,1.636,128.4000,137.7107,9.3107,9.3107,0
orca [wB97X-D3/pcSseg-1],orca,wB97X-D3,pcSseg-1,13C,anthracene,larger,[cH]([cH])[cH],4,14,24,medium (8-14 heavy atoms),22.9067,1.636,125.5000,135.0405,9.5405,9.5405,0
orca [wB97X-D3/pcSseg-1],orca,wB97X-D3,pcSseg-1,13C,anthracene,larger,[cH0],4,14,24,medium (8-14 heavy atoms),22.9067,1.636,131.9000,134.1772,2.2772,2.2772,0
orca [wB97X-D3/pcSseg-1],orca,wB97X-D3,pcSseg-1,1H,anthracene,larger,[cH]([cH0])[cH0],2,14,24,medium (8-14 heavy atoms),22.9617,1.640,8.4300,8.7920,0.3620,0.3620,0
orca [wB97X-D3/pcSseg-1],orca,wB97X-D3,pcSseg-1,1H,anthracene,larger,[cH]([cH0])[cH],4,14,24,medium (8-14 heavy atoms),22.9617,1.640,8.0100,8.5080,0.4980,0.4980,0
orca [wB97X-D3/pcSseg-1],orca,wB97X-D3,pcSseg-1,1H,anthracene,larger,[cH]([cH])[cH],4,14,24,medium (8-14 heavy atoms),22.9617,1.640,7.4600,8.0160,0.5560,0.5560,0
orca [wB97X-D3/pcSseg-1],orca,wB97X-D3,pcSseg-1,13C,testosterone,larger,[CX3]=O,1,21,49,large (15+ heavy atoms),70.6606,3.365,199.4000,208.1527,8.7527,8.7527,0
orca [wB97X-D3/pcSseg-1],orca,wB97X-D3,pcSseg-1,13C,testosterone,larger,[CX3H0]=[CX3H1],1,21,49,large (15+ heavy atoms),70.6606,3.365,171.2000,175.7187,4.5187,4.5187,0
orca [wB97X-D3/pcSseg-1],orca,wB97X-D3,pcSseg-1,13C,testosterone,larger,[CX3H1]=[CX3],1,21,49,large (15+ heavy atoms),70.6606,3.365,123.8000,133.9007,10.1007,10.1007,0
orca [wB97X-D3/pcSseg-1],orca,wB97X-D3,pcSseg-1,13C,testosterone,larger,[CX4H1][OH],1,21,49,large (15+ heavy atoms),70.6606,3.365,81.6000,84.5947,2.9947,2.9947,0
orca [wB97X-D3/pcSseg-1],orca,wB97X-D3,pcSseg-1,1H,testosterone,larger,[CX3H1]=[CX3],1,21,49,large (15+ heavy atoms),70.8618,3.374,5.7200,6.0970,0.3770,0.3770,0
orca [wB97X-D3/pcSseg-1],orca,wB97X-D3,pcSseg-1,1H,testosterone,larger,[CX4H1][OH],1,21,49,large (15+ heavy atoms),70.8618,3.374,3.6500,3.8300,0.1800,0.1800,0
orca [wB97X-D3/pcSseg-1],orca,wB97X-D3,pcSseg-1,1H,testosterone,larger,[OH],1,21,49,large (15+ heavy atoms),70.8618,3.374,1.6000,0.6490,-0.9510,0.9510,1
orca [wB97X-D3/pcSseg-1],orca,wB97X-D3,pcSseg-1,13C,cholesterol,larger,[CX3H0]=[CX3H1],1,28,74,large (15+ heavy atoms),105.0425,3.752,140.8000,150.0837,9.2837,9.2837,0
orca [wB97X-D3/pcSseg-1],orca,wB97X-D3,pcSseg-1,13C,cholesterol,larger,[CX3H1]=[CX3],1,28,74,large (15+ heavy atoms),105.0425,3.752,121.7000,133.4597,11.7597,11.7597,0
orca [wB97X-D3/pcSseg-1],orca,wB97X-D3,pcSseg-1,13C,cholesterol,larger,[CX4H1][OH],1,28,74,large (15+ heavy atoms),105.0425,3.752,71.8000,73.8157,2.0157,2.0157,0
orca [wB97X-D3/pcSseg-1],orca,wB97X-D3,pcSseg-1,1H,cholesterol,larger,[CX3H1]=[CX3],1,28,74,large (15+ heavy atoms),108.1065,3.861,5.3500,5.7360,0.3860,0.3860,0
orca [wB97X-D3/pcSseg-1],orca,wB97X-D3,pcSseg-1,1H,cholesterol,larger,[CX4H1][OH],1,28,74,large (15+ heavy atoms),108.1065,3.861,3.5200,3.4740,-0.0460,0.0460,0
orca [wB97X-D3/pcSseg-1],orca,wB97X-D3,pcSseg-1,1H,cholesterol,larger,[OH],1,28,74,large (15+ heavy atoms),108.1065,3.861,1.6000,0.6840,-0.9160,0.9160,1
orca [wB97X-D3/def2-TZVP],orca,wB97X-D3,def2-TZVP,13C,methane,aliphatic,[CH4],1,1,5,tiny (1-3 heavy atoms),3.0260,3.026,-2.3000,-4.5845,-2.2845,2.2845,0
orca [wB97X-D3/def2-TZVP],orca,wB97X-D3,def2-TZVP,1H,methane,aliphatic,[CH4],4,1,5,tiny (1-3 heavy atoms),2.8887,2.889,0.2300,0.3066,0.0766,0.0766,0
orca [wB97X-D3/def2-TZVP],orca,wB97X-D3,def2-TZVP,13C,ethane,aliphatic,[CH3],2,2,8,tiny (1-3 heavy atoms),5.0449,2.522,5.7000,9.6050,3.9050,3.9050,0
orca [wB97X-D3/def2-TZVP],orca,wB97X-D3,def2-TZVP,1H,ethane,aliphatic,[CH3],6,2,8,tiny (1-3 heavy atoms),4.9906,2.495,0.8600,0.9758,0.1158,0.1158,0
orca [wB97X-D3/def2-TZVP],orca,wB97X-D3,def2-TZVP,13C,cyclohexane,aliphatic,[CH2],6,6,18,small (4-7 heavy atoms),16.1695,2.695,27.0000,28.2565,1.2565,1.2565,0
orca [wB97X-D3/def2-TZVP],orca,wB97X-D3,def2-TZVP,1H,cyclohexane,aliphatic,[CH2],12,6,18,small (4-7 heavy atoms),16.2587,2.710,1.4300,1.4092,-0.0208,0.0208,0
orca [wB97X-D3/def2-TZVP],orca,wB97X-D3,def2-TZVP,13C,ethanol,aliphatic,[CH3],1,3,9,tiny (1-3 heavy atoms),6.8236,2.275,18.4000,17.6735,-0.7265,0.7265,0
orca [wB97X-D3/def2-TZVP],orca,wB97X-D3,def2-TZVP,13C,ethanol,aliphatic,[CH2][OH],1,3,9,tiny (1-3 heavy atoms),6.8236,2.275,58.0000,61.7285,3.7285,3.7285,0
orca [wB97X-D3/def2-TZVP],orca,wB97X-D3,def2-TZVP,1H,ethanol,aliphatic,[CH3],3,3,9,tiny (1-3 heavy atoms),6.8219,2.274,1.1800,1.1965,0.0165,0.0165,0
orca [wB97X-D3/def2-TZVP],orca,wB97X-D3,def2-TZVP,1H,ethanol,aliphatic,[CH2][OH],2,3,9,tiny (1-3 heavy atoms),6.8219,2.274,3.6900,3.7543,0.0643,0.0643,0
orca [wB97X-D3/def2-TZVP],orca,wB97X-D3,def2-TZVP,1H,ethanol,aliphatic,[OH],1,3,9,tiny (1-3 heavy atoms),6.8219,2.274,2.6000,0.3798,-2.2202,2.2202,1
orca [wB97X-D3/def2-TZVP],orca,wB97X-D3,def2-TZVP,13C,isopropanol,aliphatic,[CH3],2,4,12,small (4-7 heavy atoms),10.0780,2.519,25.3000,26.3700,1.0700,1.0700,0
orca [wB97X-D3/def2-TZVP],orca,wB97X-D3,def2-TZVP,13C,isopropanol,aliphatic,[CH1][OH],1,4,12,small (4-7 heavy atoms),10.0780,2.519,64.0000,67.3515,3.3515,3.3515,0
orca [wB97X-D3/def2-TZVP],orca,wB97X-D3,def2-TZVP,1H,isopropanol,aliphatic,[CH3],6,4,12,small (4-7 heavy atoms),10.0130,2.503,1.1800,1.1452,-0.0348,0.0348,0
orca [wB97X-D3/def2-TZVP],orca,wB97X-D3,def2-TZVP,1H,isopropanol,aliphatic,[CH1][OH],1,4,12,small (4-7 heavy atoms),10.0130,2.503,4.0100,3.9338,-0.0762,0.0762,0
orca [wB97X-D3/def2-TZVP],orca,wB97X-D3,def2-TZVP,1H,isopropanol,aliphatic,[OH],1,4,12,small (4-7 heavy atoms),10.0130,2.503,2.2000,0.3888,-1.8112,1.8112,1
orca [wB97X-D3/def2-TZVP],orca,wB97X-D3,def2-TZVP,13C,tert_butanol,aliphatic,[CH3],3,5,15,small (4-7 heavy atoms),13.1205,2.624,31.2000,32.5788,1.3788,1.3788,0
orca [wB97X-D3/def2-TZVP],orca,wB97X-D3,def2-TZVP,13C,tert_butanol,aliphatic,[CX4]([CH3])([CH3])([CH3])[OH],1,5,15,small (4-7 heavy atoms),13.1205,2.624,69.0000,70.2205,1.2205,1.2205,0
orca [wB97X-D3/def2-TZVP],orca,wB97X-D3,def2-TZVP,1H,tert_butanol,aliphatic,[CH3],9,5,15,small (4-7 heavy atoms),13.1445,2.629,1.2200,1.2234,0.0034,0.0034,0
orca [wB97X-D3/def2-TZVP],orca,wB97X-D3,def2-TZVP,1H,tert_butanol,aliphatic,[OH],1,5,15,small (4-7 heavy atoms),13.1445,2.629,2.2000,0.1398,-2.0602,2.0602,1
orca [wB97X-D3/def2-TZVP],orca,wB97X-D3,def2-TZVP,13C,neopentane,aliphatic,[CH3],4,5,17,small (4-7 heavy atoms),14.0888,2.818,31.7000,32.5158,0.8158,0.8158,0
orca [wB97X-D3/def2-TZVP],orca,wB97X-D3,def2-TZVP,13C,neopentane,aliphatic,[CX4]([CH3])([CH3])([CH3])[CH3],1,5,17,small (4-7 heavy atoms),14.0888,2.818,27.9000,30.4435,2.5435,2.5435,0
orca [wB97X-D3/def2-TZVP],orca,wB97X-D3,def2-TZVP,1H,neopentane,aliphatic,[CH3],12,5,17,small (4-7 heavy atoms),14.0508,2.810,0.9200,0.9670,0.0470,0.0470,0
orca [wB97X-D3/def2-TZVP],orca,wB97X-D3,def2-TZVP,13C,benzene,aromatic,[cH],6,6,12,small (4-7 heavy atoms),12.4072,2.068,128.5000,135.7807,7.2807,7.2807,0
orca [wB97X-D3/def2-TZVP],orca,wB97X-D3,def2-TZVP,1H,benzene,aromatic,[cH],6,6,12,small (4-7 heavy atoms),12.2873,2.048,7.2600,7.8057,0.5457,0.5457,0
orca [wB97X-D3/def2-TZVP],orca,wB97X-D3,def2-TZVP,13C,p_xylene,aromatic,[CH3],2,8,18,medium (8-14 heavy atoms),20.6883,2.586,20.9000,22.8040,1.9040,1.9040,0
orca [wB97X-D3/def2-TZVP],orca,wB97X-D3,def2-TZVP,13C,p_xylene,aromatic,[cH],4,8,18,medium (8-14 heavy atoms),20.6883,2.586,129.0000,137.0700,8.0700,8.0700,0
orca [wB97X-D3/def2-TZVP],orca,wB97X-D3,def2-TZVP,13C,p_xylene,aromatic,[c]([CH3]),2,8,18,medium (8-14 heavy atoms),20.6883,2.586,134.7000,143.5295,8.8295,8.8295,0
orca [wB97X-D3/def2-TZVP],orca,wB97X-D3,def2-TZVP,1H,p_xylene,aromatic,[CH3],6,8,18,medium (8-14 heavy atoms),20.7894,2.599,2.3000,2.4090,0.1090,0.1090,0
orca [wB97X-D3/def2-TZVP],orca,wB97X-D3,def2-TZVP,1H,p_xylene,aromatic,[cH],4,8,18,medium (8-14 heavy atoms),20.7894,2.599,7.0500,7.5691,0.5191,0.5191,0
orca [wB97X-D3/def2-TZVP],orca,wB97X-D3,def2-TZVP,13C,mesitylene,aromatic,[CH3],3,9,21,medium (8-14 heavy atoms),26.1771,2.909,21.2000,22.8948,1.6948,1.6948,0
orca [wB97X-D3/def2-TZVP],orca,wB97X-D3,def2-TZVP,13C,mesitylene,aromatic,[cH],3,9,21,medium (8-14 heavy atoms),26.1771,2.909,126.2000,133.7038,7.5038,7.5038,0
orca [wB97X-D3/def2-TZVP],orca,wB97X-D3,def2-TZVP,13C,mesitylene,aromatic,[c]([CH3]),3,9,21,medium (8-14 heavy atoms),26.1771,2.909,137.6000,148.7458,11.1458,11.1458,0
orca [wB97X-D3/def2-TZVP],orca,wB97X-D3,def2-TZVP,1H,mesitylene,aromatic,[CH3],9,9,21,medium (8-14 heavy atoms),26.2935,2.921,2.2500,2.3836,0.1336,0.1336,0
orca [wB97X-D3/def2-TZVP],orca,wB97X-D3,def2-TZVP,1H,mesitylene,aromatic,[cH],3,9,21,medium (8-14 heavy atoms),26.2935,2.921,6.7800,7.2815,0.5015,0.5015,0
orca [wB97X-D3/def2-TZVP],orca,wB97X-D3,def2-TZVP,13C,pyridine,aromatic,[cH]n,2,6,11,small (4-7 heavy atoms),12.6306,2.105,149.9000,161.1230,11.2230,11.2230,0
orca [wB97X-D3/def2-TZVP],orca,wB97X-D3,def2-TZVP,13C,pyridine,aromatic,[cH]cn,2,6,11,small (4-7 heavy atoms),12.6306,2.105,123.8000,127.7030,3.9030,3.9030,0
orca [wB97X-D3/def2-TZVP],orca,wB97X-D3,def2-TZVP,13C,pyridine,aromatic,[cH]ccn,1,6,11,small (4-7 heavy atoms),12.6306,2.105,136.0000,142.9745,6.9745,6.9745,0
orca [wB97X-D3/def2-TZVP],orca,wB97X-D3,def2-TZVP,1H,pyridine,aromatic,[cH]n,2,6,11,small (4-7 heavy atoms),12.7350,2.123,8.6000,9.1473,0.5473,0.5473,0
orca [wB97X-D3/def2-TZVP],orca,wB97X-D3,def2-TZVP,1H,pyridine,aromatic,[cH]cn,2,6,11,small (4-7 heavy atoms),12.7350,2.123,7.2500,7.5313,0.2813,0.2813,0
orca [wB97X-D3/def2-TZVP],orca,wB97X-D3,def2-TZVP,1H,pyridine,aromatic,[cH]ccn,1,6,11,small (4-7 heavy atoms),12.7350,2.123,7.6500,7.9318,0.2818,0.2818,0
orca [wB97X-D3/def2-TZVP],orca,wB97X-D3,def2-TZVP,13C,naphthalene,aromatic,[cH][cH0],4,10,18,medium (8-14 heavy atoms),27.5085,2.751,127.9000,136.5660,8.6660,8.6660,0
orca [wB97X-D3/def2-TZVP],orca,wB97X-D3,def2-TZVP,13C,naphthalene,aromatic,[cH]([cH])[cH],4,10,18,medium (8-14 heavy atoms),27.5085,2.751,125.8000,134.3090,8.5090,8.5090,0
orca [wB97X-D3/def2-TZVP],orca,wB97X-D3,def2-TZVP,13C,naphthalene,aromatic,[cH0],2,10,18,medium (8-14 heavy atoms),27.5085,2.751,133.5000,137.2045,3.7045,3.7045,0
orca [wB97X-D3/def2-TZVP],orca,wB97X-D3,def2-TZVP,1H,naphthalene,aromatic,[cH][cH0],4,10,18,medium (8-14 heavy atoms),27.2780,2.728,7.8400,8.4168,0.5768,0.5768,0
orca [wB97X-D3/def2-TZVP],orca,wB97X-D3,def2-TZVP,1H,naphthalene,aromatic,[cH]([cH])[cH],4,10,18,medium (8-14 heavy atoms),27.2780,2.728,7.4600,8.0403,0.5803,0.5803,0
orca [wB97X-D3/def2-TZVP],orca,wB97X-D3,def2-TZVP,13C,acetone,carbonyl,[CH3],2,4,10,small (4-7 heavy atoms),10.3934,2.598,30.9000,31.8905,0.9905,0.9905,0
orca [wB97X-D3/def2-TZVP],orca,wB97X-D3,def2-TZVP,13C,acetone,carbonyl,[CX3]=O,1,4,10,small (4-7 heavy atoms),10.3934,2.598,206.0000,218.4405,12.4405,12.4405,0
orca [wB97X-D3/def2-TZVP],orca,wB97X-D3,def2-TZVP,1H,acetone,carbonyl,[CH3],6,4,10,small (4-7 heavy atoms),10.4979,2.624,2.1700,2.1192,-0.0508,0.0508,0
orca [wB97X-D3/def2-TZVP],orca,wB97X-D3,def2-TZVP,13C,acetaldehyde,carbonyl,[CH3],1,3,7,tiny (1-3 heavy atoms),6.2367,2.079,30.9000,33.9955,3.0955,3.0955,0
orca [wB97X-D3/def2-TZVP],orca,wB97X-D3,def2-TZVP,13C,acetaldehyde,carbonyl,[CX3H1]=O,1,3,7,tiny (1-3 heavy atoms),6.2367,2.079,199.6000,212.1095,12.5095,12.5095,0
orca [wB97X-D3/def2-TZVP],orca,wB97X-D3,def2-TZVP,1H,acetaldehyde,carbonyl,[CH3],3,3,7,tiny (1-3 heavy atoms),6.2941,2.098,2.2000,2.1182,-0.0818,0.0818,0
orca [wB97X-D3/def2-TZVP],orca,wB97X-D3,def2-TZVP,1H,acetaldehyde,carbonyl,[CX3H1]=O,1,3,7,tiny (1-3 heavy atoms),6.2941,2.098,9.7900,10.2688,0.4788,0.4788,0
orca [wB97X-D3/def2-TZVP],orca,wB97X-D3,def2-TZVP,13C,ethyl_acetate,carbonyl,[CH3]C(=O)O,1,6,14,small (4-7 heavy atoms),14.3786,2.396,21.0000,23.3095,2.3095,2.3095,0
orca [wB97X-D3/def2-TZVP],orca,wB97X-D3,def2-TZVP,13C,ethyl_acetate,carbonyl,[CX3](=O)O,1,6,14,small (4-7 heavy atoms),14.3786,2.396,171.0000,183.3405,12.3405,12.3405,0
orca [wB97X-D3/def2-TZVP],orca,wB97X-D3,def2-TZVP,13C,ethyl_acetate,carbonyl,[CH2]OC=O,1,6,14,small (4-7 heavy atoms),14.3786,2.396,60.5000,63.3285,2.8285,2.8285,0
orca [wB97X-D3/def2-TZVP],orca,wB97X-D3,def2-TZVP,13C,ethyl_acetate,carbonyl,[CH3][CH2]O,1,6,14,small (4-7 heavy atoms),14.3786,2.396,14.2000,16.3545,2.1545,2.1545,0
orca [wB97X-D3/def2-TZVP],orca,wB97X-D3,def2-TZVP,1H,ethyl_acetate,carbonyl,[CH3]C(=O)O,3,6,14,small (4-7 heavy atoms),14.4893,2.415,2.0400,2.0162,-0.0238,0.0238,0
orca [wB97X-D3/def2-TZVP],orca,wB97X-D3,def2-TZVP,1H,ethyl_acetate,carbonyl,[CH2]OC=O,2,6,14,small (4-7 heavy atoms),14.4893,2.415,4.1200,3.9958,-0.1242,0.1242,0
orca [wB97X-D3/def2-TZVP],orca,wB97X-D3,def2-TZVP,1H,ethyl_acetate,carbonyl,[CH3][CH2]O,3,6,14,small (4-7 heavy atoms),14.4893,2.415,1.2600,1.2535,-0.0065,0.0065,0
orca [wB97X-D3/def2-TZVP],orca,wB97X-D3,def2-TZVP,13C,benzaldehyde,carbonyl,[CX3H1]=O,1,8,14,medium (8-14 heavy atoms),19.6050,2.451,192.4000,202.9675,10.5675,10.5675,0
orca [wB97X-D3/def2-TZVP],orca,wB97X-D3,def2-TZVP,1H,benzaldehyde,carbonyl,[CX3H1]=O,1,8,14,medium (8-14 heavy atoms),19.6886,2.461,9.9900,10.5298,0.5398,0.5398,0
orca [wB97X-D3/def2-TZVP],orca,wB97X-D3,def2-TZVP,13C,dmf,carbonyl,[CX3H1]=O,1,5,12,small (4-7 heavy atoms),12.1253,2.425,162.6000,170.4685,7.8685,7.8685,0
orca [wB97X-D3/def2-TZVP],orca,wB97X-D3,def2-TZVP,1H,dmf,carbonyl,[CX3H1]=O,1,5,12,small (4-7 heavy atoms),12.0432,2.409,8.0200,8.2478,0.2278,0.2278,0
orca [wB97X-D3/def2-TZVP],orca,wB97X-D3,def2-TZVP,13C,acetic_acid,carboxylic_acid,[CH3],1,4,8,small (4-7 heavy atoms),7.2372,1.809,20.8000,20.1915,-0.6085,0.6085,0
orca [wB97X-D3/def2-TZVP],orca,wB97X-D3,def2-TZVP,13C,acetic_acid,carboxylic_acid,[CX3](=O)[OH],1,4,8,small (4-7 heavy atoms),7.2372,1.809,178.1000,181.2845,3.1845,3.1845,0
orca [wB97X-D3/def2-TZVP],orca,wB97X-D3,def2-TZVP,1H,acetic_acid,carboxylic_acid,[CH3],3,4,8,small (4-7 heavy atoms),7.2326,1.808,2.1000,2.0312,-0.0688,0.0688,0
orca [wB97X-D3/def2-TZVP],orca,wB97X-D3,def2-TZVP,1H,acetic_acid,carboxylic_acid,[OX2H][CX3]=O,1,4,8,small (4-7 heavy atoms),7.2326,1.808,11.4000,6.2368,-5.1632,5.1632,1
orca [wB97X-D3/def2-TZVP],orca,wB97X-D3,def2-TZVP,13C,formic_acid,carboxylic_acid,[CX3H1](=O)[OH],1,3,5,tiny (1-3 heavy atoms),5.1610,1.720,166.3000,170.6915,4.3915,4.3915,0
orca [wB97X-D3/def2-TZVP],orca,wB97X-D3,def2-TZVP,1H,formic_acid,carboxylic_acid,[CX3H1](=O)[OH],1,3,5,tiny (1-3 heavy atoms),5.1178,1.706,8.0800,8.0978,0.0178,0.0178,0
orca [wB97X-D3/def2-TZVP],orca,wB97X-D3,def2-TZVP,1H,formic_acid,carboxylic_acid,[OX2H][CX3]=O,1,3,5,tiny (1-3 heavy atoms),5.1178,1.706,11.0000,6.4788,-4.5212,4.5212,1
orca [wB97X-D3/def2-TZVP],orca,wB97X-D3,def2-TZVP,13C,benzoic_acid,carboxylic_acid,[CX3](=O)[OH],1,9,15,medium (8-14 heavy atoms),23.2422,2.582,172.6000,174.8025,2.2025,2.2025,0
orca [wB97X-D3/def2-TZVP],orca,wB97X-D3,def2-TZVP,1H,benzoic_acid,carboxylic_acid,[OX2H][CX3]=O,1,9,15,medium (8-14 heavy atoms),21.7780,2.420,12.0000,6.4008,-5.5992,5.5992,1
orca [wB97X-D3/def2-TZVP],orca,wB97X-D3,def2-TZVP,13C,chloroform,heteroatom_halogen,[CX4H1](Cl)(Cl)Cl,1,4,5,small (4-7 heavy atoms),7.2445,1.811,77.7000,99.0875,21.3875,21.3875,0
orca [wB97X-D3/def2-TZVP],orca,wB97X-D3,def2-TZVP,1H,chloroform,heteroatom_halogen,[CX4H1](Cl)(Cl)Cl,1,4,5,small (4-7 heavy atoms),7.2446,1.811,7.2600,7.2598,-0.0002,0.0002,0
orca [wB97X-D3/def2-TZVP],orca,wB97X-D3,def2-TZVP,13C,dichloromethane,heteroatom_halogen,[CH2](Cl)Cl,1,3,5,tiny (1-3 heavy atoms),5.5375,1.846,53.5000,63.3215,9.8215,9.8215,0
orca [wB97X-D3/def2-TZVP],orca,wB97X-D3,def2-TZVP,1H,dichloromethane,heteroatom_halogen,[CH2](Cl)Cl,2,3,5,tiny (1-3 heavy atoms),5.5563,1.852,5.3000,5.2063,-0.0937,0.0937,0
orca [wB97X-D3/def2-TZVP],orca,wB97X-D3,def2-TZVP,13C,methanol,heteroatom_halogen,[CH3]O,1,2,6,tiny (1-3 heavy atoms),4.9598,2.480,50.4000,53.3085,2.9085,2.9085,0
orca [wB97X-D3/def2-TZVP],orca,wB97X-D3,def2-TZVP,1H,methanol,heteroatom_halogen,[CH3]O,3,2,6,tiny (1-3 heavy atoms),4.8791,2.440,3.4000,3.5655,0.1655,0.1655,0
orca [wB97X-D3/def2-TZVP],orca,wB97X-D3,def2-TZVP,1H,methanol,heteroatom_halogen,[OH],1,2,6,tiny (1-3 heavy atoms),4.8791,2.440,2.0000,-0.2842,-2.2842,2.2842,1
orca [wB97X-D3/def2-TZVP],orca,wB97X-D3,def2-TZVP,13C,acetonitrile,heteroatom_halogen,[CH3]C#N,1,3,6,tiny (1-3 heavy atoms),5.0607,1.687,1.3000,2.6535,1.3535,1.3535,0
orca [wB97X-D3/def2-TZVP],orca,wB97X-D3,def2-TZVP,13C,acetonitrile,heteroatom_halogen,[CX2]#N,1,3,6,tiny (1-3 heavy atoms),5.0607,1.687,117.7000,122.7515,5.0515,5.0515,0
orca [wB97X-D3/def2-TZVP],orca,wB97X-D3,def2-TZVP,1H,acetonitrile,heteroatom_halogen,[CH3]C#N,3,3,6,tiny (1-3 heavy atoms),5.0174,1.672,2.0000,1.7568,-0.2432,0.2432,0
orca [wB97X-D3/def2-TZVP],orca,wB97X-D3,def2-TZVP,13C,dmso,heteroatom_halogen,[CH3],2,4,10,small (4-7 heavy atoms),10.3572,2.589,40.5000,43.0020,2.5020,2.5020,0
orca [wB97X-D3/def2-TZVP],orca,wB97X-D3,def2-TZVP,1H,dmso,heteroatom_halogen,[CH3],6,4,10,small (4-7 heavy atoms),10.1694,2.542,2.5000,2.1675,-0.3325,0.3325,0
orca [wB97X-D3/def2-TZVP],orca,wB97X-D3,def2-TZVP,13C,iodomethane,heteroatom_halogen,[CH3]I,1,2,5,tiny (1-3 heavy atoms),8.4847,4.242,-20.7000,0.9605,21.6605,21.6605,0
orca [wB97X-D3/def2-TZVP],orca,wB97X-D3,def2-TZVP,1H,iodomethane,heteroatom_halogen,[CH3]I,3,2,5,tiny (1-3 heavy atoms),8.0171,4.009,2.1600,1.7928,-0.3672,0.3672,0
orca [wB97X-D3/def2-TZVP],orca,wB97X-D3,def2-TZVP,13C,ethylene,conjugated_strained,[CH2]=[CH2],1,2,6,tiny (1-3 heavy atoms),4.7181,2.359,123.3000,133.1095,9.8095,9.8095,0
orca [wB97X-D3/def2-TZVP],orca,wB97X-D3,def2-TZVP,1H,ethylene,conjugated_strained,[CH2]=[CH2],2,2,6,tiny (1-3 heavy atoms),4.6216,2.311,5.4000,5.9568,0.5568,0.5568,0
orca [wB97X-D3/def2-TZVP],orca,wB97X-D3,def2-TZVP,13C,acetylene,conjugated_strained,[CH1]#[CH1],1,2,4,tiny (1-3 heavy atoms),3.7648,1.882,71.9000,75.0105,3.1105,3.1105,0
orca [wB97X-D3/def2-TZVP],orca,wB97X-D3,def2-TZVP,1H,acetylene,conjugated_strained,[CH1]#[CH1],1,2,4,tiny (1-3 heavy atoms),3.7016,1.851,1.8000,1.4508,-0.3492,0.3492,0
orca [wB97X-D3/def2-TZVP],orca,wB97X-D3,def2-TZVP,13C,cyclopropane,conjugated_strained,[CH2],3,3,9,tiny (1-3 heavy atoms),6.8151,2.272,-2.8000,-1.6978,1.1022,1.1022,0
orca [wB97X-D3/def2-TZVP],orca,wB97X-D3,def2-TZVP,1H,cyclopropane,conjugated_strained,[CH2],6,3,9,tiny (1-3 heavy atoms),6.8300,2.277,0.2200,0.2348,0.0148,0.0148,0
orca [wB97X-D3/def2-TZVP],orca,wB97X-D3,def2-TZVP,13C,styrene,conjugated_strained,[CH2]=[CH],1,8,16,medium (8-14 heavy atoms),18.8884,2.361,113.2000,123.4975,10.2975,10.2975,0
orca [wB97X-D3/def2-TZVP],orca,wB97X-D3,def2-TZVP,13C,styrene,conjugated_strained,[CH1](=[CH2])c,1,8,16,medium (8-14 heavy atoms),18.8884,2.361,136.9000,149.1265,12.2265,12.2265,0
orca [wB97X-D3/def2-TZVP],orca,wB97X-D3,def2-TZVP,1H,styrene,conjugated_strained,[CH1](=[CH2])c,1,8,16,medium (8-14 heavy atoms),18.9822,2.373,6.7200,7.4368,0.7168,0.7168,0
orca [wB97X-D3/def2-TZVP],orca,wB97X-D3,def2-TZVP,13C,furan,conjugated_strained,[cH]o,2,5,9,small (4-7 heavy atoms),9.7783,1.956,142.7000,151.5090,8.8090,8.8090,0
orca [wB97X-D3/def2-TZVP],orca,wB97X-D3,def2-TZVP,13C,furan,conjugated_strained,[cH]co,2,5,9,small (4-7 heavy atoms),9.7783,1.956,109.6000,117.1360,7.5360,7.5360,0
orca [wB97X-D3/def2-TZVP],orca,wB97X-D3,def2-TZVP,1H,furan,conjugated_strained,[cH]o,2,5,9,small (4-7 heavy atoms),9.7942,1.959,7.4200,7.8163,0.3963,0.3963,0
orca [wB97X-D3/def2-TZVP],orca,wB97X-D3,def2-TZVP,1H,furan,conjugated_strained,[cH]co,2,5,9,small (4-7 heavy atoms),9.7942,1.959,6.3700,6.8398,0.4698,0.4698,0
orca [wB97X-D3/def2-TZVP],orca,wB97X-D3,def2-TZVP,13C,adamantane,larger,[CX4H2],6,10,26,medium (8-14 heavy atoms),35.1619,3.516,37.8000,39.6445,1.8445,1.8445,0
orca [wB97X-D3/def2-TZVP],orca,wB97X-D3,def2-TZVP,13C,adamantane,larger,[CX4H1],4,10,26,medium (8-14 heavy atoms),35.1619,3.516,28.3000,31.2288,2.9288,2.9288,0
orca [wB97X-D3/def2-TZVP],orca,wB97X-D3,def2-TZVP,1H,adamantane,larger,[CX4H2],12,10,26,medium (8-14 heavy atoms),35.1890,3.519,1.7200,1.7121,-0.0079,0.0079,0
orca [wB97X-D3/def2-TZVP],orca,wB97X-D3,def2-TZVP,1H,adamantane,larger,[CX4H1],4,10,26,medium (8-14 heavy atoms),35.1890,3.519,2.0300,1.7658,-0.2642,0.2642,0
orca [wB97X-D3/def2-TZVP],orca,wB97X-D3,def2-TZVP,13C,camphor,larger,[CX3]=O,1,11,27,medium (8-14 heavy atoms),42.0054,3.819,217.9000,231.3645,13.4645,13.4645,0
orca [wB97X-D3/def2-TZVP],orca,wB97X-D3,def2-TZVP,13C,menthol,larger,[CX4H1][OH],1,11,31,medium (8-14 heavy atoms),44.3534,4.032,71.5000,74.2685,2.7685,2.7685,0
orca [wB97X-D3/def2-TZVP],orca,wB97X-D3,def2-TZVP,1H,menthol,larger,[OH],1,11,31,medium (8-14 heavy atoms),46.9989,4.273,1.6000,-0.6012,-2.2012,2.2012,1
orca [wB97X-D3/def2-TZVP],orca,wB97X-D3,def2-TZVP,13C,caffeine,larger,[cH],1,14,24,medium (8-14 heavy atoms),45.4865,3.249,141.6000,147.5515,5.9515,5.9515,0
orca [wB97X-D3/def2-TZVP],orca,wB97X-D3,def2-TZVP,1H,caffeine,larger,[cH],1,14,24,medium (8-14 heavy atoms),45.7223,3.266,7.5100,7.5758,0.0658,0.0658,0
orca [wB97X-D3/def2-TZVP],orca,wB97X-D3,def2-TZVP,13C,ibuprofen,larger,[CX3](=O)[OH],1,15,33,large (15+ heavy atoms),66.8925,4.459,180.6000,187.0025,6.4025,6.4025,0
orca [wB97X-D3/def2-TZVP],orca,wB97X-D3,def2-TZVP,13C,ibuprofen,larger,[CH3]C([CH3])C,1,15,33,large (15+ heavy atoms),66.8925,4.459,22.4000,24.5550,2.1550,2.1550,0
orca [wB97X-D3/def2-TZVP],orca,wB97X-D3,def2-TZVP,1H,ibuprofen,larger,[CH3]C([CH3])C,3,15,33,large (15+ heavy atoms),68.4284,4.562,0.8900,0.9283,0.0383,0.0383,0
orca [wB97X-D3/def2-TZVP],orca,wB97X-D3,def2-TZVP,1H,ibuprofen,larger,[OX2H][CX3]=O,1,15,33,large (15+ heavy atoms),68.4284,4.562,11.5000,6.2168,-5.2832,5.2832,1
orca [wB97X-D3/def2-TZVP],orca,wB97X-D3,def2-TZVP,13C,anthracene,larger,[cH]([cH0])[cH0],2,14,24,medium (8-14 heavy atoms),44.4958,3.178,126.4000,135.0480,8.6480,8.6480,0
orca [wB97X-D3/def2-TZVP],orca,wB97X-D3,def2-TZVP,13C,anthracene,larger,[cH]([cH0])[cH],4,14,24,medium (8-14 heavy atoms),44.4958,3.178,128.4000,137.6598,9.2598,9.2598,0
orca [wB97X-D3/def2-TZVP],orca,wB97X-D3,def2-TZVP,13C,anthracene,larger,[cH]([cH])[cH],4,14,24,medium (8-14 heavy atoms),44.4958,3.178,125.5000,134.2767,8.7767,8.7767,0
orca [wB97X-D3/def2-TZVP],orca,wB97X-D3,def2-TZVP,13C,anthracene,larger,[cH0],4,14,24,medium (8-14 heavy atoms),44.4958,3.178,131.9000,136.2218,4.3218,4.3218,0
orca [wB97X-D3/def2-TZVP],orca,wB97X-D3,def2-TZVP,1H,anthracene,larger,[cH]([cH0])[cH0],2,14,24,medium (8-14 heavy atoms),44.3075,3.165,8.4300,8.9888,0.5588,0.5588,0
orca [wB97X-D3/def2-TZVP],orca,wB97X-D3,def2-TZVP,1H,anthracene,larger,[cH]([cH0])[cH],4,14,24,medium (8-14 heavy atoms),44.3075,3.165,8.0100,8.7003,0.6903,0.6903,0
orca [wB97X-D3/def2-TZVP],orca,wB97X-D3,def2-TZVP,1H,anthracene,larger,[cH]([cH])[cH],4,14,24,medium (8-14 heavy atoms),44.3075,3.165,7.4600,8.1088,0.6488,0.6488,0
orca [wB97X-D3/def2-TZVP],orca,wB97X-D3,def2-TZVP,13C,testosterone,larger,[CX3]=O,1,21,49,large (15+ heavy atoms),147.7795,7.037,199.4000,208.9115,9.5115,9.5115,0
orca [wB97X-D3/def2-TZVP],orca,wB97X-D3,def2-TZVP,13C,testosterone,larger,[CX3H0]=[CX3H1],1,21,49,large (15+ heavy atoms),147.7795,7.037,171.2000,177.0825,5.8825,5.8825,0
orca [wB97X-D3/def2-TZVP],orca,wB97X-D3,def2-TZVP,13C,testosterone,larger,[CX3H1]=[CX3],1,21,49,large (15+ heavy atoms),147.7795,7.037,123.8000,133.1125,9.3125,9.3125,0
orca [wB97X-D3/def2-TZVP],orca,wB97X-D3,def2-TZVP,13C,testosterone,larger,[CX4H1][OH],1,21,49,large (15+ heavy atoms),147.7795,7.037,81.6000,85.3095,3.7095,3.7095,0
orca [wB97X-D3/def2-TZVP],orca,wB97X-D3,def2-TZVP,1H,testosterone,larger,[CX3H1]=[CX3],1,21,49,large (15+ heavy atoms),148.2945,7.062,5.7200,6.1728,0.4528,0.4528,0
orca [wB97X-D3/def2-TZVP],orca,wB97X-D3,def2-TZVP,1H,testosterone,larger,[CX4H1][OH],1,21,49,large (15+ heavy atoms),148.2945,7.062,3.6500,3.9558,0.3058,0.3058,0
orca [wB97X-D3/def2-TZVP],orca,wB97X-D3,def2-TZVP,1H,testosterone,larger,[OH],1,21,49,large (15+ heavy atoms),148.2945,7.062,1.6000,0.4798,-1.1202,1.1202,1
orca [wB97X-D3/def2-TZVP],orca,wB97X-D3,def2-TZVP,13C,cholesterol,larger,[CX3H0]=[CX3H1],1,28,74,large (15+ heavy atoms),243.1522,8.684,140.8000,151.2485,10.4485,10.4485,0
orca [wB97X-D3/def2-TZVP],orca,wB97X-D3,def2-TZVP,13C,cholesterol,larger,[CX3H1]=[CX3],1,28,74,large (15+ heavy atoms),243.1522,8.684,121.7000,132.5945,10.8945,10.8945,0
orca [wB97X-D3/def2-TZVP],orca,wB97X-D3,def2-TZVP,13C,cholesterol,larger,[CX4H1][OH],1,28,74,large (15+ heavy atoms),243.1522,8.684,71.8000,75.4675,3.6675,3.6675,0
orca [wB97X-D3/def2-TZVP],orca,wB97X-D3,def2-TZVP,1H,cholesterol,larger,[CX3H1]=[CX3],1,28,74,large (15+ heavy atoms),243.9172,8.711,5.3500,5.8238,0.4738,0.4738,0
orca [wB97X-D3/def2-TZVP],orca,wB97X-D3,def2-TZVP,1H,cholesterol,larger,[CX4H1][OH],1,28,74,large (15+ heavy atoms),243.9172,8.711,3.5200,3.5158,-0.0042,0.0042,0
orca [wB97X-D3/def2-TZVP],orca,wB97X-D3,def2-TZVP,1H,cholesterol,larger,[OH],1,28,74,large (15+ heavy atoms),243.9172,8.711,1.6000,0.5088,-1.0912,1.0912,1
