193,0,193,0
193,0,193,0
193,0,193,0
193,0,193,0
193,0,193,0
193,0,193,0
193,0,193,0
193,0,193,0
193,0,193,0
193,0,193,0
193,0,193,0
193,0,193,0
193,0,193,0
193,0,193,0
193,0,193,0
193,0,193,0
193,0,193,0
193,0,193,0
193,0,193,0
194,0,194,0
194,0,194,0
194,0,194,0
194,0,194,0
194,0,194,0
194,0,194,0
194,0,194,0
194,0,194,0
194,0,194,0
194,0,194,0
194,0,194,0
194,0,194,0
194,0,194,0
194,0,194,0
194,0,194,0
194,0,194,0
194,0,194,0
194,0,194,0
194,0,194,0
194,0,194,0
194,0,194,0
194,0,194,0
194,0,194,0
194,0,194,0
194,0,194,0
194,0,194,0
194,0,194,0
194,0,194,0
194,0,194,0
194,0,194,0
194,0,194,0
194,0,194,0
194,0,194,0
194,0,194,0
194,0,194,0
194,0,194,0
195,0,195,0
195,0,195,0
195,0,195,0
195,0,195,0
195,0,195,0
195,0,195,0
195,0,195,0
195,0,195,0
195,0,195,0
195,0,195,0
195,0,195,0
195,0,195,0
195,0,195,0
195,0,195,0
195,0,195,0
195,0,195,0
195,0,195,0
195,0,195,0
195,0,195,0
195,0,195,0
195,0,195,0
195,0,195,0
195,0,195,0
195,0,195,0
195,0,195,0
195,0,195,0
195,0,195,0
195,0,195,0
195,0,195,0
195,0,195,0
195,0,195,0
195,0,195,0
195,0,195,0
195,0,195,0
195,0,195,0
195,0,195,0
196,0,196,0
196,0,196,0
196,0,196,0
196,0,196,0
196,0,196,0
196,0,196,0
196,0,196,0
196,0,196,0
196,0,196,0
196,0,196,0
196,0,196,0
196,0,196,0
196,0,196,0
196,0,196,0
196,0,196,0
196,0,196,0
196,0,196,0
196,0,196,0
196,0,196,0
196,0,196,0
196,0,196,0
196,0,196,0
196,0,196,0
196,0,196,0
196,0,196,0
196,0,196,0
196,0,196,0
196,0,196,0
196,0,196,0
196,0,196,0
196,0,196,0
196,0,196,0
196,0,196,0
196,0,196,0
196,0,196,0
196,0,196,0
197,0,197,0
197,0,197,0
197,0,197,0
197,0,197,0
197,0,197,0
197,0,197,0
197,0,197,0
197,0,197,0
197,0,197,0
197,0,197,0
197,0,197,0
197,0,197,0
197,0,197,0
197,0,197,0
197,0,197,0
197,0,197,0
197,0,197,0
197,0,197,0
197,0,197,0
197,0,197,0
197,0,197,0
197,0,197,0
197,0,197,0
197,0,197,0
197,0,197,0
197,0,197,0
197,0,197,0
197,0,197,0
197,0,197,0
197,0,197,0
197,0,197,0
197,0,197,0
197,0,197,0
197,0,197,0
197,0,197,0
197,0,197,0
198,0,198,0
198,0,198,0
198,0,198,0
198,0,198,0
198,0,198,0
198,0,198,0
198,0,198,0
198,0,198,0
198,0,198,0
198,0,198,0
198,0,198,0
198,0,198,0
198,0,198,0
198,0,198,0
198,0,198,0
198,0,198,0
198,0,198,0
198,0,198,0
198,0,198,0
198,0,198,0
198,0,198,0
198,0,198,0
198,0,198,0
198,0,198,0
198,0,198,0
198,0,198,0
198,0,198,0
198,0,198,0
198,0,198,0
198,0,198,0
198,0,198,0
198,0,198,0
198,0,198,0
198,0,198,0
198,0,198,0
198,0,198,0
199,0,199,0
199,0,199,0
199,0,199,0
199,0,199,0
199,0,199,0
199,0,199,0
199,0,199,0
199,0,199,0
199,0,199,0
199,0,199,0
199,0,199,0
199,0,199,0
199,0,199,0
199,0,199,0
199,0,199,0
199,0,199,0
199,0,199,0
199,0,199,0
199,0,199,0
199,0,199,0
199,0,199,0
199,0,199,0
199,0,199,0
199,0,199,0
199,0,199,0
199,0,199,0
199,0,199,0
199,0,199,0
199,0,199,0
199,0,199,0
199,0,199,0
199,0,199,0
199,0,199,0
199,0,199,0
199,0,199,0
199,0,200,0
200,0,200,0
200,0,200,0
200,0,200,0
200,0,200,0
200,0,200,0
200,0,200,0
200,0,200,0
200,0,200,0
200,0,200,0
200,0,200,0
200,0,200,0
200,0,200,0
200,0,200,0
200,0,200,0
200,0,200,0
200,0,200,0
200,0,200,0
200,0,200,0
200,0,200,0
200,0,200,0
200,0,200,0
200,0,200,0
200,0,200,0
200,0,200,0
200,0,200,0
200,0,200,0
200,0,200,0
200,0,200,0
200,0,200,0
200,0,200,0
200,0,200,0
200,0,200,0
200,0,200,0
200,0,200,0
200,0,200,0
200,0,201,0
201,0,201,0
201,0,201,0
201,0,201,0
201,0,201,0
201,0,201,0
201,0,201,0
201,0,201,0
201,0,201,0
201,0,201,0
201,0,201,0
201,0,201,0
201,0,201,0
201,0,201,0
201,0,201,0
201,0,201,0
201,0,201,0
201,0,201,0
201,0,201,0
201,0,201,0
201,0,201,0
201,0,201,0
201,0,201,0
201,0,201,0
201,0,201,0
201,0,201,0
201,0,201,0
201,0,201,0
201,0,201,0
201,0,201,0
201,0,201,0
201,0,201,0
201,0,201,0
201,0,201,0
201,0,201,0
201,0,201,0
202,0,202,0
202,0,202,0
202,0,202,0
202,0,202,0
202,0,202,0
202,0,202,0
202,0,202,0
202,0,202,0
202,0,202,0
202,0,202,0
202,0,202,0
202,0,202,0
202,0,202,0
202,0,202,0
202,0,202,0
202,0,202,0
202,0,202,0
202,0,202,0
202,0,202,0
202,0,202,0
202,0,202,0
202,0,202,0
202,0,202,0
202,0,202,0
202,0,202,0
202,0,202,0
202,0,202,0
202,0,202,0
202,0,202,0
202,0,202,0
202,0,202,0
202,0,202,0
202,0,202,0
202,0,202,0
202,0,202,0
202,0,203,0
203,0,203,0
203,0,203,0
203,0,203,0
203,0,203,0
203,0,203,0
203,0,203,0
203,0,203,0
203,0,203,0
203,0,203,0
203,0,203,0
203,0,203,0
203,0,203,0
203,0,203,0
203,0,203,0
203,0,203,0
203,0,203,0
203,0,203,0
203,0,203,0
203,0,203,0
203,0,203,0
203,0,203,0
203,0,203,0
203,0,203,0
203,0,203,0
203,0,203,0
203,0,203,0
203,0,203,0
203,0,203,0
203,0,203,0
203,0,203,0
203,0,203,0
203,0,203,0
203,0,203,0
203,0,203,0
203,0,203,0
204,0,204,0
204,0,204,0
204,0,204,0
204,0,204,0
204,0,204,0
204,0,204,0
204,0,204,0
204,0,204,0
204,0,204,0
204,0,204,0
204,0,204,0
204,0,204,0
204,0,204,0
204,0,204,0
204,0,204,0
204,0,204,0
204,0,204,0
204,0,204,0
204,0,204,0
204,0,204,0
204,0,204,0
204,0,204,0
204,0,204,0
204,0,204,0
204,0,204,0
204,0,204,0
204,0,204,0
204,0,204,0
204,0,204,0
204,0,204,0
204,0,204,0
204,0,204,0
204,0,204,0
204,0,204,0
204,0,204,0
205,0,205,0
205,0,205,0
205,0,205,0
205,0,205,0
205,0,205,0
205,0,205,0
205,0,205,0
205,0,205,0
205,0,205,0
205,0,205,0
205,0,205,0
205,0,205,0
205,0,205,0
205,0,205,0
205,0,205,0
205,0,205,0
205,0,205,0
205,0,205,0
205,0,205,0
205,0,205,0
205,0,205,0
205,0,205,0
205,0,205,0
205,0,205,0
205,0,205,0
205,0,205,0
205,0,205,0
205,0,205,0
205,0,205,0
205,0,205,0
205,0,205,0
205,0,205,0
205,0,205,0
205,0,205,0
205,0,205,0
205,0,206,0
206,0,206,0
206,0,206,0
206,0,206,0
206,0,206,0
206,0,206,0
206,0,206,0
206,0,206,0
206,0,206,0
206,0,206,0
206,0,206,0
206,0,206,0
206,0,206,0
206,0,206,0
206,0,206,0
206,0,206,0
206,0,206,0
206,0,206,0
206,0,206,0
206,0,206,0
206,0,206,0
206,0,206,0
206,0,206,0
206,0,206,0
206,0,206,0
206,0,206,0
206,0,206,0
206,0,206,0
206,0,206,0
206,0,206,0
206,0,206,0
206,0,206,0
206,0,206,0
206,0,206,0
206,0,206,0
206,0,207,0
207,0,207,0
207,0,207,0
207,0,207,0
207,0,207,0
207,0,207,0
207,0,207,0
207,0,207,0
207,0,207,0
207,0,207,0
207,0,207,0
207,0,207,0
207,0,207,0
207,0,207,0
207,0,207,0
207,0,207,0
207,0,207,0
207,0,207,0
207,0,207,0
207,0,207,0
207,0,207,0
207,0,207,0
207,0,207,0
207,0,207,0
207,0,207,0
207,0,207,0
207,0,207,0
207,0,207,0
207,0,207,0
207,0,207,0
207,0,207,0
207,0,207,0
207,0,207,0
207,0,207,0
207,0,207,0
207,0,208,0
208,0,208,0
208,0,208,0
208,0,208,0
208,0,208,0
208,0,208,0
208,0,208,0
208,0,208,0
208,0,208,0
208,0,208,0
208,0,208,0
208,0,208,0
208,0,208,0
208,0,208,0
208,0,208,0
208,0,208,0
208,0,208,0
208,0,208,0
208,0,208,0
208,0,208,0
208,0,208,0
208,0,208,0
208,0,208,0
208,0,208,0
208,0,208,0
208,0,208,0
208,0,208,0
208,0,208,0
208,0,208,0
208,0,208,0
208,0,208,0
208,0,208,0
208,0,208,0
208,0,208,0
208,0,208,0
208,0,209,0
209,0,209,0
209,0,209,0
209,0,209,0
209,0,209,0
209,0,209,0
209,0,209,0
209,0,209,0
209,0,209,0
209,0,209,0
209,0,209,0
209,0,209,0
209,0,209,0
209,0,209,0
209,0,209,0
209,0,209,0
209,0,209,0
209,0,209,0
209,0,209,0
209,0,209,0
209,0,209,0
209,0,209,0
209,0,209,0
209,0,209,0
209,0,209,0
209,0,209,0
209,0,209,0
209,0,209,0
209,0,209,0
209,0,209,0
209,0,209,0
209,0,209,0
209,0,209,0
209,0,209,0
209,0,209,0
209,0,210,0
210,0,210,0
210,0,210,0
210,0,210,0
210,0,210,0
210,0,210,0
210,0,210,0
210,0,210,0
210,0,210,0
210,0,210,0
210,0,210,0
210,0,210,0
210,0,210,0
210,0,210,0
210,0,210,0
210,0,210,0
210,0,210,0
210,0,210,0
210,0,210,0
210,0,210,0
210,0,210,0
210,0,210,0
210,0,210,0
210,0,210,0
210,0,210,0
210,0,210,0
210,0,210,0
210,0,210,0
210,0,210,0
210,0,210,0
210,0,210,0
210,0,210,0
210,0,210,0
210,0,210,0
210,0,210,0
210,0,211,0
211,0,211,0
211,0,211,0
211,0,211,0
211,0,211,0
211,0,211,0
211,0,211,0
211,0,211,0
211,0,211,0
211,0,211,0
211,0,211,0
211,0,211,0
211,0,211,0
211,0,211,0
211,0,211,0
211,0,211,0
211,0,211,0
211,0,211,0
211,0,211,0
211,0,211,0
211,0,211,0
211,0,211,0
211,0,211,0
211,0,211,0
211,0,211,0
211,0,211,0
211,0,211,0
211,0,211,0
211,0,211,0
211,0,211,0
211,0,211,0
211,0,211,0
211,0,211,0
211,0,211,0
211,0,211,0
212,0,212,0
212,0,212,0
212,0,212,0
212,0,212,0
212,0,212,0
212,0,212,0
212,0,212,0
212,0,212,0
212,0,212,0
212,0,212,0
212,0,212,0
212,0,212,0
212,0,212,0
212,0,212,0
212,0,212,0
212,0,212,0
212,0,212,0
212,0,212,0
212,0,212,0
212,0,212,0
212,0,212,0
212,0,212,0
212,0,212,0
212,0,212,0
212,0,212,0
212,0,212,0
212,0,212,0
212,0,212,0
212,0,212,0
212,0,212,0
212,0,212,0
212,0,212,0
212,0,212,0
212,0,212,0
212,0,213,0
213,0,213,0
213,0,213,0
213,0,213,0
213,0,213,0
213,0,213,0
213,0,213,0
213,0,213,0
213,0,213,0
213,0,213,0
213,0,213,0
213,0,213,0
213,0,213,0
213,0,213,0
213,0,213,0
213,0,213,0
213,0,213,0
213,0,213,0
213,0,213,0
213,0,213,0
213,0,213,0
213,0,213,0
213,0,213,0
213,0,213,0
213,0,213,0
213,0,213,0
213,0,213,0
213,0,213,0
213,0,213,0
213,0,213,0
213,0,213,0
213,0,213,0
213,0,213,0
213,0,213,0
213,0,213,0
213,0,214,0
214,0,214,0
214,0,214,0
214,0,214,0
214,0,214,0
214,0,214,0
214,0,214,0
214,0,214,0
214,0,214,0
214,0,214,0
214,0,214,0
214,0,214,0
214,0,214,0
214,0,214,0
214,0,214,0
214,0,214,0
214,0,214,0
214,0,214,0
214,0,214,0
214,0,214,0
214,0,214,0
214,0,214,0
214,0,214,0
214,0,214,0
214,0,214,0
214,0,214,0
214,0,214,0
214,0,214,0
214,0,214,0
214,0,214,0
214,0,214,0
214,0,214,0
214,0,214,0
214,0,214,0
214,0,214,0
215,0,215,0
215,0,215,0
215,0,215,0
215,0,215,0
215,0,215,0
215,0,215,0
215,0,215,0
215,0,215,0
215,0,215,0
215,0,215,0
215,0,215,0
215,0,215,0
215,0,215,0
215,0,215,0
215,0,215,0
215,0,215,0
215,0,215,0
215,0,215,0
215,0,215,0
215,0,215,0
215,0,215,0
215,0,215,0
215,0,215,0
215,0,215,0
215,0,215,0
215,0,215,0
215,0,215,0
215,0,215,0
215,0,215,0
215,0,215,0
215,0,215,0
215,0,215,0
215,0,215,0
215,0,215,0
216,0,216,0
216,0,216,0
216,0,216,0
216,0,216,0
216,0,216,0
216,0,216,0
216,0,216,0
216,0,216,0
216,0,216,0
216,0,216,0
216,0,216,0
216,0,216,0
216,0,216,0
216,0,216,0
216,0,216,0
216,0,216,0
216,0,216,0
216,0,216,0
216,0,216,0
216,0,216,0
216,0,216,0
216,0,216,0
216,0,216,0
216,0,216,0
216,0,216,0
216,0,216,0
216,0,216,0
216,0,216,0
216,0,216,0
216,0,216,0
216,0,216,0
216,0,216,0
216,0,216,0
216,0,216,0
216,0,217,0
217,0,217,0
217,0,217,0
217,0,217,0
217,0,217,0
217,0,217,0
217,0,217,0
217,0,217,0
217,0,217,0
217,0,217,0
217,0,217,0
217,0,217,0
217,0,217,0
217,0,217,0
217,0,217,0
217,0,217,0
217,0,217,0
217,0,217,0
217,0,217,0
217,0,217,0
217,0,217,0
217,0,217,0
217,0,217,0
217,0,217,0
217,0,217,0
217,0,217,0
217,0,217,0
217,0,217,0
217,0,217,0
217,0,217,0
217,0,217,0
217,0,217,0
217,0,217,0
217,0,217,0
217,0,217,0
218,0,218,0
218,0,218,0
218,0,218,0
218,0,218,0
218,0,218,0
218,0,218,0
218,0,218,0
218,0,218,0
218,0,218,0
218,0,218,0
218,0,218,0
218,0,218,0
218,0,218,0
218,0,218,0
218,0,218,0
218,0,218,0
218,0,218,0
218,0,218,0
218,0,218,0
218,0,218,0
218,0,218,0
218,0,218,0
218,0,218,0
218,0,218,0
218,0,218,0
218,0,218,0
218,0,218,0
218,0,218,0
218,0,218,0
218,0,218,0
218,0,218,0
218,0,218,0
218,0,218,0
218,0,218,0
219,0,219,0
219,0,219,0
219,0,219,0
219,0,219,0
219,0,219,0
219,0,219,0
219,0,219,0
219,0,219,0
219,0,219,0
219,0,219,0
219,0,219,0
219,0,219,0
219,0,219,0
219,0,219,0
219,0,219,0
219,0,219,0
219,0,219,0
219,0,219,0
219,0,219,0
219,0,219,0
219,0,219,0
219,0,219,0
219,0,219,0
219,0,219,0
219,0,219,0
219,0,219,0
219,0,219,0
219,0,219,0
219,0,219,0
219,0,219,0
219,0,219,0
219,0,219,0
219,0,219,0
219,0,219,0
220,0,220,0
220,0,220,0
220,0,220,0
220,0,220,0
220,0,220,0
220,0,220,0
220,0,220,0
220,0,220,0
220,0,220,0
220,0,220,0
220,0,220,0
220,0,220,0
220,0,220,0
220,0,220,0
220,0,220,0
220,0,220,0
220,0,220,0
220,0,220,0
220,0,220,0
220,0,220,0
220,0,220,0
220,0,220,0
220,0,220,0
220,0,220,0
220,0,220,0
220,0,220,0
220,0,220,0
220,0,220,0
220,0,220,0
220,0,220,0
220,0,220,0
220,0,220,0
220,0,220,0
220,0,220,0
221,0,221,0
221,0,221,0
221,0,221,0
221,0,221,0
221,0,221,0
221,0,221,0
221,0,221,0
221,0,221,0
221,0,221,0
221,0,221,0
221,0,221,0
221,0,221,0
221,0,221,0
221,0,221,0
221,0,221,0
221,0,221,0
221,0,221,0
221,0,221,0
221,0,221,0
221,0,221,0
221,0,221,0
221,0,221,0
221,0,221,0
221,0,221,0
221,0,221,0
221,0,221,0
221,0,221,0
221,0,221,0
221,0,221,0
221,0,221,0
221,0,221,0
221,0,221,0
221,0,221,0
221,0,221,0
222,0,222,0
222,0,222,0
222,0,222,0
222,0,222,0
222,0,222,0
222,0,222,0
222,0,222,0
222,0,222,0
222,0,222,0
222,0,222,0
222,0,222,0
222,0,222,0
222,0,222,0
222,0,222,0
222,0,222,0
222,0,222,0
222,0,222,0
222,0,222,0
222,0,222,0
222,0,222,0
222,0,222,0
222,0,222,0
222,0,222,0
222,0,222,0
222,0,222,0
222,0,222,0
222,0,222,0
222,0,222,0
222,0,222,0
222,0,222,0
222,0,222,0
222,0,222,0
222,0,222,0
222,0,222,0
223,0,223,0
223,0,223,0
223,0,223,0
223,0,223,0
223,0,223,0
223,0,223,0
223,0,223,0
223,0,223,0
223,0,223,0
223,0,223,0
223,0,223,0
223,0,223,0
223,0,223,0
223,0,223,0
223,0,223,0
223,0,223,0
223,0,223,0
223,0,223,0
223,0,223,0
223,0,223,0
223,0,223,0
223,0,223,0
223,0,223,0
223,0,223,0
223,0,223,0
223,0,223,0
223,0,223,0
223,0,223,0
223,0,223,0
223,0,223,0
223,0,223,0
223,0,223,0
223,0,223,0
223,0,224,0
224,0,224,0
224,0,224,0
224,0,224,0
224,0,224,0
224,0,224,0
224,0,224,0
224,0,224,0
224,0,224,0
224,0,224,0
224,0,224,0
224,0,224,0
224,0,224,0
224,0,224,0
224,0,224,0
224,0,224,0
224,0,224,0
224,0,224,0
224,0,224,0
224,0,224,0
224,0,224,0
224,0,224,0
224,0,224,0
224,0,224,0
224,0,224,0
224,0,224,0
224,0,224,0
224,0,224,0
224,0,224,0
224,0,224,0
224,0,224,0
224,0,224,0
224,0,224,0
224,0,224,0
224,0,225,0
225,0,225,0
225,0,225,0
225,0,225,0
225,0,225,0
225,0,225,0
225,0,225,0
225,0,225,0
225,0,225,0
225,0,225,0
225,0,225,0
225,0,225,0
225,0,225,0
225,0,225,0
225,0,225,0
225,0,225,0
225,0,225,0
225,0,225,0
225,0,225,0
225,0,225,0
225,0,225,0
225,0,225,0
225,0,225,0
225,0,225,0
225,0,225,0
225,0,225,0
225,0,225,0
225,0,225,0
225,0,225,0
225,0,225,0
225,0,225,0
225,0,225,0
225,0,225,0
225,0,225,0
226,0,226,0
226,0,226,0
226,0,226,0
226,0,226,0
226,0,226,0
226,0,226,0
226,0,226,0
226,0,226,0
226,0,226,0
226,0,226,0
226,0,226,0
226,0,226,0
226,0,226,0
226,0,226,0
226,0,226,0
226,0,226,0
226,0,226,0
226,0,226,0
226,0,226,0
226,0,226,0
226,0,226,0
226,0,226,0
226,0,226,0
226,0,226,0
226,0,226,0
226,0,226,0
226,0,226,0
226,0,226,0
226,0,226,0
226,0,226,0
226,0,226,0
226,0,226,0
226,0,226,0
226,0,227,0
227,0,227,0
227,0,227,0
227,0,227,0
227,0,227,0
227,0,227,0
227,0,227,0
227,0,227,0
227,0,227,0
227,0,227,0
227,0,227,0
227,0,227,0
227,0,227,0
227,0,227,0
227,0,227,0
227,0,227,0
227,0,227,0
227,0,227,0
227,0,227,0
227,0,227,0
227,0,227,0
227,0,227,0
227,0,227,0
227,0,227,0
227,0,227,0
227,0,227,0
227,0,227,0
227,0,227,0
227,0,227,0
227,0,227,0
227,0,227,0
227,0,227,0
227,0,227,0
227,0,227,0
228,0,228,0
228,0,228,0
228,0,228,0
228,0,228,0
228,0,228,0
228,0,228,0
228,0,228,0
228,0,228,0
228,0,228,0
228,0,228,0
228,0,228,0
228,0,228,0
228,0,228,0
228,0,228,0
228,0,228,0
228,0,228,0
228,0,228,0
228,0,228,0
228,0,228,0
228,0,228,0
228,0,228,0
228,0,228,0
228,0,228,0
228,0,228,0
228,0,228,0
228,0,228,0
228,0,228,0
228,0,228,0
228,0,228,0
228,0,228,0
228,0,228,0
228,0,228,0
228,0,228,0
228,0,229,0
229,0,229,0
229,0,229,0
229,0,229,0
229,0,229,0
229,0,229,0
229,0,229,0
229,0,229,0
229,0,229,0
229,0,229,0
229,0,229,0
229,0,229,0
229,0,229,0
229,0,229,0
229,0,229,0
229,0,229,0
229,0,229,0
229,0,229,0
229,0,229,0
229,0,229,0
229,0,229,0
229,0,229,0
229,0,229,0
229,0,229,0
229,0,229,0
229,0,229,0
229,0,229,0
229,0,229,0
229,0,229,0
229,0,229,0
229,0,229,0
229,0,229,0
229,0,229,0
229,0,229,0
230,0,230,0
230,0,230,0
230,0,230,0
230,0,230,0
230,0,230,0
230,0,230,0
230,0,230,0
230,0,230,0
230,0,230,0
230,0,230,0
230,0,230,0
230,0,230,0
230,0,230,0
230,0,230,0
230,0,230,0
230,0,230,0
230,0,230,0
230,0,230,0
230,0,230,0
230,0,230,0
230,0,230,0
230,0,230,0
230,0,230,0
230,0,230,0
230,0,230,0
230,0,230,0
230,0,230,0
230,0,230,0
230,0,230,0
230,0,230,0
230,0,230,0
230,0,230,0
230,0,230,0
231,0,231,0
231,0,231,0
231,0,231,0
231,0,231,0
231,0,231,0
231,0,231,0
231,0,231,0
231,0,231,0
231,0,231,0
231,0,231,0
231,0,231,0
231,0,231,0
231,0,231,0
231,0,231,0
231,0,231,0
231,0,231,0
231,0,231,0
231,0,231,0
231,0,231,0
231,0,231,0
231,0,231,0
231,0,231,0
231,0,231,0
231,0,231,0
231,0,231,0
231,0,231,0
231,0,231,0
231,0,231,0
231,0,231,0
231,0,231,0
231,0,231,0
231,0,231,0
231,0,231,0
232,0,232,0
232,0,232,0
232,0,232,0
232,0,232,0
232,0,232,0
232,0,232,0
232,0,232,0
232,0,232,0
232,0,232,0
232,0,232,0
232,0,232,0
232,0,232,0
232,0,232,0
232,0,232,0
232,0,232,0
232,0,232,0
232,0,232,0
232,0,232,0
232,0,232,0
232,0,232,0
232,0,232,0
232,0,232,0
232,0,232,0
232,0,232,0
232,0,232,0
232,0,232,0
232,0,232,0
232,0,232,0
232,0,232,0
232,0,232,0
232,0,232,0
232,0,232,0
232,0,232,0
232,0,233,0
233,0,233,0
233,0,233,0
233,0,233,0
233,0,233,0
233,0,233,0
233,0,233,0
233,0,233,0
233,0,233,0
233,0,233,0
233,0,233,0
233,0,233,0
233,0,233,0
233,0,233,0
233,0,233,0
233,0,233,0
233,0,233,0
233,0,233,0
233,0,233,0
233,0,233,0
233,0,233,0
233,0,233,0
233,0,233,0
233,0,233,0
233,0,233,0
233,0,233,0
233,0,233,0
233,0,233,0
233,0,233,0
233,0,233,0
233,0,233,0
233,0,233,0
233,0,233,0
233,0,234,0
234,0,234,0
234,0,234,0
234,0,234,0
234,0,234,0
234,0,234,0
234,0,234,0
234,0,234,0
234,0,234,0
234,0,234,0
234,0,234,0
234,0,234,0
234,0,234,0
234,0,234,0
234,0,234,0
234,0,234,0
234,0,234,0
234,0,234,0
234,0,234,0
234,0,234,0
234,0,234,0
234,0,234,0
234,0,234,0
234,0,234,0
234,0,234,0
234,0,234,0
234,0,234,0
234,0,234,0
234,0,234,0
234,0,234,0
234,0,234,0
234,0,234,0
234,0,234,0
234,0,235,0
235,0,235,0
235,0,235,0
235,0,235,0
235,0,235,0
235,0,235,0
235,0,235,0
235,0,235,0
235,0,235,0
235,0,235,0
235,0,235,0
235,0,235,0
235,0,235,0
235,0,235,0
235,0,235,0
235,0,235,0
235,0,235,0
235,0,235,0
235,0,235,0
235,0,235,0
235,0,235,0
235,0,235,0
235,0,235,0
235,0,235,0
235,0,235,0
235,0,235,0
235,0,235,0
235,0,235,0
235,0,235,0
235,0,235,0
235,0,235,0
235,0,235,0
235,0,235,0
235,0,236,0
236,0,236,0
236,0,236,0
236,0,236,0
236,0,236,0
236,0,236,0
236,0,236,0
236,0,236,0
236,0,236,0
236,0,236,0
236,0,236,0
236,0,236,0
236,0,236,0
236,0,236,0
236,0,236,0
236,0,236,0
236,0,236,0
236,0,236,0
236,0,236,0
236,0,236,0
236,0,236,0
236,0,236,0
236,0,236,0
236,0,236,0
236,0,236,0
236,0,236,0
236,0,236,0
236,0,236,0
236,0,236,0
236,0,236,0
236,0,236,0
236,0,236,0
236,0,236,0
237,0,237,0
237,0,237,0
237,0,237,0
237,0,237,0
237,0,237,0
237,0,237,0
237,0,237,0
237,0,237,0
237,0,237,0
237,0,237,0
237,0,237,0
237,0,237,0
237,0,237,0
237,0,237,0
237,0,237,0
237,0,237,0
237,0,237,0
237,0,237,0
237,0,237,0
237,0,237,0
237,0,237,0
237,0,237,0
237,0,237,0
237,0,237,0
237,0,237,0
237,0,237,0
237,0,237,0
237,0,237,0
237,0,237,0
237,0,237,0
237,0,237,0
237,0,237,0
237,0,237,0
238,0,238,0
238,0,238,0
238,0,238,0
238,0,238,0
238,0,238,0
238,0,238,0
238,0,238,0
238,0,238,0
238,0,238,0
238,0,238,0
238,0,238,0
238,0,238,0
238,0,238,0
238,0,238,0
238,0,238,0
238,0,238,0
238,0,238,0
238,0,238,0
238,0,238,0
238,0,238,0
238,0,238,0
238,0,238,0
238,0,238,0
238,0,238,0
238,0,238,0
238,0,238,0
238,0,238,0
238,0,238,0
238,0,238,0
238,0,238,0
238,0,238,0
238,0,238,0
238,0,239,0
239,0,239,0
239,0,239,0
239,0,239,0
239,0,239,0
239,0,239,0
239,0,239,0
239,0,239,0
239,0,239,0
239,0,239,0
239,0,239,0
239,0,239,0
239,0,239,0
239,0,239,0
239,0,239,0
239,0,239,0
239,0,239,0
239,0,239,0
239,0,239,0
239,0,239,0
239,0,239,0
239,0,239,0
239,0,239,0
239,0,239,0
239,0,239,0
239,0,239,0
239,0,239,0
239,0,239,0
239,0,239,0
239,0,239,0
239,0,239,0
239,0,239,0
239,0,239,0
240,0,240,0
240,0,240,0
240,0,240,0
240,0,240,0
240,0,240,0
240,0,240,0
240,0,240,0
240,0,240,0
240,0,240,0
240,0,240,0
240,0,240,0
240,0,240,0
240,0,240,0
240,0,240,0
240,0,240,0
240,0,240,0
240,0,240,0
240,0,240,0
240,0,240,0
240,0,240,0
240,0,240,0
240,0,240,0
240,0,240,0
240,0,240,0
240,0,240,0
240,0,240,0
240,0,240,0
240,0,240,0
240,0,240,0
240,0,240,0
240,0,240,0
240,0,240,0
240,0,240,0
241,0,241,0
241,0,241,0
241,0,241,0
241,0,241,0
241,0,241,0
241,0,241,0
241,0,241,0
241,0,241,0
241,0,241,0
241,0,241,0
241,0,241,0
241,0,241,0
241,0,241,0
241,0,241,0
241,0,241,0
241,0,241,0
241,0,241,0
241,0,241,0
241,0,241,0
241,0,241,0
241,0,241,0
241,0,241,0
241,0,241,0
241,0,241,0
241,0,241,0
241,0,241,0
241,0,241,0
241,0,241,0
241,0,241,0
241,0,241,0
241,0,241,0
241,0,241,0
241,0,242,0
242,0,242,0
242,0,242,0
242,0,242,0
242,0,242,0
242,0,242,0
242,0,242,0
242,0,242,0
242,0,242,0
242,0,242,0
242,0,242,0
242,0,242,0
242,0,242,0
242,0,242,0
242,0,242,0
242,0,242,0
242,0,242,0
242,0,242,0
242,0,242,0
242,0,242,0
242,0,242,0
242,0,242,0
242,0,242,0
242,0,242,0
242,0,242,0
242,0,242,0
242,0,242,0
242,0,242,0
242,0,242,0
242,0,242,0
242,0,242,0
242,0,242,0
242,0,243,0
243,0,243,0
243,0,243,0
243,0,243,0
243,0,243,0
243,0,243,0
243,0,243,0
243,0,243,0
243,0,243,0
243,0,243,0
243,0,243,0
243,0,243,0
243,0,243,0
243,0,243,0
243,0,243,0
243,0,243,0
243,0,243,0
243,0,243,0
243,0,243,0
243,0,243,0
243,0,243,0
243,0,243,0
243,0,243,0
243,0,243,0
243,0,243,0
243,0,243,0
243,0,243,0
243,0,243,0
243,0,243,0
243,0,243,0
243,0,243,0
243,0,243,0
243,0,243,0
244,0,244,0
244,0,244,0
244,0,244,0
244,0,244,0
244,0,244,0
244,0,244,0
244,0,244,0
244,0,244,0
244,0,244,0
244,0,244,0
244,0,244,0
244,0,244,0
244,0,244,0
244,0,244,0
244,0,244,0
244,0,244,0
244,0,244,0
244,0,244,0
244,0,244,0
244,0,244,0
244,0,244,0
244,0,244,0
244,0,244,0
244,0,244,0
244,0,244,0
244,0,244,0
244,0,244,0
244,0,244,0
244,0,244,0
244,0,244,0
244,0,244,0
244,0,244,0
244,0,245,0
245,0,245,0
245,0,245,0
245,0,245,0
245,0,245,0
245,0,245,0
245,0,245,0
245,0,245,0
245,0,245,0
245,0,245,0
245,0,245,0
245,0,245,0
245,0,245,0
245,0,245,0
245,0,245,0
245,0,245,0
245,0,245,0
245,0,245,0
245,0,245,0
245,0,245,0
245,0,245,0
245,0,245,0
245,0,245,0
245,0,245,0
245,0,245,0
245,0,245,0
245,0,245,0
245,0,245,0
245,0,245,0
245,0,245,0
245,0,245,0
245,0,245,0
245,0,246,0
246,0,246,0
246,0,246,0
246,0,246,0
246,0,246,0
246,0,246,0
246,0,246,0
246,0,246,0
246,0,246,0
246,0,246,0
246,0,246,0
246,0,246,0
246,0,246,0
246,0,246,0
246,0,246,0
246,0,246,0
246,0,246,0
246,0,246,0
246,0,246,0
246,0,246,0
246,0,246,0
246,0,246,0
246,0,246,0
246,0,246,0
246,0,246,0
246,0,246,0
246,0,246,0
246,0,246,0
246,0,246,0
246,0,246,0
246,0,246,0
246,0,246,0
246,0,246,0
247,0,247,0
247,0,247,0
247,0,247,0
247,0,247,0
247,0,247,0
247,0,247,0
247,0,247,0
247,0,247,0
247,0,247,0
247,0,247,0
247,0,247,0
247,0,247,0
247,0,247,0
247,0,247,0
247,0,247,0
247,0,247,0
247,0,247,0
247,0,247,0
247,0,247,0
247,0,247,0
247,0,247,0
247,0,247,0
247,0,247,0
247,0,247,0
247,0,247,0
247,0,247,0
247,0,247,0
247,0,247,0
247,0,247,0
247,0,247,0
247,0,247,0
247,0,247,0
248,0,248,0
248,0,248,0
248,0,248,0
248,0,248,0
248,0,248,0
248,0,248,0
248,0,248,0
248,0,248,0
248,0,248,0
248,0,248,0
248,0,248,0
248,0,248,0
248,0,248,0
248,0,248,0
248,0,248,0
248,0,248,0
248,0,248,0
248,0,248,0
248,0,248,0
248,0,248,0
248,0,248,0
248,0,248,0
248,0,248,0
248,0,248,0
248,0,248,0
248,0,248,0
248,0,248,0
248,0,248,0
248,0,248,0
248,0,248,0
248,0,248,0
248,0,248,0
249,0,249,0
249,0,249,0
249,0,249,0
249,0,249,0
249,0,249,0
249,0,249,0
249,0,249,0
249,0,249,0
249,0,249,0
249,0,249,0
249,0,249,0
249,0,249,0
249,0,249,0
249,0,249,0
249,0,249,0
249,0,249,0
249,0,249,0
249,0,249,0
249,0,249,0
249,0,249,0
249,0,249,0
249,0,249,0
249,0,249,0
249,0,249,0
249,0,249,0
249,0,249,0
249,0,249,0
249,0,249,0
249,0,249,0
249,0,249,0
249,0,249,0
249,0,249,0
250,0,250,0
250,0,250,0
250,0,250,0
250,0,250,0
250,0,250,0
250,0,250,0
250,0,250,0
250,0,250,0
250,0,250,0
250,0,250,0
250,0,250,0
250,0,250,0
250,0,250,0
250,0,250,0
250,0,250,0
250,0,250,0
250,0,250,0
250,0,250,0
250,0,250,0
250,0,250,0
250,0,250,0
250,0,250,0
250,0,250,0
250,0,250,0
250,0,250,0
250,0,250,0
250,0,250,0
250,0,250,0
250,0,250,0
250,0,250,0
250,0,250,0
250,0,250,0
251,0,251,0
251,0,251,0
251,0,251,0
251,0,251,0
251,0,251,0
251,0,251,0
251,0,251,0
251,0,251,0
251,0,251,0
251,0,251,0
251,0,251,0
251,0,251,0
251,0,251,0
251,0,251,0
251,0,251,0
251,0,251,0
251,0,251,0
251,0,251,0
251,0,251,0
251,0,251,0
251,0,251,0
251,0,251,0
251,0,251,0
251,0,251,0
251,0,251,0
251,0,251,0
251,0,251,0
251,0,251,0
251,0,251,0
251,0,251,0
251,0,251,0
251,0,252,0
252,0,252,0
252,0,252,0
252,0,252,0
252,0,252,0
252,0,252,0
252,0,252,0
252,0,252,0
252,0,252,0
252,0,252,0
252,0,252,0
252,0,252,0
252,0,252,0
252,0,252,0
252,0,252,0
252,0,252,0
252,0,252,0
252,0,252,0
252,0,252,0
252,0,252,0
252,0,252,0
252,0,252,0
252,0,252,0
252,0,252,0
252,0,252,0
252,0,252,0
252,0,252,0
252,0,252,0
252,0,252,0
252,0,252,0
252,0,252,0
252,0,252,0
252,0,253,0
253,0,253,0
253,0,253,0
253,0,253,0
253,0,253,0
253,0,253,0
253,0,253,0
253,0,253,0
253,0,253,0
253,0,253,0
253,0,253,0
253,0,253,0
253,0,253,0
253,0,253,0
253,0,253,0
253,0,253,0
253,0,253,0
253,0,253,0
253,0,253,0
253,0,253,0
253,0,253,0
253,0,253,0
253,0,253,0
253,0,253,0
253,0,253,0
253,0,253,0
253,0,253,0
253,0,253,0
253,0,253,0
253,0,253,0
253,0,253,0
253,0,253,0
254,0,254,0
254,0,254,0
254,0,254,0
254,0,254,0
254,0,254,0
254,0,254,0
254,0,254,0
254,0,254,0
254,0,254,0
254,0,254,0
254,0,254,0
254,0,254,0
254,0,254,0
254,0,254,0
254,0,254,0
254,0,254,0
254,0,254,0
254,0,254,0
254,0,254,0
254,0,254,0
254,0,254,0
254,0,254,0
254,0,254,0
254,0,254,0
254,0,254,0
254,0,254,0
254,0,254,0
254,0,254,0
254,0,254,0
254,0,254,0
254,0,254,0
254,0,254,0
255,0,255,0
255,0,255,0
255,0,255,0
255,0,255,0
255,0,255,0
255,0,255,0
255,0,255,0
255,0,255,0
255,0,255,0
255,0,255,0
255,0,255,0
255,0,255,0
255,0,255,0
255,0,255,0
255,0,255,0
255,0,255,0
255,0,255,0
255,0,255,0
255,0,255,0
255,0,255,0
255,0,255,0
255,0,255,0
255,0,255,0
255,0,255,0
255,0,255,0
255,0,255,0
255,0,255,0
255,0,255,0
255,0,255,0
255,0,255,0
255,0,255,0
255,0,256,0
256,0,256,0
256,0,256,0
256,0,256,0
256,0,256,0
256,0,256,0
256,0,256,0
256,0,256,0
256,0,256,0
256,0,256,0
256,0,256,0
256,0,256,0
256,0,256,0
256,0,256,0
256,0,256,0
256,0,256,0
256,0,256,0
256,0,256,0
256,0,256,0
256,0,256,0
256,0,256,0
256,0,256,0
256,0,256,0
256,0,256,0
256,0,256,0
256,0,256,0
256,0,256,0
256,0,256,0
256,0,256,0
256,0,256,0
256,0,256,0
256,0,256,0
257,0,257,0
257,0,257,0
257,0,257,0
257,0,257,0
257,0,257,0
257,0,257,0
257,0,257,0
257,0,257,0
257,0,257,0
257,0,257,0
257,0,257,0
257,0,257,0
257,0,257,0
257,0,257,0
257,0,257,0
257,0,257,0
257,0,257,0
257,0,257,0
257,0,257,0
257,0,257,0
257,0,257,0
257,0,257,0
257,0,257,0
257,0,257,0
257,0,257,0
257,0,257,0
257,0,257,0
257,0,257,0
257,0,257,0
257,0,257,0
257,0,257,0
257,0,258,0
258,0,258,0
258,0,258,0
258,0,258,0
258,0,258,0
258,0,258,0
258,0,258,0
258,0,258,0
258,0,258,0
258,0,258,0
258,0,258,0
258,0,258,0
258,0,258,0
258,0,258,0
258,0,258,0
258,0,258,0
258,0,258,0
258,0,258,0
258,0,258,0
258,0,258,0
258,0,258,0
258,0,258,0
258,0,258,0
258,0,258,0
258,0,258,0
258,0,258,0
258,0,258,0
258,0,258,0
258,0,258,0
258,0,258,0
258,0,258,0
258,0,258,0
259,0,259,0
259,0,259,0
259,0,259,0
259,0,259,0
259,0,259,0
259,0,259,0
259,0,259,0
259,0,259,0
259,0,259,0
259,0,259,0
259,0,259,0
259,0,259,0
259,0,259,0
259,0,259,0
259,0,259,0
259,0,259,0
259,0,259,0
259,0,259,0
259,0,259,0
259,0,259,0
259,0,259,0
259,0,259,0
259,0,259,0
259,0,259,0
259,0,259,0
259,0,259,0
259,0,259,0
259,0,259,0
259,0,259,0
259,0,259,0
259,0,259,0
260,0,260,0
260,0,260,0
260,0,260,0
260,0,260,0
260,0,260,0
260,0,260,0
260,0,260,0
260,0,260,0
260,0,260,0
260,0,260,0
260,0,260,0
260,0,260,0
260,0,260,0
260,0,260,0
260,0,260,0
260,0,260,0
260,0,260,0
260,0,260,0
260,0,260,0
260,0,260,0
260,0,260,0
260,0,260,0
260,0,260,0
260,0,260,0
260,0,260,0
260,0,260,0
260,0,260,0
260,0,260,0
260,0,260,0
260,0,260,0
260,0,260,0
260,0,261,0
261,0,261,0
261,0,261,0
261,0,261,0
261,0,261,0
261,0,261,0
261,0,261,0
261,0,261,0
261,0,261,0
261,0,261,0
261,0,261,0
261,0,261,0
261,0,261,0
261,0,261,0
261,0,261,0
261,0,261,0
261,0,261,0
261,0,261,0
261,0,261,0
261,0,261,0
261,0,261,0
261,0,261,0
261,0,261,0
261,0,261,0
261,0,261,0
261,0,261,0
261,0,261,0
261,0,261,0
261,0,261,0
261,0,261,0
261,0,261,0
261,0,262,0
262,0,262,0
262,0,262,0
262,0,262,0
262,0,262,0
262,0,262,0
262,0,262,0
262,0,262,0
262,0,262,0
262,0,262,0
262,0,262,0
262,0,262,0
262,0,262,0
262,0,262,0
262,0,262,0
262,0,262,0
262,0,262,0
262,0,262,0
262,0,262,0
262,0,262,0
262,0,262,0
262,0,262,0
262,0,262,0
262,0,262,0
262,0,262,0
262,0,262,0
262,0,262,0
262,0,262,0
262,0,262,0
262,0,262,0
262,0,262,0
262,0,262,0
263,0,263,0
263,0,263,0
263,0,263,0
263,0,263,0
263,0,263,0
263,0,263,0
263,0,263,0
263,0,263,0
263,0,263,0
263,0,263,0
263,0,263,0
263,0,263,0
263,0,263,0
263,0,263,0
263,0,263,0
263,0,263,0
263,0,263,0
263,0,263,0
263,0,263,0
263,0,263,0
263,0,263,0
263,0,263,0
263,0,263,0
263,0,263,0
263,0,263,0
263,0,263,0
263,0,263,0
263,0,263,0
263,0,263,0
263,0,263,0
263,0,263,0
264,0,264,0
264,0,264,0
264,0,264,0
264,0,264,0
264,0,264,0
264,0,264,0
264,0,264,0
264,0,264,0
264,0,264,0
264,0,264,0
264,0,264,0
264,0,264,0
264,0,264,0
264,0,264,0
264,0,264,0
264,0,264,0
264,0,264,0
264,0,264,0
264,0,264,0
264,0,264,0
264,0,264,0
264,0,264,0
264,0,264,0
264,0,264,0
264,0,264,0
264,0,264,0
264,0,264,0
264,0,264,0
264,0,264,0
264,0,264,0
264,0,264,0
265,0,265,0
265,0,265,0
265,0,265,0
265,0,265,0
265,0,265,0
265,0,265,0
265,0,265,0
265,0,265,0
265,0,265,0
265,0,265,0
265,0,265,0
265,0,265,0
265,0,265,0
265,0,265,0
265,0,265,0
265,0,265,0
265,0,265,0
265,0,265,0
265,0,265,0
265,0,265,0
265,0,265,0
265,0,265,0
265,0,265,0
265,0,265,0
265,0,265,0
265,0,265,0
265,0,265,0
265,0,265,0
265,0,265,0
265,0,265,0
265,0,265,0
266,0,266,0
266,0,266,0
266,0,266,0
266,0,266,0
266,0,266,0
266,0,266,0
266,0,266,0
266,0,266,0
266,0,266,0
266,0,266,0
266,0,266,0
266,0,266,0
266,0,266,0
266,0,266,0
266,0,266,0
266,0,266,0
266,0,266,0
266,0,266,0
266,0,266,0
266,0,266,0
266,0,266,0
266,0,266,0
266,0,266,0
266,0,266,0
266,0,266,0
266,0,266,0
266,0,266,0
266,0,266,0
266,0,266,0
266,0,266,0
266,0,266,0
267,0,267,0
267,0,267,0
267,0,267,0
267,0,267,0
267,0,267,0
267,0,267,0
267,0,267,0
267,0,267,0
267,0,267,0
267,0,267,0
267,0,267,0
267,0,267,0
267,0,267,0
267,0,267,0
267,0,267,0
267,0,267,0
267,0,267,0
267,0,267,0
267,0,267,0
267,0,267,0
267,0,267,0
267,0,267,0
267,0,267,0
267,0,267,0
267,0,267,0
267,0,267,0
267,0,267,0
267,0,267,0
267,0,267,0
267,0,267,0
267,0,267,0
268,0,268,0
268,0,268,0
268,0,268,0
268,0,268,0
268,0,268,0
268,0,268,0
268,0,268,0
268,0,268,0
268,0,268,0
268,0,268,0
268,0,268,0
268,0,268,0
268,0,268,0
268,0,268,0
268,0,268,0
268,0,268,0
268,0,268,0
268,0,268,0
268,0,268,0
268,0,268,0
268,0,268,0
268,0,268,0
268,0,268,0
268,0,268,0
268,0,268,0
268,0,268,0
268,0,268,0
268,0,268,0
268,0,268,0
268,0,268,0
268,0,269,0
269,0,269,0
269,0,269,0
269,0,269,0
269,0,269,0
269,0,269,0
269,0,269,0
269,0,269,0
269,0,269,0
269,0,269,0
269,0,269,0
269,0,269,0
269,0,269,0
269,0,269,0
269,0,269,0
269,0,269,0
269,0,269,0
269,0,269,0
269,0,269,0
269,0,269,0
269,0,269,0
269,0,269,0
269,0,269,0
269,0,269,0
269,0,269,0
269,0,269,0
269,0,269,0
269,0,269,0
269,0,269,0
269,0,269,0
269,0,269,0
269,0,270,0
270,0,270,0
270,0,270,0
270,0,270,0
270,0,270,0
270,0,270,0
270,0,270,0
270,0,270,0
270,0,270,0
270,0,270,0
270,0,270,0
270,0,270,0
270,0,270,0
270,0,270,0
270,0,270,0
270,0,270,0
270,0,270,0
270,0,270,0
270,0,270,0
270,0,270,0
270,0,270,0
270,0,270,0
270,0,270,0
270,0,270,0
270,0,270,0
270,0,270,0
270,0,270,0
270,0,270,0
270,0,270,0
270,0,270,0
270,0,270,0
271,0,271,0
271,0,271,0
271,0,271,0
271,0,271,0
271,0,271,0
271,0,271,0
271,0,271,0
271,0,271,0
271,0,271,0
271,0,271,0
271,0,271,0
271,0,271,0
271,0,271,0
271,0,271,0
271,0,271,0
271,0,271,0
271,0,271,0
271,0,271,0
271,0,271,0
271,0,271,0
271,0,271,0
271,0,271,0
271,0,271,0
271,0,271,0
271,0,271,0
271,0,271,0
271,0,271,0
271,0,271,0
271,0,271,0
271,0,271,0
271,0,272,0
272,0,272,0
272,0,272,0
272,0,272,0
272,0,272,0
272,0,272,0
272,0,272,0
272,0,272,0
272,0,272,0
272,0,272,0
272,0,272,0
272,0,272,0
272,0,272,0
272,0,272,0
272,0,272,0
272,0,272,0
272,0,272,0
272,0,272,0
272,0,272,0
272,0,272,0
272,0,272,0
272,0,272,0
272,0,272,0
272,0,272,0
272,0,272,0
272,0,272,0
272,0,272,0
272,0,272,0
272,0,272,0
272,0,272,0
272,0,272,0
272,0,273,0
273,0,273,0
273,0,273,0
273,0,273,0
273,0,273,0
273,0,273,0
273,0,273,0
273,0,273,0
273,0,273,0
273,0,273,0
273,0,273,0
273,0,273,0
273,0,273,0
273,0,273,0
273,0,273,0
273,0,273,0
273,0,273,0
273,0,273,0
273,0,273,0
273,0,273,0
273,0,273,0
273,0,273,0
273,0,273,0
273,0,273,0
273,0,273,0
273,0,273,0
273,0,273,0
273,0,273,0
273,0,273,0
273,0,273,0
273,0,273,0
274,0,274,0
274,0,274,0
274,0,274,0
274,0,274,0
274,0,274,0
274,0,274,0
274,0,274,0
274,0,274,0
274,0,274,0
274,0,274,0
274,0,274,0
274,0,274,0
274,0,274,0
274,0,274,0
274,0,274,0
274,0,274,0
274,0,274,0
274,0,274,0
274,0,274,0
274,0,274,0
274,0,274,0
274,0,274,0
274,0,274,0
274,0,274,0
274,0,274,0
274,0,274,0
274,0,274,0
274,0,274,0
274,0,274,0
274,0,274,0
274,0,275,0
275,0,275,0
275,0,275,0
275,0,275,0
275,0,275,0
275,0,275,0
275,0,275,0
275,0,275,0
275,0,275,0
275,0,275,0
275,0,275,0
275,0,275,0
275,0,275,0
275,0,275,0
275,0,275,0
275,0,275,0
275,0,275,0
275,0,275,0
275,0,275,0
275,0,275,0
275,0,275,0
275,0,275,0
275,0,275,0
275,0,275,0
275,0,275,0
275,0,275,0
275,0,275,0
275,0,275,0
275,0,275,0
275,0,275,0
275,0,276,0
276,0,276,0
276,0,276,0
276,0,276,0
276,0,276,0
276,0,276,0
276,0,276,0
276,0,276,0
276,0,276,0
276,0,276,0
276,0,276,0
276,0,276,0
276,0,276,0
276,0,276,0
276,0,276,0
276,0,276,0
276,0,276,0
276,0,276,0
276,0,276,0
276,0,276,0
276,0,276,0
276,0,276,0
276,0,276,0
276,0,276,0
276,0,276,0
276,0,276,0
276,0,276,0
276,0,276,0
276,0,276,0
276,0,276,0
276,0,276,0
277,0,277,0
277,0,277,0
277,0,277,0
277,0,277,0
277,0,277,0
277,0,277,0
277,0,277,0
277,0,277,0
277,0,277,0
277,0,277,0
277,0,277,0
277,0,277,0
277,0,277,0
277,0,277,0
277,0,277,0
277,0,277,0
277,0,277,0
277,0,277,0
277,0,277,0
277,0,277,0
277,0,277,0
277,0,277,0
277,0,277,0
277,0,277,0
277,0,277,0
277,0,277,0
277,0,277,0
277,0,277,0
277,0,277,0
277,0,277,0
277,0,278,0
278,0,278,0
278,0,278,0
278,0,278,0
278,0,278,0
278,0,278,0
278,0,278,0
278,0,278,0
278,0,278,0
278,0,278,0
278,0,278,0
278,0,278,0
278,0,278,0
278,0,278,0
278,0,278,0
278,0,278,0
278,0,278,0
278,0,278,0
278,0,278,0
278,0,278,0
278,0,278,0
278,0,278,0
278,0,278,0
278,0,278,0
278,0,278,0
278,0,278,0
278,0,278,0
278,0,278,0
278,0,278,0
278,0,278,0
278,0,279,0
279,0,279,0
279,0,279,0
279,0,279,0
279,0,279,0
279,0,279,0
279,0,279,0
279,0,279,0
279,0,279,0
279,0,279,0
279,0,279,0
279,0,279,0
279,0,279,0
279,0,279,0
279,0,279,0
279,0,279,0
279,0,279,0
279,0,279,0
279,0,279,0
279,0,279,0
279,0,279,0
279,0,279,0
279,0,279,0
279,0,279,0
279,0,279,0
279,0,279,0
279,0,279,0
279,0,279,0
279,0,279,0
279,0,279,0
279,0,279,0
280,0,280,0
280,0,280,0
280,0,280,0
280,0,280,0
280,0,280,0
280,0,280,0
280,0,280,0
280,0,280,0
280,0,280,0
280,0,280,0
280,0,280,0
280,0,280,0
280,0,280,0
280,0,280,0
280,0,280,0
280,0,280,0
280,0,280,0
280,0,280,0
280,0,280,0
280,0,280,0
280,0,280,0
280,0,280,0
280,0,280,0
280,0,280,0
280,0,280,0
280,0,280,0
280,0,280,0
280,0,280,0
280,0,280,0
280,0,280,0
281,0,281,0
281,0,281,0
281,0,281,0
281,0,281,0
281,0,281,0
281,0,281,0
281,0,281,0
281,0,281,0
281,0,281,0
281,0,281,0
281,0,281,0
281,0,281,0
281,0,281,0
281,0,281,0
281,0,281,0
281,0,281,0
281,0,281,0
281,0,281,0
281,0,281,0
281,0,281,0
281,0,281,0
281,0,281,0
281,0,281,0
281,0,281,0
281,0,281,0
281,0,281,0
281,0,281,0
281,0,281,0
281,0,281,0
281,0,281,0
282,0,282,0
282,0,282,0
282,0,282,0
282,0,282,0
282,0,282,0
282,0,282,0
282,0,282,0
282,0,282,0
282,0,282,0
282,0,282,0
282,0,282,0
282,0,282,0
282,0,282,0
282,0,282,0
282,0,282,0
282,0,282,0
282,0,282,0
282,0,282,0
282,0,282,0
282,0,282,0
282,0,282,0
282,0,282,0
282,0,282,0
282,0,282,0
282,0,282,0
282,0,282,0
282,0,282,0
282,0,282,0
282,0,282,0
282,0,282,0
283,0,283,0
283,0,283,0
283,0,283,0
283,0,283,0
283,0,283,0
283,0,283,0
283,0,283,0
283,0,283,0
283,0,283,0
283,0,283,0
283,0,283,0
283,0,283,0
283,0,283,0
283,0,283,0
283,0,283,0
283,0,283,0
283,0,283,0
283,0,283,0
283,0,283,0
283,0,283,0
283,0,283,0
283,0,283,0
283,0,283,0
283,0,283,0
283,0,283,0
283,0,283,0
283,0,283,0
283,0,283,0
283,0,283,0
283,0,283,0
284,0,284,0
284,0,284,0
284,0,284,0
284,0,284,0
284,0,284,0
284,0,284,0
284,0,284,0
284,0,284,0
284,0,284,0
284,0,284,0
284,0,284,0
284,0,284,0
284,0,284,0
284,0,284,0
284,0,284,0
284,0,284,0
284,0,284,0
284,0,284,0
284,0,284,0
284,0,284,0
284,0,284,0
284,0,284,0
284,0,284,0
284,0,284,0
284,0,284,0
284,0,284,0
284,0,284,0
284,0,284,0
284,0,284,0
284,0,284,0
285,0,285,0
285,0,285,0
285,0,285,0
285,0,285,0
285,0,285,0
285,0,285,0
285,0,285,0
285,0,285,0
285,0,285,0
285,0,285,0
285,0,285,0
285,0,285,0
285,0,285,0
285,0,285,0
285,0,285,0
285,0,285,0
285,0,285,0
285,0,285,0
285,0,285,0
285,0,285,0
285,0,285,0
285,0,285,0
285,0,285,0
285,0,285,0
285,0,285,0
285,0,285,0
285,0,285,0
285,0,285,0
285,0,285,0
285,0,285,0
286,0,286,0
286,0,286,0
286,0,286,0
286,0,286,0
286,0,286,0
286,0,286,0
286,0,286,0
286,0,286,0
286,0,286,0
286,0,286,0
286,0,286,0
286,0,286,0
286,0,286,0
286,0,286,0
286,0,286,0
286,0,286,0
286,0,286,0
286,0,286,0
286,0,286,0
286,0,286,0
286,0,286,0
286,0,286,0
286,0,286,0
286,0,286,0
286,0,286,0
286,0,286,0
286,0,286,0
286,0,286,0
286,0,286,0
286,0,286,0
287,0,287,0
287,0,287,0
287,0,287,0
287,0,287,0
287,0,287,0
287,0,287,0
287,0,287,0
287,0,287,0
287,0,287,0
287,0,287,0
287,0,287,0
287,0,287,0
287,0,287,0
287,0,287,0
287,0,287,0
287,0,287,0
287,0,287,0
287,0,287,0
287,0,287,0
287,0,287,0
287,0,287,0
287,0,287,0
287,0,287,0
287,0,287,0
287,0,287,0
287,0,287,0
287,0,287,0
287,0,287,0
287,0,287,0
287,0,288,0
288,0,288,0
288,0,288,0
288,0,288,0
288,0,288,0
288,0,288,0
288,0,288,0
288,0,288,0
288,0,288,0
288,0,288,0
288,0,288,0
288,0,288,0
288,0,288,0
288,0,288,0
288,0,288,0
288,0,288,0
288,0,288,0
288,0,288,0
288,0,288,0
288,0,288,0
288,0,288,0
288,0,288,0
288,0,288,0
288,0,288,0
288,0,288,0
288,0,288,0
288,0,288,0
288,0,288,0
288,0,288,0
288,0,288,0
288,0,289,0
289,0,289,0
289,0,289,0
289,0,289,0
289,0,289,0
289,0,289,0
289,0,289,0
289,0,289,0
289,0,289,0
289,0,289,0
289,0,289,0
289,0,289,0
289,0,289,0
289,0,289,0
289,0,289,0
289,0,289,0
289,0,289,0
289,0,289,0
289,0,289,0
289,0,289,0
289,0,289,0
289,0,289,0
289,0,289,0
289,0,289,0
289,0,289,0
289,0,289,0
289,0,289,0
289,0,289,0
289,0,289,0
289,0,289,0
290,0,290,0
290,0,290,0
290,0,290,0
290,0,290,0
290,0,290,0
290,0,290,0
290,0,290,0
290,0,290,0
290,0,290,0
290,0,290,0
290,0,290,0
290,0,290,0
290,0,290,0
290,0,290,0
290,0,290,0
290,0,290,0
290,0,290,0
290,0,290,0
290,0,290,0
290,0,290,0
290,0,290,0
290,0,290,0
290,0,290,0
290,0,290,0
290,0,290,0
290,0,290,0
290,0,290,0
290,0,290,0
290,0,290,0
290,0,291,0
291,0,291,0
291,0,291,0
291,0,291,0
291,0,291,0
291,0,291,0
291,0,291,0
291,0,291,0
291,0,291,0
291,0,291,0
291,0,291,0
291,0,291,0
291,0,291,0
291,0,291,0
291,0,291,0
291,0,291,0
291,0,291,0
291,0,291,0
291,0,291,0
291,0,291,0
291,0,291,0
291,0,291,0
291,0,291,0
291,0,291,0
291,0,291,0
291,0,291,0
291,0,291,0
291,0,291,0
291,0,291,0
291,0,291,0
292,0,292,0
292,0,292,0
292,0,292,0
292,0,292,0
292,0,292,0
292,0,292,0
292,0,292,0
292,0,292,0
292,0,292,0
292,0,292,0
292,0,292,0
292,0,292,0
292,0,292,0
292,0,292,0
292,0,292,0
292,0,292,0
292,0,292,0
292,0,292,0
292,0,292,0
292,0,292,0
292,0,292,0
292,0,292,0
292,0,292,0
292,0,292,0
292,0,292,0
292,0,292,0
292,0,292,0
292,0,292,0
292,0,292,0
292,0,293,0
293,0,293,0
293,0,293,0
293,0,293,0
293,0,293,0
293,0,293,0
293,0,293,0
293,0,293,0
293,0,293,0
293,0,293,0
293,0,293,0
293,0,293,0
293,0,293,0
293,0,293,0
293,0,293,0
293,0,293,0
293,0,293,0
293,0,293,0
293,0,293,0
293,0,293,0
293,0,293,0
293,0,293,0
293,0,293,0
293,0,293,0
293,0,293,0
293,0,293,0
293,0,293,0
293,0,293,0
293,0,293,0
293,0,293,0
294,0,294,0
294,0,294,0
294,0,294,0
294,0,294,0
294,0,294,0
294,0,294,0
294,0,294,0
294,0,294,0
294,0,294,0
294,0,294,0
294,0,294,0
294,0,294,0
294,0,294,0
294,0,294,0
294,0,294,0
294,0,294,0
294,0,294,0
294,0,294,0
294,0,294,0
294,0,294,0
294,0,294,0
294,0,294,0
294,0,294,0
294,0,294,0
294,0,294,0
294,0,294,0
294,0,294,0
294,0,294,0
294,0,294,0
294,0,295,0
295,0,295,0
295,0,295,0
295,0,295,0
295,0,295,0
295,0,295,0
295,0,295,0
295,0,295,0
295,0,295,0
295,0,295,0
295,0,295,0
295,0,295,0
295,0,295,0
295,0,295,0
295,0,295,0
295,0,295,0
295,0,295,0
295,0,295,0
295,0,295,0
295,0,295,0
295,0,295,0
295,0,295,0
295,0,295,0
295,0,295,0
295,0,295,0
295,0,295,0
295,0,295,0
295,0,295,0
295,0,295,0
295,0,295,0
296,0,296,0
296,0,296,0
296,0,296,0
296,0,296,0
296,0,296,0
296,0,296,0
296,0,296,0
296,0,296,0
296,0,296,0
296,0,296,0
296,0,296,0
296,0,296,0
296,0,296,0
296,0,296,0
296,0,296,0
296,0,296,0
296,0,296,0
296,0,296,0
296,0,296,0
296,0,296,0
296,0,296,0
296,0,296,0
296,0,296,0
296,0,296,0
296,0,296,0
296,0,296,0
296,0,296,0
296,0,296,0
296,0,296,0
296,0,297,0
297,0,297,0
297,0,297,0
297,0,297,0
297,0,297,0
297,0,297,0
297,0,297,0
297,0,297,0
297,0,297,0
297,0,297,0
297,0,297,0
297,0,297,0
297,0,297,0
297,0,297,0
297,0,297,0
297,0,297,0
297,0,297,0
297,0,297,0
297,0,297,0
297,0,297,0
297,0,297,0
297,0,297,0
297,0,297,0
297,0,297,0
297,0,297,0
297,0,297,0
297,0,297,0
297,0,297,0
297,0,297,0
297,0,298,0
298,0,298,0
298,0,298,0
298,0,298,0
298,0,298,0
298,0,298,0
298,0,298,0
298,0,298,0
298,0,298,0
298,0,298,0
298,0,298,0
298,0,298,0
298,0,298,0
298,0,298,0
298,0,298,0
298,0,298,0
298,0,298,0
298,0,298,0
298,0,298,0
298,0,298,0
298,0,298,0
298,0,298,0
298,0,298,0
298,0,298,0
298,0,298,0
298,0,298,0
298,0,298,0
298,0,298,0
298,0,298,0
298,0,298,0
299,0,299,0
299,0,299,0
299,0,299,0
299,0,299,0
299,0,299,0
299,0,299,0
299,0,299,0
299,0,299,0
299,0,299,0
299,0,299,0
299,0,299,0
299,0,299,0
299,0,299,0
299,0,299,0
299,0,299,0
299,0,299,0
299,0,299,0
299,0,299,0
299,0,299,0
299,0,299,0
299,0,299,0
299,0,299,0
299,0,299,0
299,0,299,0
299,0,299,0
299,0,299,0
299,0,299,0
299,0,299,0
299,0,299,0
300,0,300,0
300,0,300,0
300,0,300,0
300,0,300,0
300,0,300,0
300,0,300,0
300,0,300,0
300,0,300,0
300,0,300,0
300,0,300,0
300,0,300,0
300,0,300,0
300,0,300,0
300,0,300,0
300,0,300,0
300,0,300,0
300,0,300,0
300,0,300,0
300,0,300,0
300,0,300,0
300,0,300,0
300,0,300,0
300,0,300,0
300,0,300,0
300,0,300,0
300,0,300,0
300,0,300,0
300,0,300,0
300,0,300,0
301,0,301,0
301,0,301,0
301,0,301,0
301,0,301,0
301,0,301,0
301,0,301,0
301,0,301,0
301,0,301,0
301,0,301,0
301,0,301,0
301,0,301,0
301,0,301,0
301,0,301,0
301,0,301,0
301,0,301,0
301,0,301,0
301,0,301,0
301,0,301,0
301,0,301,0
301,0,301,0
301,0,301,0
301,0,301,0
301,0,301,0
301,0,301,0
301,0,301,0
301,0,301,0
301,0,301,0
301,0,301,0
301,0,301,0
302,0,302,0
302,0,302,0
302,0,302,0
302,0,302,0
302,0,302,0
302,0,302,0
302,0,302,0
302,0,302,0
302,0,302,0
302,0,302,0
302,0,302,0
302,0,302,0
302,0,302,0
302,0,302,0
302,0,302,0
302,0,302,0
302,0,302,0
302,0,302,0
302,0,302,0
302,0,302,0
302,0,302,0
302,0,302,0
302,0,302,0
302,0,302,0
302,0,302,0
302,0,302,0
302,0,302,0
302,0,302,0
302,0,302,0
303,0,303,0
303,0,303,0
303,0,303,0
303,0,303,0
303,0,303,0
303,0,303,0
303,0,303,0
303,0,303,0
303,0,303,0
303,0,303,0
303,0,303,0
303,0,303,0
303,0,303,0
303,0,303,0
303,0,303,0
303,0,303,0
303,0,303,0
303,0,303,0
303,0,303,0
303,0,303,0
303,0,303,0
303,0,303,0
303,0,303,0
303,0,303,0
303,0,303,0
303,0,303,0
303,0,303,0
303,0,303,0
303,0,303,0
304,0,304,0
304,0,304,0
304,0,304,0
304,0,304,0
304,0,304,0
304,0,304,0
304,0,304,0
304,0,304,0
304,0,304,0
304,0,304,0
304,0,304,0
304,0,304,0
304,0,304,0
304,0,304,0
304,0,304,0
304,0,304,0
304,0,304,0
304,0,304,0
304,0,304,0
304,0,304,0
304,0,304,0
304,0,304,0
304,0,304,0
304,0,304,0
304,0,304,0
304,0,304,0
304,0,304,0
304,0,304,0
304,0,304,0
305,0,305,0
305,0,305,0
305,0,305,0
305,0,305,0
305,0,305,0
305,0,305,0
305,0,305,0
305,0,305,0
305,0,305,0
305,0,305,0
305,0,305,0
305,0,305,0
305,0,305,0
305,0,305,0
305,0,305,0
305,0,305,0
305,0,305,0
305,0,305,0
305,0,305,0
305,0,305,0
305,0,305,0
305,0,305,0
305,0,305,0
305,0,305,0
305,0,305,0
305,0,305,0
305,0,305,0
305,0,305,0
305,0,305,0
306,0,306,0
306,0,306,0
306,0,306,0
306,0,306,0
306,0,306,0
306,0,306,0
306,0,306,0
306,0,306,0
306,0,306,0
306,0,306,0
306,0,306,0
306,0,306,0
306,0,306,0
306,0,306,0
306,0,306,0
306,0,306,0
306,0,306,0
306,0,306,0
306,0,306,0
306,0,306,0
306,0,306,0
306,0,306,0
306,0,306,0
306,0,306,0
306,0,306,0
306,0,306,0
306,0,306,0
306,0,306,0
306,0,306,0
307,0,307,0
307,0,307,0
307,0,307,0
307,0,307,0
307,0,307,0
307,0,307,0
307,0,307,0
307,0,307,0
307,0,307,0
307,0,307,0
307,0,307,0
307,0,307,0
307,0,307,0
307,0,307,0
307,0,307,0
307,0,307,0
307,0,307,0
307,0,307,0
307,0,307,0
307,0,307,0
307,0,307,0
307,0,307,0
307,0,307,0
307,0,307,0
307,0,307,0
307,0,307,0
307,0,307,0
307,0,307,0
307,0,308,0
308,0,308,0
308,0,308,0
308,0,308,0
308,0,308,0
308,0,308,0
308,0,308,0
308,0,308,0
308,0,308,0
308,0,308,0
308,0,308,0
308,0,308,0
308,0,308,0
308,0,308,0
308,0,308,0
308,0,308,0
308,0,308,0
308,0,308,0
308,0,308,0
308,0,308,0
308,0,308,0
308,0,308,0
308,0,308,0
308,0,308,0
308,0,308,0
308,0,308,0
308,0,308,0
308,0,308,0
308,0,308,0
308,0,309,0
309,0,309,0
309,0,309,0
309,0,309,0
309,0,309,0
309,0,309,0
309,0,309,0
309,0,309,0
309,0,309,0
309,0,309,0
309,0,309,0
309,0,309,0
309,0,309,0
309,0,309,0
309,0,309,0
309,0,309,0
309,0,309,0
309,0,309,0
309,0,309,0
309,0,309,0
309,0,309,0
309,0,309,0
309,0,309,0
309,0,309,0
309,0,309,0
309,0,309,0
309,0,309,0
309,0,309,0
309,0,309,0
310,0,310,0
310,0,310,0
310,0,310,0
310,0,310,0
310,0,310,0
310,0,310,0
310,0,310,0
310,0,310,0
310,0,310,0
310,0,310,0
310,0,310,0
310,0,310,0
310,0,310,0
310,0,310,0
310,0,310,0
310,0,310,0
310,0,310,0
310,0,310,0
310,0,310,0
310,0,310,0
310,0,310,0
310,0,310,0
310,0,310,0
310,0,310,0
310,0,310,0
310,0,310,0
310,0,310,0
310,0,310,0
310,0,311,0
311,0,311,0
311,0,311,0
311,0,311,0
311,0,311,0
311,0,311,0
311,0,311,0
311,0,311,0
311,0,311,0
311,0,311,0
311,0,311,0
311,0,311,0
311,0,311,0
311,0,311,0
311,0,311,0
311,0,311,0
311,0,311,0
311,0,311,0
311,0,311,0
311,0,311,0
311,0,311,0
311,0,311,0
311,0,311,0
311,0,311,0
311,0,311,0
311,0,311,0
311,0,311,0
311,0,311,0
311,0,311,0
311,0,312,0
312,0,312,0
312,0,312,0
312,0,312,0
312,0,312,0
312,0,312,0
312,0,312,0
312,0,312,0
312,0,312,0
312,0,312,0
312,0,312,0
312,0,312,0
312,0,312,0
312,0,312,0
312,0,312,0
312,0,312,0
312,0,312,0
312,0,312,0
312,0,312,0
312,0,312,0
312,0,312,0
312,0,312,0
312,0,312,0
312,0,312,0
312,0,312,0
312,0,312,0
312,0,312,0
312,0,312,0
312,0,312,0
313,0,313,0
313,0,313,0
313,0,313,0
313,0,313,0
313,0,313,0
313,0,313,0
313,0,313,0
313,0,313,0
313,0,313,0
313,0,313,0
313,0,313,0
313,0,313,0
313,0,313,0
313,0,313,0
313,0,313,0
313,0,313,0
313,0,313,0
313,0,313,0
313,0,313,0
313,0,313,0
313,0,313,0
313,0,313,0
313,0,313,0
313,0,313,0
313,0,313,0
313,0,313,0
313,0,313,0
313,0,313,0
313,0,314,0
314,0,314,0
314,0,314,0
314,0,314,0
314,0,314,0
314,0,314,0
314,0,314,0
314,0,314,0
314,0,314,0
314,0,314,0
314,0,314,0
314,0,314,0
314,0,314,0
314,0,314,0
314,0,314,0
314,0,314,0
314,0,314,0
314,0,314,0
314,0,314,0
314,0,314,0
314,0,314,0
314,0,314,0
314,0,314,0
314,0,314,0
314,0,314,0
314,0,314,0
314,0,314,0
314,0,314,0
314,0,314,0
315,0,315,0
315,0,315,0
315,0,315,0
315,0,315,0
315,0,315,0
315,0,315,0
315,0,315,0
315,0,315,0
315,0,315,0
315,0,315,0
315,0,315,0
315,0,315,0
315,0,315,0
315,0,315,0
315,0,315,0
315,0,315,0
315,0,315,0
315,0,315,0
315,0,315,0
315,0,315,0
315,0,315,0
315,0,315,0
315,0,315,0
315,0,315,0
315,0,315,0
315,0,315,0
315,0,315,0
315,0,315,0
315,0,316,0
316,0,316,0
316,0,316,0
316,0,316,0
316,0,316,0
316,0,316,0
316,0,316,0
316,0,316,0
316,0,316,0
316,0,316,0
316,0,316,0
316,0,316,0
316,0,316,0
316,0,316,0
316,0,316,0
316,0,316,0
316,0,316,0
316,0,316,0
316,0,316,0
316,0,316,0
316,0,316,0
316,0,316,0
316,0,316,0
316,0,316,0
316,0,316,0
316,0,316,0
316,0,316,0
316,0,316,0
316,0,317,0
317,0,317,0
317,0,317,0
317,0,317,0
317,0,317,0
317,0,317,0
317,0,317,0
317,0,317,0
317,0,317,0
317,0,317,0
317,0,317,0
317,0,317,0
317,0,317,0
317,0,317,0
317,0,317,0
317,0,317,0
317,0,317,0
317,0,317,0
317,0,317,0
317,0,317,0
317,0,317,0
317,0,317,0
317,0,317,0
317,0,317,0
317,0,317,0
317,0,317,0
317,0,317,0
317,0,317,0
317,0,317,0
318,0,318,0
318,0,318,0
318,0,318,0
318,0,318,0
318,0,318,0
318,0,318,0
318,0,318,0
318,0,318,0
318,0,318,0
318,0,318,0
318,0,318,0
318,0,318,0
318,0,318,0
318,0,318,0
318,0,318,0
318,0,318,0
318,0,318,0
318,0,318,0
318,0,318,0
318,0,318,0
318,0,318,0
318,0,318,0
318,0,318,0
318,0,318,0
318,0,318,0
318,0,318,0
318,0,318,0
318,0,318,0
318,0,319,0
319,0,319,0
319,0,319,0
319,0,319,0
319,0,319,0
319,0,319,0
319,0,319,0
319,0,319,0
319,0,319,0
319,0,319,0
319,0,319,0
319,0,319,0
319,0,319,0
319,0,319,0
319,0,319,0
319,0,319,0
319,0,319,0
319,0,319,0
319,0,319,0
319,0,319,0
319,0,319,0
319,0,319,0
319,0,319,0
319,0,319,0
319,0,319,0
319,0,319,0
319,0,319,0
319,0,319,0
319,0,320,0
320,0,320,0
320,0,320,0
320,0,320,0
320,0,320,0
320,0,320,0
320,0,320,0
320,0,320,0
320,0,320,0
320,0,320,0
320,0,320,0
320,0,320,0
320,0,320,0
320,0,320,0
320,0,320,0
320,0,320,0
320,0,320,0
320,0,320,0
320,0,320,0
320,0,320,0
320,0,320,0
320,0,320,0
320,0,320,0
320,0,320,0
320,0,320,0
320,0,320,0
320,0,320,0
320,0,320,0
320,0,321,0
321,0,321,0
321,0,321,0
321,0,321,0
321,0,321,0
321,0,321,0
321,0,321,0
321,0,321,0
321,0,321,0
321,0,321,0
321,0,321,0
321,0,321,0
321,0,321,0
321,0,321,0
321,0,321,0
321,0,321,0
321,0,321,0
321,0,321,0
321,0,321,0
321,0,321,0
321,0,321,0
321,0,321,0
321,0,321,0
321,0,321,0
321,0,321,0
321,0,321,0
321,0,321,0
321,0,321,0
321,0,321,0
322,0,322,0
322,0,322,0
322,0,322,0
322,0,322,0
322,0,322,0
322,0,322,0
322,0,322,0
322,0,322,0
322,0,322,0
322,0,322,0
322,0,322,0
322,0,322,0
322,0,322,0
322,0,322,0
322,0,322,0
322,0,322,0
322,0,322,0
322,0,322,0
322,0,322,0
322,0,322,0
322,0,322,0
322,0,322,0
322,0,322,0
322,0,322,0
322,0,322,0
322,0,322,0
322,0,322,0
322,0,322,0
323,0,323,0
323,0,323,0
323,0,323,0
323,0,323,0
323,0,323,0
323,0,323,0
323,0,323,0
323,0,323,0
323,0,323,0
323,0,323,0
323,0,323,0
323,0,323,0
323,0,323,0
323,0,323,0
323,0,323,0
323,0,323,0
323,0,323,0
323,0,323,0
323,0,323,0
323,0,323,0
323,0,323,0
323,0,323,0
323,0,323,0
323,0,323,0
323,0,323,0
323,0,323,0
323,0,323,0
323,0,323,0
324,0,324,0
324,0,324,0
324,0,324,0
324,0,324,0
324,0,324,0
324,0,324,0
324,0,324,0
324,0,324,0
324,0,324,0
324,0,324,0
324,0,324,0
324,0,324,0
324,0,324,0
324,0,324,0
324,0,324,0
324,0,324,0
324,0,324,0
324,0,324,0
324,0,324,0
324,0,324,0
324,0,324,0
324,0,324,0
324,0,324,0
324,0,324,0
324,0,324,0
324,0,324,0
324,0,324,0
324,0,324,0
325,0,325,0
325,0,325,0
325,0,325,0
325,0,325,0
325,0,325,0
325,0,325,0
325,0,325,0
325,0,325,0
325,0,325,0
325,0,325,0
325,0,325,0
325,0,325,0
325,0,325,0
325,0,325,0
325,0,325,0
325,0,325,0
325,0,325,0
325,0,325,0
325,0,325,0
325,0,325,0
325,0,325,0
325,0,325,0
325,0,325,0
325,0,325,0
325,0,325,0
325,0,325,0
325,0,325,0
325,0,325,0
326,0,326,0
326,0,326,0
326,0,326,0
326,0,326,0
326,0,326,0
326,0,326,0
326,0,326,0
326,0,326,0
326,0,326,0
326,0,326,0
326,0,326,0
326,0,326,0
326,0,326,0
326,0,326,0
326,0,326,0
326,0,326,0
326,0,326,0
326,0,326,0
326,0,326,0
326,0,326,0
326,0,326,0
326,0,326,0
326,0,326,0
326,0,326,0
326,0,326,0
326,0,326,0
326,0,326,0
326,0,326,0
327,0,327,0
327,0,327,0
327,0,327,0
327,0,327,0
327,0,327,0
327,0,327,0
327,0,327,0
327,0,327,0
327,0,327,0
327,0,327,0
327,0,327,0
327,0,327,0
327,0,327,0
327,0,327,0
327,0,327,0
327,0,327,0
327,0,327,0
327,0,327,0
327,0,327,0
327,0,327,0
327,0,327,0
327,0,327,0
327,0,327,0
327,0,327,0
327,0,327,0
327,0,327,0
327,0,327,0
327,0,327,0
328,0,328,0
328,0,328,0
328,0,328,0
328,0,328,0
328,0,328,0
328,0,328,0
328,0,328,0
328,0,328,0
328,0,328,0
328,0,328,0
328,0,328,0
328,0,328,0
328,0,328,0
328,0,328,0
328,0,328,0
328,0,328,0
328,0,328,0
328,0,328,0
328,0,328,0
328,0,328,0
328,0,328,0
328,0,328,0
328,0,328,0
328,0,328,0
328,0,328,0
328,0,328,0
328,0,328,0
328,0,328,0
329,0,329,0
329,0,329,0
329,0,329,0
329,0,329,0
329,0,329,0
329,0,329,0
329,0,329,0
329,0,329,0
329,0,329,0
329,0,329,0
329,0,329,0
329,0,329,0
329,0,329,0
329,0,329,0
329,0,329,0
329,0,329,0
329,0,329,0
329,0,329,0
329,0,329,0
329,0,329,0
329,0,329,0
329,0,329,0
329,0,329,0
329,0,329,0
329,0,329,0
329,0,329,0
329,0,329,0
329,0,330,0
330,0,330,0
330,0,330,0
330,0,330,0
330,0,330,0
330,0,330,0
330,0,330,0
330,0,330,0
330,0,330,0
330,0,330,0
330,0,330,0
330,0,330,0
330,0,330,0
330,0,330,0
330,0,330,0
330,0,330,0
330,0,330,0
330,0,330,0
330,0,330,0
330,0,330,0
330,0,330,0
330,0,330,0
330,0,330,0
330,0,330,0
330,0,330,0
330,0,330,0
330,0,330,0
330,0,330,0
330,0,331,0
331,0,331,0
331,0,331,0
331,0,331,0
331,0,331,0
331,0,331,0
331,0,331,0
331,0,331,0
331,0,331,0
331,0,331,0
331,0,331,0
331,0,331,0
331,0,331,0
331,0,331,0
331,0,331,0
331,0,331,0
331,0,331,0
331,0,331,0
331,0,331,0
331,0,331,0
331,0,331,0
331,0,331,0
331,0,331,0
331,0,331,0
331,0,331,0
331,0,331,0
331,0,331,0
331,0,331,0
332,0,332,0
332,0,332,0
332,0,332,0
332,0,332,0
332,0,332,0
332,0,332,0
332,0,332,0
332,0,332,0
332,0,332,0
332,0,332,0
332,0,332,0
332,0,332,0
332,0,332,0
332,0,332,0
332,0,332,0
332,0,332,0
332,0,332,0
332,0,332,0
332,0,332,0
332,0,332,0
332,0,332,0
332,0,332,0
332,0,332,0
332,0,332,0
332,0,332,0
332,0,332,0
332,0,332,0
332,0,332,0
333,0,333,0
333,0,333,0
333,0,333,0
333,0,333,0
333,0,333,0
333,0,333,0
333,0,333,0
333,0,333,0
333,0,333,0
333,0,333,0
333,0,333,0
333,0,333,0
333,0,333,0
333,0,333,0
333,0,333,0
333,0,333,0
333,0,333,0
333,0,333,0
333,0,333,0
333,0,333,0
333,0,333,0
333,0,333,0
333,0,333,0
333,0,333,0
333,0,333,0
333,0,333,0
333,0,333,0
333,0,334,0
334,0,334,0
334,0,334,0
334,0,334,0
334,0,334,0
334,0,334,0
334,0,334,0
334,0,334,0
334,0,334,0
334,0,334,0
334,0,334,0
334,0,334,0
334,0,334,0
334,0,334,0
334,0,334,0
334,0,334,0
334,0,334,0
334,0,334,0
334,0,334,0
334,0,334,0
334,0,334,0
334,0,334,0
334,0,334,0
334,0,334,0
334,0,334,0
334,0,334,0
334,0,334,0
334,0,334,0
335,0,335,0
335,0,335,0
335,0,335,0
335,0,335,0
335,0,335,0
335,0,335,0
335,0,335,0
335,0,335,0
335,0,335,0
335,0,335,0
335,0,335,0
335,0,335,0
335,0,335,0
335,0,335,0
335,0,335,0
335,0,335,0
335,0,335,0
335,0,335,0
335,0,335,0
335,0,335,0
335,0,335,0
335,0,335,0
335,0,335,0
335,0,335,0
335,0,335,0
335,0,335,0
335,0,335,0
335,0,336,0
336,0,336,0
336,0,336,0
336,0,336,0
336,0,336,0
336,0,336,0
336,0,336,0
336,0,336,0
336,0,336,0
336,0,336,0
336,0,336,0
336,0,336,0
336,0,336,0
336,0,336,0
336,0,336,0
336,0,336,0
336,0,336,0
336,0,336,0
336,0,336,0
336,0,336,0
336,0,336,0
336,0,336,0
336,0,336,0
336,0,336,0
336,0,336,0
336,0,336,0
336,0,336,0
336,0,336,0
337,0,337,0
337,0,337,0
337,0,337,0
337,0,337,0
337,0,337,0
337,0,337,0
337,0,337,0
337,0,337,0
337,0,337,0
337,0,337,0
337,0,337,0
337,0,337,0
337,0,337,0
337,0,337,0
337,0,337,0
337,0,337,0
337,0,337,0
337,0,337,0
337,0,337,0
337,0,337,0
337,0,337,0
337,0,337,0
337,0,337,0
337,0,337,0
337,0,337,0
337,0,337,0
337,0,337,0
337,0,338,0
338,0,338,0
338,0,338,0
338,0,338,0
338,0,338,0
338,0,338,0
338,0,338,0
338,0,338,0
338,0,338,0
338,0,338,0
338,0,338,0
338,0,338,0
338,0,338,0
338,0,338,0
338,0,338,0
338,0,338,0
338,0,338,0
338,0,338,0
338,0,338,0
338,0,338,0
338,0,338,0
338,0,338,0
338,0,338,0
338,0,338,0
338,0,338,0
338,0,338,0
338,0,338,0
338,0,338,0
339,0,339,0
339,0,339,0
339,0,339,0
339,0,339,0
339,0,339,0
339,0,339,0
339,0,339,0
339,0,339,0
339,0,339,0
339,0,339,0
339,0,339,0
339,0,339,0
339,0,339,0
339,0,339,0
339,0,339,0
339,0,339,0
339,0,339,0
339,0,339,0
339,0,339,0
339,0,339,0
339,0,339,0
339,0,339,0
339,0,339,0
339,0,339,0
339,0,339,0
339,0,339,0
339,0,339,0
339,0,340,0
340,0,340,0
340,0,340,0
340,0,340,0
340,0,340,0
340,0,340,0
340,0,340,0
340,0,340,0
340,0,340,0
340,0,340,0
340,0,340,0
340,0,340,0
340,0,340,0
340,0,340,0
340,0,340,0
340,0,340,0
340,0,340,0
340,0,340,0
340,0,340,0
340,0,340,0
340,0,340,0
340,0,340,0
340,0,340,0
340,0,340,0
340,0,340,0
340,0,340,0
340,0,340,0
340,0,340,0
341,0,341,0
341,0,341,0
341,0,341,0
341,0,341,0
341,0,341,0
341,0,341,0
341,0,341,0
341,0,341,0
341,0,341,0
341,0,341,0
341,0,341,0
341,0,341,0
341,0,341,0
341,0,341,0
341,0,341,0
341,0,341,0
341,0,341,0
341,0,341,0
341,0,341,0
341,0,341,0
341,0,341,0
341,0,341,0
341,0,341,0
341,0,341,0
341,0,341,0
341,0,341,0
341,0,341,0
342,0,342,0
342,0,342,0
342,0,342,0
342,0,342,0
342,0,342,0
342,0,342,0
342,0,342,0
342,0,342,0
342,0,342,0
342,0,342,0
342,0,342,0
342,0,342,0
342,0,342,0
342,0,342,0
342,0,342,0
342,0,342,0
342,0,342,0
342,0,342,0
342,0,342,0
342,0,342,0
342,0,342,0
342,0,342,0
342,0,342,0
342,0,342,0
342,0,342,0
342,0,342,0
342,0,342,0
342,0,343,0
343,0,343,0
343,0,343,0
343,0,343,0
343,0,343,0
343,0,343,0
343,0,343,0
343,0,343,0
343,0,343,0
343,0,343,0
343,0,343,0
343,0,343,0
343,0,343,0
343,0,343,0
343,0,343,0
343,0,343,0
343,0,343,0
343,0,343,0
343,0,343,0
343,0,343,0
343,0,343,0
343,0,343,0
343,0,343,0
343,0,343,0
343,0,343,0
343,0,343,0
343,0,343,0
343,0,344,0
344,0,344,0
344,0,344,0
344,0,344,0
344,0,344,0
344,0,344,0
344,0,344,0
344,0,344,0
344,0,344,0
344,0,344,0
344,0,344,0
344,0,344,0
344,0,344,0
344,0,344,0
344,0,344,0
344,0,344,0
344,0,344,0
344,0,344,0
344,0,344,0
344,0,344,0
344,0,344,0
344,0,344,0
344,0,344,0
344,0,344,0
344,0,344,0
344,0,344,0
344,0,344,0
344,0,344,0
345,0,345,0
345,0,345,0
345,0,345,0
345,0,345,0
345,0,345,0
345,0,345,0
345,0,345,0
345,0,345,0
345,0,345,0
345,0,345,0
345,0,345,0
345,0,345,0
345,0,345,0
345,0,345,0
345,0,345,0
345,0,345,0
345,0,345,0
345,0,345,0
345,0,345,0
345,0,345,0
345,0,345,0
345,0,345,0
345,0,345,0
345,0,345,0
345,0,345,0
345,0,345,0
345,0,345,0
346,0,346,0
346,0,346,0
346,0,346,0
346,0,346,0
346,0,346,0
346,0,346,0
346,0,346,0
346,0,346,0
346,0,346,0
346,0,346,0
346,0,346,0
346,0,346,0
346,0,346,0
346,0,346,0
346,0,346,0
346,0,346,0
346,0,346,0
346,0,346,0
346,0,346,0
346,0,346,0
346,0,346,0
346,0,346,0
346,0,346,0
346,0,346,0
346,0,346,0
346,0,346,0
346,0,346,0
347,0,347,0
347,0,347,0
347,0,347,0
347,0,347,0
347,0,347,0
347,0,347,0
347,0,347,0
347,0,347,0
347,0,347,0
347,0,347,0
347,0,347,0
347,0,347,0
347,0,347,0
347,0,347,0
347,0,347,0
347,0,347,0
347,0,347,0
347,0,347,0
347,0,347,0
347,0,347,0
347,0,347,0
347,0,347,0
347,0,347,0
347,0,347,0
347,0,347,0
347,0,347,0
347,0,347,0
348,0,348,0
348,0,348,0
348,0,348,0
348,0,348,0
348,0,348,0
348,0,348,0
348,0,348,0
348,0,348,0
348,0,348,0
348,0,348,0
348,0,348,0
348,0,348,0
348,0,348,0
348,0,348,0
348,0,348,0
348,0,348,0
348,0,348,0
348,0,348,0
348,0,348,0
348,0,348,0
348,0,348,0
348,0,348,0
348,0,348,0
348,0,348,0
348,0,348,0
348,0,348,0
348,0,348,0
349,0,349,0
349,0,349,0
349,0,349,0
349,0,349,0
349,0,349,0
349,0,349,0
349,0,349,0
349,0,349,0
349,0,349,0
349,0,349,0
349,0,349,0
349,0,349,0
349,0,349,0
349,0,349,0
349,0,349,0
349,0,349,0
349,0,349,0
349,0,349,0
349,0,349,0
349,0,349,0
349,0,349,0
349,0,349,0
349,0,349,0
349,0,349,0
349,0,349,0
349,0,349,0
349,0,349,0
350,0,350,0
350,0,350,0
350,0,350,0
350,0,350,0
350,0,350,0
350,0,350,0
350,0,350,0
350,0,350,0
350,0,350,0
350,0,350,0
350,0,350,0
350,0,350,0
350,0,350,0
350,0,350,0
350,0,350,0
350,0,350,0
350,0,350,0
350,0,350,0
350,0,350,0
350,0,350,0
350,0,350,0
350,0,350,0
350,0,350,0
350,0,350,0
350,0,350,0
350,0,350,0
350,0,350,0
351,0,351,0
351,0,351,0
351,0,351,0
351,0,351,0
351,0,351,0
351,0,351,0
351,0,351,0
351,0,351,0
351,0,351,0
351,0,351,0
351,0,351,0
351,0,351,0
351,0,351,0
351,0,351,0
351,0,351,0
351,0,351,0
351,0,351,0
351,0,351,0
351,0,351,0
351,0,351,0
351,0,351,0
351,0,351,0
351,0,351,0
351,0,351,0
351,0,351,0
351,0,351,0
351,0,351,0
352,0,352,0
352,0,352,0
352,0,352,0
352,0,352,0
352,0,352,0
352,0,352,0
352,0,352,0
352,0,352,0
352,0,352,0
352,0,352,0
352,0,352,0
352,0,352,0
352,0,352,0
352,0,352,0
352,0,352,0
352,0,352,0
352,0,352,0
352,0,352,0
352,0,352,0
352,0,352,0
352,0,352,0
352,0,352,0
352,0,352,0
352,0,352,0
352,0,352,0
352,0,352,0
352,0,352,0
353,0,353,0
353,0,353,0
353,0,353,0
353,0,353,0
353,0,353,0
353,0,353,0
353,0,353,0
353,0,353,0
353,0,353,0
353,0,353,0
353,0,353,0
353,0,353,0
353,0,353,0
353,0,353,0
353,0,353,0
353,0,353,0
353,0,353,0
353,0,353,0
353,0,353,0
353,0,353,0
353,0,353,0
353,0,353,0
353,0,353,0
353,0,353,0
353,0,353,0
353,0,353,0
353,0,353,0
354,0,354,0
354,0,354,0
354,0,354,0
354,0,354,0
354,0,354,0
354,0,354,0
354,0,354,0
354,0,354,0
354,0,354,0
354,0,354,0
354,0,354,0
354,0,354,0
354,0,354,0
354,0,354,0
354,0,354,0
354,0,354,0
354,0,354,0
354,0,354,0
354,0,354,0
354,0,354,0
354,0,354,0
354,0,354,0
354,0,354,0
354,0,354,0
354,0,354,0
354,0,354,0
354,0,355,0
355,0,355,0
355,0,355,0
355,0,355,0
355,0,355,0
355,0,355,0
355,0,355,0
355,0,355,0
355,0,355,0
355,0,355,0
355,0,355,0
355,0,355,0
355,0,355,0
355,0,355,0
355,0,355,0
355,0,355,0
355,0,355,0
355,0,355,0
355,0,355,0
355,0,355,0
355,0,355,0
355,0,355,0
355,0,355,0
355,0,355,0
355,0,355,0
355,0,355,0
355,0,355,0
355,0,356,0
356,0,356,0
356,0,356,0
356,0,356,0
356,0,356,0
356,0,356,0
356,0,356,0
356,0,356,0
356,0,356,0
356,0,356,0
356,0,356,0
356,0,356,0
356,0,356,0
356,0,356,0
356,0,356,0
356,0,356,0
356,0,356,0
356,0,356,0
356,0,356,0
356,0,356,0
356,0,356,0
356,0,356,0
356,0,356,0
356,0,356,0
356,0,356,0
356,0,356,0
356,0,356,0
357,0,357,0
357,0,357,0
357,0,357,0
357,0,357,0
357,0,357,0
357,0,357,0
357,0,357,0
357,0,357,0
357,0,357,0
357,0,357,0
357,0,357,0
357,0,357,0
357,0,357,0
357,0,357,0
357,0,357,0
357,0,357,0
357,0,357,0
357,0,357,0
357,0,357,0
357,0,357,0
357,0,357,0
357,0,357,0
357,0,357,0
357,0,357,0
357,0,357,0
357,0,357,0
357,0,357,0
358,0,358,0
358,0,358,0
358,0,358,0
358,0,358,0
358,0,358,0
358,0,358,0
358,0,358,0
358,0,358,0
358,0,358,0
358,0,358,0
358,0,358,0
358,0,358,0
358,0,358,0
358,0,358,0
358,0,358,0
358,0,358,0
358,0,358,0
358,0,358,0
358,0,358,0
358,0,358,0
358,0,358,0
358,0,358,0
358,0,358,0
358,0,358,0
358,0,358,0
358,0,358,0
358,0,359,0
359,0,359,0
359,0,359,0
359,0,359,0
359,0,359,0
359,0,359,0
359,0,359,0
359,0,359,0
359,0,359,0
359,0,359,0
359,0,359,0
359,0,359,0
359,0,359,0
359,0,359,0
359,0,359,0
359,0,359,0
359,0,359,0
359,0,359,0
359,0,359,0
359,0,359,0
359,0,359,0
359,0,359,0
359,0,359,0
359,0,359,0
359,0,359,0
359,0,359,0
359,0,359,0
360,0,360,0
360,0,360,0
360,0,360,0
360,0,360,0
360,0,360,0
360,0,360,0
360,0,360,0
360,0,360,0
360,0,360,0
360,0,360,0
360,0,360,0
360,0,360,0
360,0,360,0
360,0,360,0
360,0,360,0
360,0,360,0
360,0,360,0
360,0,360,0
360,0,360,0
360,0,360,0
360,0,360,0
360,0,360,0
360,0,360,0
360,0,360,0
360,0,360,0
360,0,360,0
360,0,360,0
361,0,361,0
361,0,361,0
361,0,361,0
361,0,361,0
361,0,361,0
361,0,361,0
361,0,361,0
361,0,361,0
361,0,361,0
361,0,361,0
361,0,361,0
361,0,361,0
361,0,361,0
361,0,361,0
361,0,361,0
361,0,361,0
361,0,361,0
361,0,361,0
361,0,361,0
361,0,361,0
361,0,361,0
361,0,361,0
361,0,361,0
361,0,361,0
361,0,361,0
361,0,361,0
361,0,362,0
362,0,362,0
362,0,362,0
362,0,362,0
362,0,362,0
362,0,362,0
362,0,362,0
362,0,362,0
362,0,362,0
362,0,362,0
362,0,362,0
362,0,362,0
362,0,362,0
362,0,362,0
362,0,362,0
362,0,362,0
362,0,362,0
362,0,362,0
362,0,362,0
362,0,362,0
362,0,362,0
362,0,362,0
362,0,362,0
362,0,362,0
362,0,362,0
362,0,362,0
362,0,362,0
363,0,363,0
363,0,363,0
363,0,363,0
363,0,363,0
363,0,363,0
363,0,363,0
363,0,363,0
363,0,363,0
363,0,363,0
363,0,363,0
363,0,363,0
363,0,363,0
363,0,363,0
363,0,363,0
363,0,363,0
363,0,363,0
363,0,363,0
363,0,363,0
363,0,363,0
363,0,363,0
363,0,363,0
363,0,363,0
363,0,363,0
363,0,363,0
363,0,363,0
363,0,363,0
363,0,364,0
364,0,364,0
364,0,364,0
364,0,364,0
364,0,364,0
364,0,364,0
364,0,364,0
364,0,364,0
364,0,364,0
364,0,364,0
364,0,364,0
364,0,364,0
364,0,364,0
364,0,364,0
364,0,364,0
364,0,364,0
364,0,364,0
364,0,364,0
364,0,364,0
364,0,364,0
364,0,364,0
364,0,364,0
364,0,364,0
364,0,364,0
364,0,364,0
364,0,364,0
364,0,364,0
365,0,365,0
365,0,365,0
365,0,365,0
365,0,365,0
365,0,365,0
365,0,365,0
365,0,365,0
365,0,365,0
365,0,365,0
365,0,365,0
365,0,365,0
365,0,365,0
365,0,365,0
365,0,365,0
365,0,365,0
365,0,365,0
365,0,365,0
365,0,365,0
365,0,365,0
365,0,365,0
365,0,365,0
365,0,365,0
365,0,365,0
365,0,365,0
365,0,365,0
365,0,365,0
366,0,366,0
366,0,366,0
366,0,366,0
366,0,366,0
366,0,366,0
366,0,366,0
366,0,366,0
366,0,366,0
366,0,366,0
366,0,366,0
366,0,366,0
366,0,366,0
366,0,366,0
366,0,366,0
366,0,366,0
366,0,366,0
366,0,366,0
366,0,366,0
366,0,366,0
366,0,366,0
366,0,366,0
366,0,366,0
366,0,366,0
366,0,366,0
366,0,366,0
366,0,366,0
366,0,367,0
367,0,367,0
367,0,367,0
367,0,367,0
367,0,367,0
367,0,367,0
367,0,367,0
367,0,367,0
367,0,367,0
367,0,367,0
367,0,367,0
367,0,367,0
367,0,367,0
367,0,367,0
367,0,367,0
367,0,367,0
367,0,367,0
367,0,367,0
367,0,367,0
367,0,367,0
367,0,367,0
367,0,367,0
367,0,367,0
367,0,367,0
367,0,367,0
367,0,367,0
367,0,367,0
368,0,368,0
368,0,368,0
368,0,368,0
368,0,368,0
368,0,368,0
368,0,368,0
368,0,368,0
368,0,368,0
368,0,368,0
368,0,368,0
368,0,368,0
368,0,368,0
368,0,368,0
368,0,368,0
368,0,368,0
368,0,368,0
368,0,368,0
368,0,368,0
368,0,368,0
368,0,368,0
368,0,368,0
368,0,368,0
368,0,368,0
368,0,368,0
368,0,368,0
368,0,368,0
369,0,369,0
369,0,369,0
369,0,369,0
369,0,369,0
369,0,369,0
369,0,369,0
369,0,369,0
369,0,369,0
369,0,369,0
369,0,369,0
369,0,369,0
369,0,369,0
369,0,369,0
369,0,369,0
369,0,369,0
369,0,369,0
369,0,369,0
369,0,369,0
369,0,369,0
369,0,369,0
369,0,369,0
369,0,369,0
369,0,369,0
369,0,369,0
369,0,369,0
369,0,369,0
369,0,370,0
370,0,370,0
370,0,370,0
370,0,370,0
370,0,370,0
370,0,370,0
370,0,370,0
370,0,370,0
370,0,370,0
370,0,370,0
370,0,370,0
370,0,370,0
370,0,370,0
370,0,370,0
370,0,370,0
370,0,370,0
370,0,370,0
370,0,370,0
370,0,370,0
370,0,370,0
370,0,370,0
370,0,370,0
370,0,370,0
370,0,370,0
370,0,370,0
370,0,370,0
370,0,371,0
371,0,371,0
371,0,371,0
371,0,371,0
371,0,371,0
371,0,371,0
371,0,371,0
371,0,371,0
371,0,371,0
371,0,371,0
371,0,371,0
371,0,371,0
371,0,371,0
371,0,371,0
371,0,371,0
371,0,371,0
371,0,371,0
371,0,371,0
371,0,371,0
371,0,371,0
371,0,371,0
371,0,371,0
371,0,371,0
371,0,371,0
371,0,371,0
371,0,371,0
371,0,371,0
372,0,372,0
372,0,372,0
372,0,372,0
372,0,372,0
372,0,372,0
372,0,372,0
372,0,372,0
372,0,372,0
372,0,372,0
372,0,372,0
372,0,372,0
372,0,372,0
372,0,372,0
372,0,372,0
372,0,372,0
372,0,372,0
372,0,372,0
372,0,372,0
372,0,372,0
372,0,372,0
372,0,372,0
372,0,372,0
372,0,372,0
372,0,372,0
372,0,372,0
372,0,372,0
373,0,373,0
373,0,373,0
373,0,373,0
373,0,373,0
373,0,373,0
373,0,373,0
373,0,373,0
373,0,373,0
373,0,373,0
373,0,373,0
373,0,373,0
373,0,373,0
373,0,373,0
373,0,373,0
373,0,373,0
373,0,373,0
373,0,373,0
373,0,373,0
373,0,373,0
373,0,373,0
373,0,373,0
373,0,373,0
373,0,373,0
373,0,373,0
373,0,373,0
373,0,373,0
374,0,374,0
374,0,374,0
374,0,374,0
374,0,374,0
374,0,374,0
374,0,374,0
374,0,374,0
374,0,374,0
374,0,374,0
374,0,374,0
374,0,374,0
374,0,374,0
374,0,374,0
374,0,374,0
374,0,374,0
374,0,374,0
374,0,374,0
374,0,374,0
374,0,374,0
374,0,374,0
374,0,374,0
374,0,374,0
374,0,374,0
374,0,374,0
374,0,374,0
374,0,374,0
375,0,375,0
375,0,375,0
375,0,375,0
375,0,375,0
375,0,375,0
375,0,375,0
375,0,375,0
375,0,375,0
375,0,375,0
375,0,375,0
375,0,375,0
375,0,375,0
375,0,375,0
375,0,375,0
375,0,375,0
375,0,375,0
375,0,375,0
375,0,375,0
375,0,375,0
375,0,375,0
375,0,375,0
375,0,375,0
375,0,375,0
375,0,375,0
375,0,375,0
375,0,375,0
375,0,376,0
376,0,376,0
376,0,376,0
376,0,376,0
376,0,376,0
376,0,376,0
376,0,376,0
376,0,376,0
376,0,376,0
376,0,376,0
376,0,376,0
376,0,376,0
376,0,376,0
376,0,376,0
376,0,376,0
376,0,376,0
376,0,376,0
376,0,376,0
376,0,376,0
376,0,376,0
376,0,376,0
376,0,376,0
376,0,376,0
376,0,376,0
376,0,376,0
376,0,376,0
376,0,377,0
377,0,377,0
377,0,377,0
377,0,377,0
377,0,377,0
377,0,377,0
377,0,377,0
377,0,377,0
377,0,377,0
377,0,377,0
377,0,377,0
377,0,377,0
377,0,377,0
377,0,377,0
377,0,377,0
377,0,377,0
377,0,377,0
377,0,377,0
377,0,377,0
377,0,377,0
377,0,377,0
377,0,377,0
377,0,377,0
377,0,377,0
377,0,377,0
377,0,377,0
377,0,378,0
378,0,378,0
378,0,378,0
378,0,378,0
378,0,378,0
378,0,378,0
378,0,378,0
378,0,378,0
378,0,378,0
378,0,378,0
378,0,378,0
378,0,378,0
378,0,378,0
378,0,378,0
378,0,378,0
378,0,378,0
378,0,378,0
378,0,378,0
378,0,378,0
378,0,378,0
378,0,378,0
378,0,378,0
378,0,378,0
378,0,378,0
378,0,378,0
378,0,378,0
379,0,379,0
379,0,379,0
379,0,379,0
379,0,379,0
379,0,379,0
379,0,379,0
379,0,379,0
379,0,379,0
379,0,379,0
379,0,379,0
379,0,379,0
379,0,379,0
379,0,379,0
379,0,379,0
379,0,379,0
379,0,379,0
379,0,379,0
379,0,379,0
379,0,379,0
379,0,379,0
379,0,379,0
379,0,379,0
379,0,379,0
379,0,379,0
379,0,379,0
379,0,379,0
380,0,380,0
380,0,380,0
380,0,380,0
380,0,380,0
380,0,380,0
380,0,380,0
380,0,380,0
380,0,380,0
380,0,380,0
380,0,380,0
380,0,380,0
380,0,380,0
380,0,380,0
380,0,380,0
380,0,380,0
380,0,380,0
380,0,380,0
380,0,380,0
380,0,380,0
380,0,380,0
380,0,380,0
380,0,380,0
380,0,380,0
380,0,380,0
380,0,380,0
380,0,380,0
381,0,381,0
381,0,381,0
381,0,381,0
381,0,381,0
381,0,381,0
381,0,381,0
381,0,381,0
381,0,381,0
381,0,381,0
381,0,381,0
381,0,381,0
381,0,381,0
381,0,381,0
381,0,381,0
381,0,381,0
381,0,381,0
381,0,381,0
381,0,381,0
381,0,381,0
381,0,381,0
381,0,381,0
381,0,381,0
381,0,381,0
381,0,381,0
381,0,381,0
381,0,381,0
382,0,382,0
382,0,382,0
382,0,382,0
382,0,382,0
382,0,382,0
382,0,382,0
382,0,382,0
382,0,382,0
382,0,382,0
382,0,382,0
382,0,382,0
382,0,382,0
382,0,382,0
382,0,382,0
382,0,382,0
382,0,382,0
382,0,382,0
382,0,382,0
382,0,382,0
382,0,382,0
382,0,382,0
382,0,382,0
382,0,382,0
382,0,382,0
382,0,382,0
382,0,383,0
383,0,383,0
383,0,383,0
383,0,383,0
383,0,383,0
383,0,383,0
383,0,383,0
383,0,383,0
383,0,383,0
383,0,383,0
383,0,383,0
383,0,383,0
383,0,383,0
383,0,383,0
383,0,383,0
383,0,383,0
383,0,383,0
383,0,383,0
383,0,383,0
383,0,383,0
383,0,383,0
383,0,383,0
383,0,383,0
383,0,383,0
383,0,383,0
383,0,383,0
383,0,384,0
384,0,384,0
384,0,384,0
384,0,384,0
384,0,384,0
384,0,384,0
384,0,384,0
384,0,384,0
384,0,384,0
384,0,384,0
384,0,384,0
384,0,384,0
384,0,384,0
384,0,384,0
384,0,384,0
384,0,384,0
384,0,384,0
384,0,384,0
384,0,384,0
384,0,384,0
384,0,384,0
384,0,384,0
384,0,384,0
384,0,384,0
384,0,384,0
384,0,384,0
385,0,385,0
385,0,385,0
385,0,385,0
385,0,385,0
385,0,385,0
385,0,385,0
385,0,385,0
385,0,385,0
385,0,385,0
385,0,385,0
385,0,385,0
385,0,385,0
385,0,385,0
385,0,385,0
385,0,385,0
385,0,385,0
385,0,385,0
385,0,385,0
385,0,385,0
385,0,385,0
385,0,385,0
385,0,385,0
385,0,385,0
385,0,385,0
385,0,385,0
385,0,385,0
386,0,386,0
386,0,386,0
386,0,386,0
386,0,386,0
386,0,386,0
386,0,386,0
386,0,386,0
386,0,386,0
386,0,386,0
386,0,386,0
386,0,386,0
386,0,386,0
386,0,386,0
386,0,386,0
386,0,386,0
386,0,386,0
386,0,386,0
386,0,386,0
386,0,386,0
386,0,386,0
386,0,386,0
386,0,386,0
386,0,386,0
386,0,386,0
386,0,386,0
386,0,387,0
387,0,387,0
387,0,387,0
387,0,387,0
387,0,387,0
387,0,387,0
387,0,387,0
387,0,387,0
387,0,387,0
387,0,387,0
387,0,387,0
387,0,387,0
387,0,387,0
387,0,387,0
387,0,387,0
387,0,387,0
387,0,387,0
387,0,387,0
387,0,387,0
387,0,387,0
387,0,387,0
387,0,387,0
387,0,387,0
387,0,387,0
387,0,387,0
387,0,387,0
388,0,388,0
388,0,388,0
388,0,388,0
388,0,388,0
388,0,388,0
388,0,388,0
388,0,388,0
388,0,388,0
388,0,388,0
388,0,388,0
388,0,388,0
388,0,388,0
388,0,388,0
388,0,388,0
388,0,388,0
388,0,388,0
388,0,388,0
388,0,388,0
388,0,388,0
388,0,388,0
388,0,388,0
388,0,388,0
388,0,388,0
388,0,388,0
388,0,388,0
388,0,388,0
389,0,389,0
389,0,389,0
389,0,389,0
389,0,389,0
389,0,389,0
389,0,389,0
389,0,389,0
389,0,389,0
389,0,389,0
389,0,389,0
389,0,389,0
389,0,389,0
389,0,389,0
389,0,389,0
389,0,389,0
389,0,389,0
389,0,389,0
389,0,389,0
389,0,389,0
389,0,389,0
389,0,389,0
389,0,389,0
389,0,389,0
389,0,389,0
389,0,389,0
389,0,390,0
390,0,390,0
390,0,390,0
390,0,390,0
390,0,390,0
390,0,390,0
390,0,390,0
390,0,390,0
390,0,390,0
390,0,390,0
390,0,390,0
390,0,390,0
390,0,390,0
390,0,390,0
390,0,390,0
390,0,390,0
390,0,390,0
390,0,390,0
390,0,390,0
390,0,390,0
390,0,390,0
390,0,390,0
390,0,390,0
390,0,390,0
390,0,390,0
390,0,390,0
391,0,391,0
391,0,391,0
391,0,391,0
391,0,391,0
391,0,391,0
391,0,391,0
391,0,391,0
391,0,391,0
391,0,391,0
391,0,391,0
391,0,391,0
391,0,391,0
391,0,391,0
391,0,391,0
391,0,391,0
391,0,391,0
391,0,391,0
391,0,391,0
391,0,391,0
391,0,391,0
391,0,391,0
391,0,391,0
391,0,391,0
391,0,391,0
391,0,391,0
391,0,392,0
392,0,392,0
392,0,392,0
392,0,392,0
392,0,392,0
392,0,392,0
392,0,392,0
392,0,392,0
392,0,392,0
392,0,392,0
392,0,392,0
392,0,392,0
392,0,392,0
392,0,392,0
392,0,392,0
392,0,392,0
392,0,392,0
392,0,392,0
392,0,392,0
392,0,392,0
392,0,392,0
392,0,392,0
392,0,392,0
392,0,392,0
392,0,392,0
392,0,392,0
393,0,393,0
393,0,393,0
393,0,393,0
393,0,393,0
393,0,393,0
393,0,393,0
393,0,393,0
393,0,393,0
393,0,393,0
393,0,393,0
393,0,393,0
393,0,393,0
393,0,393,0
393,0,393,0
393,0,393,0
393,0,393,0
393,0,393,0
393,0,393,0
393,0,393,0
393,0,393,0
393,0,393,0
393,0,393,0
393,0,393,0
393,0,393,0
393,0,393,0
393,0,394,0
394,0,394,0
394,0,394,0
394,0,394,0
394,0,394,0
394,0,394,0
394,0,394,0
394,0,394,0
394,0,394,0
394,0,394,0
394,0,394,0
394,0,394,0
394,0,394,0
394,0,394,0
394,0,394,0
394,0,394,0
394,0,394,0
394,0,394,0
394,0,394,0
394,0,394,0
394,0,394,0
394,0,394,0
394,0,394,0
394,0,394,0
394,0,394,0
394,0,394,0
395,0,395,0
395,0,395,0
395,0,395,0
395,0,395,0
395,0,395,0
395,0,395,0
395,0,395,0
395,0,395,0
395,0,395,0
395,0,395,0
395,0,395,0
395,0,395,0
395,0,395,0
395,0,395,0
395,0,395,0
395,0,395,0
395,0,395,0
395,0,395,0
395,0,395,0
395,0,395,0
395,0,395,0
395,0,395,0
395,0,395,0
395,0,395,0
395,0,395,0
396,0,396,0
396,0,396,0
396,0,396,0
396,0,396,0
396,0,396,0
396,0,396,0
396,0,396,0
396,0,396,0
396,0,396,0
396,0,396,0
396,0,396,0
396,0,396,0
396,0,396,0
396,0,396,0
396,0,396,0
396,0,396,0
396,0,396,0
396,0,396,0
396,0,396,0
396,0,396,0
396,0,396,0
396,0,396,0
396,0,396,0
396,0,396,0
396,0,396,0
396,0,397,0
397,0,397,0
397,0,397,0
397,0,397,0
397,0,397,0
397,0,397,0
397,0,397,0
397,0,397,0
397,0,397,0
397,0,397,0
397,0,397,0
397,0,397,0
397,0,397,0
397,0,397,0
397,0,397,0
397,0,397,0
397,0,397,0
397,0,397,0
397,0,397,0
397,0,397,0
397,0,397,0
397,0,397,0
397,0,397,0
397,0,397,0
397,0,397,0
397,0,397,0
398,0,398,0
398,0,398,0
398,0,398,0
398,0,398,0
398,0,398,0
398,0,398,0
398,0,398,0
398,0,398,0
398,0,398,0
398,0,398,0
398,0,398,0
398,0,398,0
398,0,398,0
398,0,398,0
398,0,398,0
398,0,398,0
398,0,398,0
398,0,398,0
398,0,398,0
398,0,398,0
398,0,398,0
398,0,398,0
398,0,398,0
398,0,398,0
398,0,398,0
399,0,399,0
399,0,399,0
399,0,399,0
399,0,399,0
399,0,399,0
399,0,399,0
399,0,399,0
399,0,399,0
399,0,399,0
399,0,399,0
399,0,399,0
399,0,399,0
399,0,399,0
399,0,399,0
399,0,399,0
399,0,399,0
399,0,399,0
399,0,399,0
399,0,399,0
399,0,399,0
399,0,399,0
399,0,399,0
399,0,399,0
399,0,399,0
399,0,399,0
399,0,400,0
400,0,400,0
400,0,400,0
400,0,400,0
400,0,400,0
400,0,400,0
400,0,400,0
400,0,400,0
400,0,400,0
400,0,400,0
400,0,400,0
400,0,400,0
400,0,400,0
400,0,400,0
400,0,400,0
400,0,400,0
400,0,400,0
400,0,400,0
400,0,400,0
400,0,400,0
400,0,400,0
400,0,400,0
400,0,400,0
400,0,400,0
400,0,400,0
400,0,401,0
401,0,401,0
401,0,401,0
401,0,401,0
401,0,401,0
401,0,401,0
401,0,401,0
401,0,401,0
401,0,401,0
401,0,401,0
401,0,401,0
401,0,401,0
401,0,401,0
401,0,401,0
401,0,401,0
401,0,401,0
401,0,401,0
401,0,401,0
401,0,401,0
401,0,401,0
401,0,401,0
401,0,401,0
401,0,401,0
401,0,401,0
401,0,401,0
401,0,401,0
402,0,402,0
402,0,402,0
402,0,402,0
402,0,402,0
402,0,402,0
402,0,402,0
402,0,402,0
402,0,402,0
402,0,402,0
402,0,402,0
402,0,402,0
402,0,402,0
402,0,402,0
402,0,402,0
402,0,402,0
402,0,402,0
402,0,402,0
402,0,402,0
402,0,402,0
402,0,402,0
402,0,402,0
402,0,402,0
402,0,402,0
402,0,402,0
402,0,402,0
403,0,403,0
403,0,403,0
403,0,403,0
403,0,403,0
403,0,403,0
403,0,403,0
403,0,403,0
403,0,403,0
403,0,403,0
403,0,403,0
403,0,403,0
403,0,403,0
403,0,403,0
403,0,403,0
403,0,403,0
403,0,403,0
403,0,403,0
403,0,403,0
403,0,403,0
403,0,403,0
403,0,403,0
403,0,403,0
403,0,403,0
403,0,403,0
403,0,403,0
404,0,404,0
404,0,404,0
404,0,404,0
404,0,404,0
404,0,404,0
404,0,404,0
404,0,404,0
404,0,404,0
404,0,404,0
404,0,404,0
404,0,404,0
404,0,404,0
404,0,404,0
404,0,404,0
404,0,404,0
404,0,404,0
404,0,404,0
404,0,404,0
404,0,404,0
404,0,404,0
404,0,404,0
404,0,404,0
404,0,404,0
404,0,404,0
404,0,404,0
405,0,405,0
405,0,405,0
405,0,405,0
405,0,405,0
405,0,405,0
405,0,405,0
405,0,405,0
405,0,405,0
405,0,405,0
405,0,405,0
405,0,405,0
405,0,405,0
405,0,405,0
405,0,405,0
405,0,405,0
405,0,405,0
405,0,405,0
405,0,405,0
405,0,405,0
405,0,405,0
405,0,405,0
405,0,405,0
405,0,405,0
405,0,405,0
405,0,405,0
405,0,406,0
406,0,406,0
406,0,406,0
406,0,406,0
406,0,406,0
406,0,406,0
406,0,406,0
406,0,406,0
406,0,406,0
406,0,406,0
406,0,406,0
406,0,406,0
406,0,406,0
406,0,406,0
406,0,406,0
406,0,406,0
406,0,406,0
406,0,406,0
406,0,406,0
406,0,406,0
406,0,406,0
406,0,406,0
406,0,406,0
406,0,406,0
406,0,406,0
406,0,407,0
407,0,407,0
407,0,407,0
407,0,407,0
407,0,407,0
407,0,407,0
407,0,407,0
407,0,407,0
407,0,407,0
407,0,407,0
407,0,407,0
407,0,407,0
407,0,407,0
407,0,407,0
407,0,407,0
407,0,407,0
407,0,407,0
407,0,407,0
407,0,407,0
407,0,407,0
407,0,407,0
407,0,407,0
407,0,407,0
407,0,407,0
407,0,407,0
407,0,408,0
408,0,408,0
408,0,408,0
408,0,408,0
408,0,408,0
408,0,408,0
408,0,408,0
408,0,408,0
408,0,408,0
408,0,408,0
408,0,408,0
408,0,408,0
408,0,408,0
408,0,408,0
408,0,408,0
408,0,408,0
408,0,408,0
408,0,408,0
408,0,408,0
408,0,408,0
408,0,408,0
408,0,408,0
408,0,408,0
408,0,408,0
408,0,408,0
408,0,409,0
409,0,409,0
409,0,409,0
409,0,409,0
409,0,409,0
409,0,409,0
409,0,409,0
409,0,409,0
409,0,409,0
409,0,409,0
409,0,409,0
409,0,409,0
409,0,409,0
409,0,409,0
409,0,409,0
409,0,409,0
409,0,409,0
409,0,409,0
409,0,409,0
409,0,409,0
409,0,409,0
409,0,409,0
409,0,409,0
409,0,409,0
409,0,409,0
410,0,410,0
410,0,410,0
410,0,410,0
410,0,410,0
410,0,410,0
410,0,410,0
410,0,410,0
410,0,410,0
410,0,410,0
410,0,410,0
410,0,410,0
410,0,410,0
410,0,410,0
410,0,410,0
410,0,410,0
410,0,410,0
410,0,410,0
410,0,410,0
410,0,410,0
410,0,410,0
410,0,410,0
410,0,410,0
410,0,410,0
410,0,410,0
410,0,410,0
411,0,411,0
411,0,411,0
411,0,411,0
411,0,411,0
411,0,411,0
411,0,411,0
411,0,411,0
411,0,411,0
411,0,411,0
411,0,411,0
411,0,411,0
411,0,411,0
411,0,411,0
411,0,411,0
411,0,411,0
411,0,411,0
411,0,411,0
411,0,411,0
411,0,411,0
411,0,411,0
411,0,411,0
411,0,411,0
411,0,411,0
411,0,411,0
411,0,411,0
412,0,412,0
412,0,412,0
412,0,412,0
412,0,412,0
412,0,412,0
412,0,412,0
412,0,412,0
412,0,412,0
412,0,412,0
412,0,412,0
412,0,412,0
412,0,412,0
412,0,412,0
412,0,412,0
412,0,412,0
412,0,412,0
412,0,412,0
412,0,412,0
412,0,412,0
412,0,412,0
412,0,412,0
412,0,412,0
412,0,412,0
412,0,412,0
412,0,412,0
413,0,413,0
413,0,413,0
413,0,413,0
413,0,413,0
413,0,413,0
413,0,413,0
413,0,413,0
413,0,413,0
413,0,413,0
413,0,413,0
413,0,413,0
413,0,413,0
413,0,413,0
413,0,413,0
413,0,413,0
413,0,413,0
413,0,413,0
413,0,413,0
413,0,413,0
413,0,413,0
413,0,413,0
413,0,413,0
413,0,413,0
413,0,413,0
413,0,414,0
414,0,414,0
414,0,414,0
414,0,414,0
414,0,414,0
414,0,414,0
414,0,414,0
414,0,414,0
414,0,414,0
414,0,414,0
414,0,414,0
414,0,414,0
414,0,414,0
414,0,414,0
414,0,414,0
414,0,414,0
414,0,414,0
414,0,414,0
414,0,414,0
414,0,414,0
414,0,414,0
414,0,414,0
414,0,414,0
414,0,414,0
414,0,414,0
414,0,415,0
415,0,415,0
415,0,415,0
415,0,415,0
415,0,415,0
415,0,415,0
415,0,415,0
415,0,415,0
415,0,415,0
415,0,415,0
415,0,415,0
415,0,415,0
415,0,415,0
415,0,415,0
415,0,415,0
415,0,415,0
415,0,415,0
415,0,415,0
415,0,415,0
415,0,415,0
415,0,415,0
415,0,415,0
415,0,415,0
415,0,415,0
415,0,415,0
415,0,416,0
416,0,416,0
416,0,416,0
416,0,416,0
416,0,416,0
416,0,416,0
416,0,416,0
416,0,416,0
416,0,416,0
416,0,416,0
416,0,416,0
416,0,416,0
416,0,416,0
416,0,416,0
416,0,416,0
416,0,416,0
416,0,416,0
416,0,416,0
416,0,416,0
416,0,416,0
416,0,416,0
416,0,416,0
416,0,416,0
416,0,416,0
416,0,416,0
417,0,417,0
417,0,417,0
417,0,417,0
417,0,417,0
417,0,417,0
417,0,417,0
417,0,417,0
417,0,417,0
417,0,417,0
417,0,417,0
417,0,417,0
417,0,417,0
417,0,417,0
417,0,417,0
417,0,417,0
417,0,417,0
417,0,417,0
417,0,417,0
417,0,417,0
417,0,417,0
417,0,417,0
417,0,417,0
417,0,417,0
417,0,417,0
417,0,418,0
418,0,418,0
418,0,418,0
418,0,418,0
418,0,418,0
418,0,418,0
418,0,418,0
418,0,418,0
418,0,418,0
418,0,418,0
418,0,418,0
418,0,418,0
418,0,418,0
418,0,418,0
418,0,418,0
418,0,418,0
418,0,418,0
418,0,418,0
418,0,418,0
418,0,418,0
418,0,418,0
418,0,418,0
418,0,418,0
418,0,418,0
418,0,418,0
418,0,419,0
419,0,419,0
419,0,419,0
419,0,419,0
419,0,419,0
419,0,419,0
419,0,419,0
419,0,419,0
419,0,419,0
419,0,419,0
419,0,419,0
419,0,419,0
419,0,419,0
419,0,419,0
419,0,419,0
419,0,419,0
419,0,419,0
419,0,419,0
419,0,419,0
419,0,419,0
419,0,419,0
419,0,419,0
419,0,419,0
419,0,419,0
419,0,419,0
420,0,420,0
420,0,420,0
420,0,420,0
420,0,420,0
420,0,420,0
420,0,420,0
420,0,420,0
420,0,420,0
420,0,420,0
420,0,420,0
420,0,420,0
420,0,420,0
420,0,420,0
420,0,420,0
420,0,420,0
420,0,420,0
420,0,420,0
420,0,420,0
420,0,420,0
420,0,420,0
420,0,420,0
420,0,420,0
420,0,420,0
420,0,420,0
420,0,421,0
421,0,421,0
421,0,421,0
421,0,421,0
421,0,421,0
421,0,421,0
421,0,421,0
421,0,421,0
421,0,421,0
421,0,421,0
421,0,421,0
421,0,421,0
421,0,421,0
421,0,421,0
421,0,421,0
421,0,421,0
421,0,421,0
421,0,421,0
421,0,421,0
421,0,421,0
421,0,421,0
421,0,421,0
421,0,421,0
421,0,421,0
421,0,421,0
422,0,422,0
422,0,422,0
422,0,422,0
422,0,422,0
422,0,422,0
422,0,422,0
422,0,422,0
422,0,422,0
422,0,422,0
422,0,422,0
422,0,422,0
422,0,422,0
422,0,422,0
422,0,422,0
422,0,422,0
422,0,422,0
422,0,422,0
422,0,422,0
422,0,422,0
422,0,422,0
422,0,422,0
422,0,422,0
422,0,422,0
422,0,422,0
422,0,422,0
423,0,423,0
423,0,423,0
423,0,423,0
423,0,423,0
423,0,423,0
423,0,423,0
423,0,423,0
423,0,423,0
423,0,423,0
423,0,423,0
423,0,423,0
423,0,423,0
423,0,423,0
423,0,423,0
423,0,423,0
423,0,423,0
423,0,423,0
423,0,423,0
423,0,423,0
423,0,423,0
423,0,423,0
423,0,423,0
423,0,423,0
423,0,423,0
423,0,424,0
424,0,424,0
424,0,424,0
424,0,424,0
424,0,424,0
424,0,424,0
424,0,424,0
424,0,424,0
424,0,424,0
424,0,424,0
424,0,424,0
424,0,424,0
424,0,424,0
424,0,424,0
424,0,424,0
424,0,424,0
424,0,424,0
424,0,424,0
424,0,424,0
424,0,424,0
424,0,424,0
424,0,424,0
424,0,424,0
424,0,424,0
424,0,424,0
425,0,425,0
425,0,425,0
425,0,425,0
425,0,425,0
425,0,425,0
425,0,425,0
425,0,425,0
425,0,425,0
425,0,425,0
425,0,425,0
425,0,425,0
425,0,425,0
425,0,425,0
425,0,425,0
425,0,425,0
425,0,425,0
425,0,425,0
425,0,425,0
425,0,425,0
425,0,425,0
425,0,425,0
425,0,425,0
425,0,425,0
425,0,425,0
425,0,426,0
426,0,426,0
426,0,426,0
426,0,426,0
426,0,426,0
426,0,426,0
426,0,426,0
426,0,426,0
426,0,426,0
426,0,426,0
426,0,426,0
426,0,426,0
426,0,426,0
426,0,426,0
426,0,426,0
426,0,426,0
426,0,426,0
426,0,426,0
426,0,426,0
426,0,426,0
426,0,426,0
426,0,426,0
426,0,426,0
426,0,426,0
426,0,427,0
427,0,427,0
427,0,427,0
427,0,427,0
427,0,427,0
427,0,427,0
427,0,427,0
427,0,427,0
427,0,427,0
427,0,427,0
427,0,427,0
427,0,427,0
427,0,427,0
427,0,427,0
427,0,427,0
427,0,427,0
427,0,427,0
427,0,427,0
427,0,427,0
427,0,427,0
427,0,427,0
427,0,427,0
427,0,427,0
427,0,427,0
427,0,427,0
428,0,428,0
428,0,428,0
428,0,428,0
428,0,428,0
428,0,428,0
428,0,428,0
428,0,428,0
428,0,428,0
428,0,428,0
428,0,428,0
428,0,428,0
428,0,428,0
428,0,428,0
428,0,428,0
428,0,428,0
428,0,428,0
428,0,428,0
428,0,428,0
428,0,428,0
428,0,428,0
428,0,428,0
428,0,428,0
428,0,428,0
428,0,428,0
428,0,429,0
429,0,429,0
429,0,429,0
429,0,429,0
429,0,429,0
429,0,429,0
429,0,429,0
429,0,429,0
429,0,429,0
429,0,429,0
429,0,429,0
429,0,429,0
429,0,429,0
429,0,429,0
429,0,429,0
429,0,429,0
429,0,429,0
429,0,429,0
429,0,429,0
429,0,429,0
429,0,429,0
429,0,429,0
429,0,429,0
429,0,429,0
429,0,429,0
430,0,430,0
430,0,430,0
430,0,430,0
430,0,430,0
430,0,430,0
430,0,430,0
430,0,430,0
430,0,430,0
430,0,430,0
430,0,430,0
430,0,430,0
430,0,430,0
430,0,430,0
430,0,430,0
430,0,430,0
430,0,430,0
430,0,430,0
430,0,430,0
430,0,430,0
430,0,430,0
430,0,430,0
430,0,430,0
430,0,430,0
430,0,430,0
431,0,431,0
431,0,431,0
431,0,431,0
431,0,431,0
431,0,431,0
431,0,431,0
431,0,431,0
431,0,431,0
431,0,431,0
431,0,431,0
431,0,431,0
431,0,431,0
431,0,431,0
431,0,431,0
431,0,431,0
431,0,431,0
431,0,431,0
431,0,431,0
431,0,431,0
431,0,431,0
431,0,431,0
431,0,431,0
431,0,431,0
431,0,431,0
431,0,432,0
432,0,432,0
432,0,432,0
432,0,432,0
432,0,432,0
432,0,432,0
432,0,432,0
432,0,432,0
432,0,432,0
432,0,432,0
432,0,432,0
432,0,432,0
432,0,432,0
432,0,432,0
432,0,432,0
432,0,432,0
432,0,432,0
432,0,432,0
432,0,432,0
432,0,432,0
432,0,432,0
432,0,432,0
432,0,432,0
432,0,432,0
432,0,432,0
433,0,433,0
433,0,433,0
433,0,433,0
433,0,433,0
433,0,433,0
433,0,433,0
433,0,433,0
433,0,433,0
433,0,433,0
433,0,433,0
433,0,433,0
433,0,433,0
433,0,433,0
433,0,433,0
433,0,433,0
433,0,433,0
433,0,433,0
433,0,433,0
433,0,433,0
433,0,433,0
433,0,433,0
433,0,433,0
433,0,433,0
433,0,433,0
434,0,434,0
434,0,434,0
434,0,434,0
434,0,434,0
434,0,434,0
434,0,434,0
434,0,434,0
434,0,434,0
434,0,434,0
434,0,434,0
434,0,434,0
434,0,434,0
434,0,434,0
434,0,434,0
434,0,434,0
434,0,434,0
434,0,434,0
434,0,434,0
434,0,434,0
434,0,434,0
434,0,434,0
434,0,434,0
434,0,434,0
434,0,434,0
435,0,435,0
435,0,435,0
435,0,435,0
435,0,435,0
435,0,435,0
435,0,435,0
435,0,435,0
435,0,435,0
435,0,435,0
435,0,435,0
435,0,435,0
435,0,435,0
435,0,435,0
435,0,435,0
435,0,435,0
435,0,435,0
435,0,435,0
435,0,435,0
435,0,435,0
435,0,435,0
435,0,435,0
435,0,435,0
435,0,435,0
435,0,435,0
435,0,436,0
436,0,436,0
436,0,436,0
436,0,436,0
436,0,436,0
436,0,436,0
436,0,436,0
436,0,436,0
436,0,436,0
436,0,436,0
436,0,436,0
436,0,436,0
436,0,436,0
436,0,436,0
436,0,436,0
436,0,436,0
436,0,436,0
436,0,436,0
436,0,436,0
436,0,436,0
436,0,436,0
436,0,436,0
436,0,436,0
436,0,436,0
436,0,437,0
437,0,437,0
437,0,437,0
437,0,437,0
437,0,437,0
437,0,437,0
437,0,437,0
437,0,437,0
437,0,437,0
437,0,437,0
437,0,437,0
437,0,437,0
437,0,437,0
437,0,437,0
437,0,437,0
437,0,437,0
437,0,437,0
437,0,437,0
437,0,437,0
437,0,437,0
437,0,437,0
437,0,437,0
437,0,437,0
437,0,437,0
437,0,438,0
438,0,438,0
438,0,438,0
438,0,438,0
438,0,438,0
438,0,438,0
438,0,438,0
438,0,438,0
438,0,438,0
438,0,438,0
438,0,438,0
438,0,438,0
438,0,438,0
438,0,438,0
438,0,438,0
438,0,438,0
438,0,438,0
438,0,438,0
438,0,438,0
438,0,438,0
438,0,438,0
438,0,438,0
438,0,438,0
438,0,438,0
438,0,438,0
439,0,439,0
439,0,439,0
439,0,439,0
439,0,439,0
439,0,439,0
439,0,439,0
439,0,439,0
439,0,439,0
439,0,439,0
439,0,439,0
439,0,439,0
439,0,439,0
439,0,439,0
439,0,439,0
439,0,439,0
439,0,439,0
439,0,439,0
439,0,439,0
439,0,439,0
439,0,439,0
439,0,439,0
439,0,439,0
439,0,439,0
439,0,439,0
440,0,440,0
440,0,440,0
440,0,440,0
440,0,440,0
440,0,440,0
440,0,440,0
440,0,440,0
440,0,440,0
440,0,440,0
440,0,440,0
440,0,440,0
440,0,440,0
440,0,440,0
440,0,440,0
440,0,440,0
440,0,440,0
440,0,440,0
440,0,440,0
440,0,440,0
440,0,440,0
440,0,440,0
440,0,440,0
440,0,440,0
440,0,440,0
441,0,441,0
441,0,441,0
441,0,441,0
441,0,441,0
441,0,441,0
441,0,441,0
441,0,441,0
441,0,441,0
441,0,441,0
441,0,441,0
441,0,441,0
441,0,441,0
441,0,441,0
441,0,441,0
441,0,441,0
441,0,441,0
441,0,441,0
441,0,441,0
441,0,441,0
441,0,441,0
441,0,441,0
441,0,441,0
441,0,441,0
441,0,441,0
442,0,442,0
442,0,442,0
442,0,442,0
442,0,442,0
442,0,442,0
442,0,442,0
442,0,442,0
442,0,442,0
442,0,442,0
442,0,442,0
442,0,442,0
442,0,442,0
442,0,442,0
442,0,442,0
442,0,442,0
442,0,442,0
442,0,442,0
442,0,442,0
442,0,442,0
442,0,442,0
442,0,442,0
442,0,442,0
442,0,442,0
442,0,442,0
443,0,443,0
443,0,443,0
443,0,443,0
443,0,443,0
443,0,443,0
443,0,443,0
443,0,443,0
443,0,443,0
443,0,443,0
443,0,443,0
443,0,443,0
443,0,443,0
443,0,443,0
443,0,443,0
443,0,443,0
443,0,443,0
443,0,443,0
443,0,443,0
443,0,443,0
443,0,443,0
443,0,443,0
443,0,443,0
443,0,443,0
443,0,443,0
444,0,444,0
444,0,444,0
444,0,444,0
444,0,444,0
444,0,444,0
444,0,444,0
444,0,444,0
444,0,444,0
444,0,444,0
444,0,444,0
444,0,444,0
444,0,444,0
444,0,444,0
444,0,444,0
444,0,444,0
444,0,444,0
444,0,444,0
444,0,444,0
444,0,444,0
444,0,444,0
444,0,444,0
444,0,444,0
444,0,444,0
444,0,444,0
445,0,445,0
445,0,445,0
445,0,445,0
445,0,445,0
445,0,445,0
445,0,445,0
445,0,445,0
445,0,445,0
445,0,445,0
445,0,445,0
445,0,445,0
445,0,445,0
445,0,445,0
445,0,445,0
445,0,445,0
445,0,445,0
445,0,445,0
445,0,445,0
445,0,445,0
445,0,445,0
445,0,445,0
445,0,445,0
445,0,445,0
445,0,445,0
446,0,446,0
446,0,446,0
446,0,446,0
446,0,446,0
446,0,446,0
446,0,446,0
446,0,446,0
446,0,446,0
446,0,446,0
446,0,446,0
446,0,446,0
446,0,446,0
446,0,446,0
446,0,446,0
446,0,446,0
446,0,446,0
446,0,446,0
446,0,446,0
446,0,446,0
446,0,446,0
446,0,446,0
446,0,446,0
446,0,446,0
446,0,447,0
447,0,447,0
447,0,447,0
447,0,447,0
447,0,447,0
447,0,447,0
447,0,447,0
447,0,447,0
447,0,447,0
447,0,447,0
447,0,447,0
447,0,447,0
447,0,447,0
447,0,447,0
447,0,447,0
447,0,447,0
447,0,447,0
447,0,447,0
447,0,447,0
447,0,447,0
447,0,447,0
447,0,447,0
447,0,447,0
447,0,447,0
447,0,448,0
448,0,448,0
448,0,448,0
448,0,448,0
448,0,448,0
448,0,448,0
448,0,448,0
448,0,448,0
448,0,448,0
448,0,448,0
448,0,448,0
448,0,448,0
448,0,448,0
448,0,448,0
448,0,448,0
448,0,448,0
448,0,448,0
448,0,448,0
448,0,448,0
448,0,448,0
448,0,448,0
448,0,448,0
448,0,448,0
448,0,448,0
448,0,449,0
449,0,449,0
449,0,449,0
449,0,449,0
449,0,449,0
449,0,449,0
449,0,449,0
449,0,449,0
449,0,449,0
449,0,449,0
449,0,449,0
449,0,449,0
449,0,449,0
449,0,449,0
449,0,449,0
449,0,449,0
449,0,449,0
449,0,449,0
449,0,449,0
449,0,449,0
449,0,449,0
449,0,449,0
449,0,449,0
449,0,449,0
450,0,450,0
450,0,450,0
450,0,450,0
450,0,450,0
450,0,450,0
450,0,450,0
450,0,450,0
450,0,450,0
450,0,450,0
450,0,450,0
450,0,450,0
450,0,450,0
450,0,450,0
450,0,450,0
450,0,450,0
450,0,450,0
450,0,450,0
450,0,450,0
450,0,450,0
450,0,450,0
450,0,450,0
450,0,450,0
450,0,450,0
450,0,450,0
451,0,451,0
451,0,451,0
451,0,451,0
451,0,451,0
451,0,451,0
451,0,451,0
451,0,451,0
451,0,451,0
451,0,451,0
451,0,451,0
451,0,451,0
451,0,451,0
451,0,451,0
451,0,451,0
451,0,451,0
451,0,451,0
451,0,451,0
451,0,451,0
451,0,451,0
451,0,451,0
451,0,451,0
451,0,451,0
451,0,451,0
451,0,452,0
452,0,452,0
452,0,452,0
452,0,452,0
452,0,452,0
452,0,452,0
452,0,452,0
452,0,452,0
452,0,452,0
452,0,452,0
452,0,452,0
452,0,452,0
452,0,452,0
452,0,452,0
452,0,452,0
452,0,452,0
452,0,452,0
452,0,452,0
452,0,452,0
452,0,452,0
452,0,452,0
452,0,452,0
452,0,452,0
452,0,452,0
452,0,453,0
453,0,453,0
453,0,453,0
453,0,453,0
453,0,453,0
453,0,453,0
453,0,453,0
453,0,453,0
453,0,453,0
453,0,453,0
453,0,453,0
453,0,453,0
453,0,453,0
453,0,453,0
453,0,453,0
453,0,453,0
453,0,453,0
453,0,453,0
453,0,453,0
453,0,453,0
453,0,453,0
453,0,453,0
453,0,453,0
453,0,453,0
454,0,454,0
454,0,454,0
454,0,454,0
454,0,454,0
454,0,454,0
454,0,454,0
454,0,454,0
454,0,454,0
454,0,454,0
454,0,454,0
454,0,454,0
454,0,454,0
454,0,454,0
454,0,454,0
454,0,454,0
454,0,454,0
454,0,454,0
454,0,454,0
454,0,454,0
454,0,454,0
454,0,454,0
454,0,454,0
454,0,454,0
454,0,454,0
455,0,455,0
455,0,455,0
455,0,455,0
455,0,455,0
455,0,455,0
455,0,455,0
455,0,455,0
455,0,455,0
455,0,455,0
455,0,455,0
455,0,455,0
455,0,455,0
455,0,455,0
455,0,455,0
455,0,455,0
455,0,455,0
455,0,455,0
455,0,455,0
455,0,455,0
455,0,455,0
455,0,455,0
455,0,455,0
455,0,455,0
455,0,456,0
456,0,456,0
456,0,456,0
456,0,456,0
456,0,456,0
456,0,456,0
456,0,456,0
456,0,456,0
456,0,456,0
456,0,456,0
456,0,456,0
456,0,456,0
456,0,456,0
456,0,456,0
456,0,456,0
456,0,456,0
456,0,456,0
456,0,456,0
456,0,456,0
456,0,456,0
456,0,456,0
456,0,456,0
456,0,456,0
456,0,456,0
457,0,457,0
457,0,457,0
457,0,457,0
457,0,457,0
457,0,457,0
457,0,457,0
457,0,457,0
457,0,457,0
457,0,457,0
457,0,457,0
457,0,457,0
457,0,457,0
457,0,457,0
457,0,457,0
457,0,457,0
457,0,457,0
457,0,457,0
457,0,457,0
457,0,457,0
457,0,457,0
457,0,457,0
457,0,457,0
457,0,457,0
457,0,458,0
458,0,458,0
458,0,458,0
458,0,458,0
458,0,458,0
458,0,458,0
458,0,458,0
458,0,458,0
458,0,458,0
458,0,458,0
458,0,458,0
458,0,458,0
458,0,458,0
458,0,458,0
458,0,458,0
458,0,458,0
458,0,458,0
458,0,458,0
458,0,458,0
458,0,458,0
458,0,458,0
458,0,458,0
458,0,458,0
458,0,458,0
458,0,459,0
459,0,459,0
459,0,459,0
459,0,459,0
459,0,459,0
459,0,459,0
459,0,459,0
459,0,459,0
459,0,459,0
459,0,459,0
459,0,459,0
459,0,459,0
459,0,459,0
459,0,459,0
459,0,459,0
459,0,459,0
459,0,459,0
459,0,459,0
459,0,459,0
459,0,459,0
459,0,459,0
459,0,459,0
459,0,459,0
459,0,459,0
460,0,460,0
460,0,460,0
460,0,460,0
460,0,460,0
460,0,460,0
460,0,460,0
460,0,460,0
460,0,460,0
460,0,460,0
460,0,460,0
460,0,460,0
460,0,460,0
460,0,460,0
460,0,460,0
460,0,460,0
460,0,460,0
460,0,460,0
460,0,460,0
460,0,460,0
460,0,460,0
460,0,460,0
460,0,460,0
460,0,460,0
460,0,461,0
461,0,461,0
461,0,461,0
461,0,461,0
461,0,461,0
461,0,461,0
461,0,461,0
461,0,461,0
461,0,461,0
461,0,461,0
461,0,461,0
461,0,461,0
461,0,461,0
461,0,461,0
461,0,461,0
461,0,461,0
461,0,461,0
461,0,461,0
461,0,461,0
461,0,461,0
461,0,461,0
461,0,461,0
461,0,461,0
461,0,461,0
462,0,462,0
462,0,462,0
462,0,462,0
462,0,462,0
462,0,462,0
462,0,462,0
462,0,462,0
462,0,462,0
462,0,462,0
462,0,462,0
462,0,462,0
462,0,462,0
462,0,462,0
462,0,462,0
462,0,462,0
462,0,462,0
462,0,462,0
462,0,462,0
462,0,462,0
462,0,462,0
462,0,462,0
462,0,462,0
462,0,462,0
462,0,463,0
463,0,463,0
463,0,463,0
463,0,463,0
463,0,463,0
463,0,463,0
463,0,463,0
463,0,463,0
463,0,463,0
463,0,463,0
463,0,463,0
463,0,463,0
463,0,463,0
463,0,463,0
463,0,463,0
463,0,463,0
463,0,463,0
463,0,463,0
463,0,463,0
463,0,463,0
463,0,463,0
463,0,463,0
463,0,463,0
463,0,464,0
464,0,464,0
464,0,464,0
464,0,464,0
464,0,464,0
464,0,464,0
464,0,464,0
464,0,464,0
464,0,464,0
464,0,464,0
464,0,464,0
464,0,464,0
464,0,464,0
464,0,464,0
464,0,464,0
464,0,464,0
464,0,464,0
464,0,464,0
464,0,464,0
464,0,464,0
464,0,464,0
464,0,464,0
464,0,464,0
464,0,464,0
465,0,465,0
465,0,465,0
465,0,465,0
465,0,465,0
465,0,465,0
465,0,465,0
465,0,465,0
465,0,465,0
465,0,465,0
465,0,465,0
465,0,465,0
465,0,465,0
465,0,465,0
465,0,465,0
465,0,465,0
465,0,465,0
465,0,465,0
465,0,465,0
465,0,465,0
465,0,465,0
465,0,465,0
465,0,465,0
465,0,465,0
465,0,466,0
466,0,466,0
466,0,466,0
466,0,466,0
466,0,466,0
466,0,466,0
466,0,466,0
466,0,466,0
466,0,466,0
466,0,466,0
466,0,466,0
466,0,466,0
466,0,466,0
466,0,466,0
466,0,466,0
466,0,466,0
466,0,466,0
466,0,466,0
466,0,466,0
466,0,466,0
466,0,466,0
466,0,466,0
466,0,466,0
466,0,466,0
467,0,467,0
467,0,467,0
467,0,467,0
467,0,467,0
467,0,467,0
467,0,467,0
467,0,467,0
467,0,467,0
467,0,467,0
467,0,467,0
467,0,467,0
467,0,467,0
467,0,467,0
467,0,467,0
467,0,467,0
467,0,467,0
467,0,467,0
467,0,467,0
467,0,467,0
467,0,467,0
467,0,467,0
467,0,467,0
467,0,467,0
467,0,468,0
468,0,468,0
468,0,468,0
468,0,468,0
468,0,468,0
468,0,468,0
468,0,468,0
468,0,468,0
468,0,468,0
468,0,468,0
468,0,468,0
468,0,468,0
468,0,468,0
468,0,468,0
468,0,468,0
468,0,468,0
468,0,468,0
468,0,468,0
468,0,468,0
468,0,468,0
468,0,468,0
468,0,468,0
468,0,468,0
468,0,469,0
469,0,469,0
469,0,469,0
469,0,469,0
469,0,469,0
469,0,469,0
469,0,469,0
469,0,469,0
469,0,469,0
469,0,469,0
469,0,469,0
469,0,469,0
469,0,469,0
469,0,469,0
469,0,469,0
469,0,469,0
469,0,469,0
469,0,469,0
469,0,469,0
469,0,469,0
469,0,469,0
469,0,469,0
469,0,469,0
469,0,469,0
470,0,470,0
470,0,470,0
470,0,470,0
470,0,470,0
470,0,470,0
470,0,470,0
470,0,470,0
470,0,470,0
470,0,470,0
470,0,470,0
470,0,470,0
470,0,470,0
470,0,470,0
470,0,470,0
470,0,470,0
470,0,470,0
470,0,470,0
470,0,470,0
470,0,470,0
470,0,470,0
470,0,470,0
470,0,470,0
470,0,470,0
471,0,471,0
471,0,471,0
471,0,471,0
471,0,471,0
471,0,471,0
471,0,471,0
471,0,471,0
471,0,471,0
471,0,471,0
471,0,471,0
471,0,471,0
471,0,471,0
471,0,471,0
471,0,471,0
471,0,471,0
471,0,471,0
471,0,471,0
471,0,471,0
471,0,471,0
471,0,471,0
471,0,471,0
471,0,471,0
471,0,471,0
471,0,472,0
472,0,472,0
472,0,472,0
472,0,472,0
472,0,472,0
472,0,472,0
472,0,472,0
472,0,472,0
472,0,472,0
472,0,472,0
472,0,472,0
472,0,472,0
472,0,472,0
472,0,472,0
472,0,472,0
472,0,472,0
472,0,472,0
472,0,472,0
472,0,472,0
472,0,472,0
472,0,472,0
472,0,472,0
472,0,472,0
472,0,473,0
473,0,473,0
473,0,473,0
473,0,473,0
473,0,473,0
473,0,473,0
473,0,473,0
473,0,473,0
473,0,473,0
473,0,473,0
473,0,473,0
473,0,473,0
473,0,473,0
473,0,473,0
473,0,473,0
473,0,473,0
473,0,473,0
473,0,473,0
473,0,473,0
473,0,473,0
473,0,473,0
473,0,473,0
473,0,473,0
473,0,473,0
474,0,474,0
474,0,474,0
474,0,474,0
474,0,474,0
474,0,474,0
474,0,474,0
474,0,474,0
474,0,474,0
474,0,474,0
474,0,474,0
474,0,474,0
474,0,474,0
474,0,474,0
474,0,474,0
474,0,474,0
474,0,474,0
474,0,474,0
474,0,474,0
474,0,474,0
474,0,474,0
474,0,474,0
474,0,474,0
474,0,474,0
475,0,475,0
475,0,475,0
475,0,475,0
475,0,475,0
475,0,475,0
475,0,475,0
475,0,475,0
475,0,475,0
475,0,475,0
475,0,475,0
475,0,475,0
475,0,475,0
475,0,475,0
475,0,475,0
475,0,475,0
475,0,475,0
475,0,475,0
475,0,475,0
475,0,475,0
475,0,475,0
475,0,475,0
475,0,475,0
475,0,475,0
476,0,476,0
476,0,476,0
476,0,476,0
476,0,476,0
476,0,476,0
476,0,476,0
476,0,476,0
476,0,476,0
476,0,476,0
476,0,476,0
476,0,476,0
476,0,476,0
476,0,476,0
476,0,476,0
476,0,476,0
476,0,476,0
476,0,476,0
476,0,476,0
476,0,476,0
476,0,476,0
476,0,476,0
476,0,476,0
476,0,476,0
476,0,477,0
477,0,477,0
477,0,477,0
477,0,477,0
477,0,477,0
477,0,477,0
477,0,477,0
477,0,477,0
477,0,477,0
477,0,477,0
477,0,477,0
477,0,477,0
477,0,477,0
477,0,477,0
477,0,477,0
477,0,477,0
477,0,477,0
477,0,477,0
477,0,477,0
477,0,477,0
477,0,477,0
477,0,477,0
477,0,477,0
477,0,478,0
478,0,478,0
478,0,478,0
478,0,478,0
478,0,478,0
478,0,478,0
478,0,478,0
478,0,478,0
478,0,478,0
478,0,478,0
478,0,478,0
478,0,478,0
478,0,478,0
478,0,478,0
478,0,478,0
478,0,478,0
478,0,478,0
478,0,478,0
478,0,478,0
478,0,478,0
478,0,478,0
478,0,478,0
478,0,478,0
478,0,479,0
479,0,479,0
479,0,479,0
479,0,479,0
479,0,479,0
479,0,479,0
479,0,479,0
479,0,479,0
479,0,479,0
479,0,479,0
479,0,479,0
479,0,479,0
479,0,479,0
479,0,479,0
479,0,479,0
479,0,479,0
479,0,479,0
479,0,479,0
479,0,479,0
479,0,479,0
479,0,479,0
479,0,479,0
479,0,479,0
479,0,480,0
480,0,480,0
480,0,480,0
480,0,480,0
480,0,480,0
480,0,480,0
480,0,480,0
480,0,480,0
480,0,480,0
480,0,480,0
480,0,480,0
480,0,480,0
480,0,480,0
480,0,480,0
480,0,480,0
480,0,480,0
480,0,480,0
480,0,480,0
480,0,480,0
480,0,480,0
480,0,480,0
480,0,480,0
480,0,480,0
480,0,481,0
481,0,481,0
481,0,481,0
481,0,481,0
481,0,481,0
481,0,481,0
481,0,481,0
481,0,481,0
481,0,481,0
481,0,481,0
481,0,481,0
481,0,481,0
481,0,481,0
481,0,481,0
481,0,481,0
481,0,481,0
481,0,481,0
481,0,481,0
481,0,481,0
481,0,481,0
481,0,481,0
481,0,481,0
481,0,481,0
481,0,482,0
482,0,482,0
482,0,482,0
482,0,482,0
482,0,482,0
482,0,482,0
482,0,482,0
482,0,482,0
482,0,482,0
482,0,482,0
482,0,482,0
482,0,482,0
482,0,482,0
482,0,482,0
482,0,482,0
482,0,482,0
482,0,482,0
482,0,482,0
482,0,482,0
482,0,482,0
482,0,482,0
482,0,482,0
482,0,482,0
482,0,483,0
483,0,483,0
483,0,483,0
483,0,483,0
483,0,483,0
483,0,483,0
483,0,483,0
483,0,483,0
483,0,483,0
483,0,483,0
483,0,483,0
483,0,483,0
483,0,483,0
483,0,483,0
483,0,483,0
483,0,483,0
483,0,483,0
483,0,483,0
483,0,483,0
483,0,483,0
483,0,483,0
483,0,483,0
483,0,483,0
483,0,484,0
484,0,484,0
484,0,484,0
484,0,484,0
484,0,484,0
484,0,484,0
484,0,484,0
484,0,484,0
484,0,484,0
484,0,484,0
484,0,484,0
484,0,484,0
484,0,484,0
484,0,484,0
484,0,484,0
484,0,484,0
484,0,484,0
484,0,484,0
484,0,484,0
484,0,484,0
484,0,484,0
484,0,484,0
484,0,484,0
484,0,485,0
485,0,485,0
485,0,485,0
485,0,485,0
485,0,485,0
485,0,485,0
485,0,485,0
485,0,485,0
485,0,485,0
485,0,485,0
485,0,485,0
485,0,485,0
485,0,485,0
485,0,485,0
485,0,485,0
485,0,485,0
485,0,485,0
485,0,485,0
485,0,485,0
485,0,485,0
485,0,485,0
485,0,485,0
485,0,485,0
485,0,486,0
486,0,486,0
486,0,486,0
486,0,486,0
486,0,486,0
486,0,486,0
486,0,486,0
486,0,486,0
486,0,486,0
486,0,486,0
486,0,486,0
486,0,486,0
486,0,486,0
486,0,486,0
486,0,486,0
486,0,486,0
486,0,486,0
486,0,486,0
486,0,486,0
486,0,486,0
486,0,486,0
486,0,486,0
486,0,486,0
487,0,487,0
487,0,487,0
487,0,487,0
487,0,487,0
487,0,487,0
487,0,487,0
487,0,487,0
487,0,487,0
487,0,487,0
487,0,487,0
487,0,487,0
487,0,487,0
487,0,487,0
487,0,487,0
487,0,487,0
487,0,487,0
487,0,487,0
487,0,487,0
487,0,487,0
487,0,487,0
487,0,487,0
487,0,487,0
487,0,487,0
488,0,488,0
488,0,488,0
488,0,488,0
488,0,488,0
488,0,488,0
488,0,488,0
488,0,488,0
488,0,488,0
488,0,488,0
488,0,488,0
488,0,488,0
488,0,488,0
488,0,488,0
488,0,488,0
488,0,488,0
488,0,488,0
488,0,488,0
488,0,488,0
488,0,488,0
488,0,488,0
488,0,488,0
488,0,488,0
488,0,488,0
489,0,489,0
489,0,489,0
489,0,489,0
489,0,489,0
489,0,489,0
489,0,489,0
489,0,489,0
489,0,489,0
489,0,489,0
489,0,489,0
489,0,489,0
489,0,489,0
489,0,489,0
489,0,489,0
489,0,489,0
489,0,489,0
489,0,489,0
489,0,489,0
489,0,489,0
489,0,489,0
489,0,489,0
489,0,489,0
489,0,490,0
490,0,490,0
490,0,490,0
490,0,490,0
490,0,490,0
490,0,490,0
490,0,490,0
490,0,490,0
490,0,490,0
490,0,490,0
490,0,490,0
490,0,490,0
490,0,490,0
490,0,490,0
490,0,490,0
490,0,490,0
490,0,490,0
490,0,490,0
490,0,490,0
490,0,490,0
490,0,490,0
490,0,490,0
490,0,490,0
490,0,491,0
491,0,491,0
491,0,491,0
491,0,491,0
491,0,491,0
491,0,491,0
491,0,491,0
491,0,491,0
491,0,491,0
491,0,491,0
491,0,491,0
491,0,491,0
491,0,491,0
491,0,491,0
491,0,491,0
491,0,491,0
491,0,491,0
491,0,491,0
491,0,491,0
491,0,491,0
491,0,491,0
491,0,491,0
491,0,491,0
492,0,492,0
492,0,492,0
492,0,492,0
492,0,492,0
492,0,492,0
492,0,492,0
492,0,492,0
492,0,492,0
492,0,492,0
492,0,492,0
492,0,492,0
492,0,492,0
492,0,492,0
492,0,492,0
492,0,492,0
492,0,492,0
492,0,492,0
492,0,492,0
492,0,492,0
492,0,492,0
492,0,492,0
492,0,492,0
492,0,492,0
493,0,493,0
493,0,493,0
493,0,493,0
493,0,493,0
493,0,493,0
493,0,493,0
493,0,493,0
493,0,493,0
493,0,493,0
493,0,493,0
493,0,493,0
493,0,493,0
493,0,493,0
493,0,493,0
493,0,493,0
493,0,493,0
493,0,493,0
493,0,493,0
493,0,493,0
493,0,493,0
493,0,493,0
493,0,493,0
493,0,494,0
494,0,494,0
494,0,494,0
494,0,494,0
494,0,494,0
494,0,494,0
494,0,494,0
494,0,494,0
494,0,494,0
494,0,494,0
494,0,494,0
494,0,494,0
494,0,494,0
494,0,494,0
494,0,494,0
494,0,494,0
494,0,494,0
494,0,494,0
494,0,494,0
494,0,494,0
494,0,494,0
494,0,494,0
494,0,494,0
494,0,495,0
495,0,495,0
495,0,495,0
495,0,495,0
495,0,495,0
495,0,495,0
495,0,495,0
495,0,495,0
495,0,495,0
495,0,495,0
495,0,495,0
495,0,495,0
495,0,495,0
495,0,495,0
495,0,495,0
495,0,495,0
495,0,495,0
495,0,495,0
495,0,495,0
495,0,495,0
495,0,495,0
495,0,495,0
495,0,495,0
496,0,496,0
496,0,496,0
496,0,496,0
496,0,496,0
496,0,496,0
496,0,496,0
496,0,496,0
496,0,496,0
496,0,496,0
496,0,496,0
496,0,496,0
496,0,496,0
496,0,496,0
496,0,496,0
496,0,496,0
496,0,496,0
496,0,496,0
496,0,496,0
496,0,496,0
496,0,496,0
496,0,496,0
496,0,496,0
496,0,497,0
497,0,497,0
497,0,497,0
497,0,497,0
497,0,497,0
497,0,497,0
497,0,497,0
497,0,497,0
497,7130,497,4286
497,2855,497,1936
497,1656,497,1326
497,1014,497,1171
497,994,497,459
497,330,497,714
497,915,497,788
497,842,497,456
497,713,497,510
497,661,497,1172
497,1733,497,2829
497,4617,497,5668
497,8230,497,10634
497,13094,497,15119
497,16754,497,17574
497,18623,498,17805
498,15497,498,12376
498,11274,498,8897
498,5596,498,3674
498,3422,498,2319
498,1806,498,1017
498,1578,498,1577
498,1146,498,1680
498,1657,498,1836
498,1249,498,890
498,765,498,661
498,557,498,509
498,127,498,584
498,660,498,712
498,814,498,584
498,891,498,942
498,2294,498,3956
498,5770,498,6894
498,6331,498,5638
498,5254,498,5457
498,5615,498,5129
498,5389,498,6489
498,9430,498,11221
499,14193,499,16773
499,19183,499,20619
499,22079,499,23587
499,26608,499,27864
499,28066,499,29142
499,31653,499,30114
499,26889,499,24714
499,25194,499,22718
499,18727,499,16446
499,14194,499,10122
499,7080,499,5747
499,4878,499,4242
499,2473,499,1273
499,1045,499,1632
499,1556,499,2500
499,2626,499,1397
499,1934,499,2499
499,4694,499,5792
499,7129,499,9074
499,10919,499,12352
499,13861,499,14935
499,16267,499,15854
499,16292,500,17499
500,18953,500,18778
500,17856,500,17960
500,20312,500,21079
500,21670,500,22306
500,25049,500,26095
500,25150,500,24894
500,26610,500,26763
500,25429,500,23280
500,22920,500,20823
500,17315,500,13630
500,12479,500,10994
500,6953,500,3753
500,3267,500,2935
500,1964,500,1296
500,1450,500,1323
500,1145,500,864
500,786,500,687
500,637,500,943
500,941,500,533
500,865,500,842
500,736,500,610
500,508,500,890
501,2447,501,2676
501,2374,501,3393
501,5008,501,5952
501,6952,501,8819
501,11939,501,12400
501,12325,501,13711
501,16469,501,15678
501,13838,501,11225
501,11150,501,10563
501,7665,501,4211
501,3573,501,2652
501,1655,501,1450
501,1323,501,1068
501,789,501,612
501,483,501,840
501,944,501,710
501,508,501,687
501,481,501,305
501,457,501,354
501,483,501,532
501,634,501,610
501,813,501,969
501,1248,502,965
502,914,502,890
502,838,502,1423
502,2216,502,2803
502,3367,502,4543
502,6003,502,7024
502,8664,502,11965
502,13863,502,14858
502,18569,502,21797
502,21617,502,22489
502,24358,502,24946
502,24025,502,21771
502,21746,502,19954
502,15679,502,14449
502,14832,502,12555
502,9436,502,7105
502,6389,502,5619
502,3880,502,2472
502,1986,502,2244
502,1836,502,1428
502,1426,502,1783
502,1426,502,1170
502,1808,502,2217
503,2448,503,2804
503,3752,503,4369
503,4878,503,6105
503,9381,503,11764
503,13504,503,15780
503,19033,503,20080
503,19980,503,19493
503,21387,503,22312
503,21563,503,20876
503,20875,503,19825
503,19545,503,19491
503,20437,503,19673
503,17521,503,16164
503,15475,503,14656
503,12989,503,11812
503,10560,503,8949
503,6851,503,4854
503,3650,503,2756
503,2807,503,1836
503,941,503,1044
503,1146,503,507
503,661,503,661
503,509,504,431
504,533,504,406
504,532,504,764
504,893,504,814
504,507,504,330
504,814,504,533
504,457,504,888
504,2267,504,2090
504,3063,504,4416
504,5593,504,6694
504,8461,504,9816
504,11171,504,11429
504,11378,504,10510
504,9586,504,8638
504,6718,504,5648
504,5670,504,3956
504,2879,504,2015
504,1884,504,1068
504,607,504,559
504,635,504,968
504,585,504,458
504,738,504,713
504,482,504,380
505,559,505,611
505,713,505,915
505,838,505,941
505,713,505,507
505,688,505,712
505,838,505,992
505,1403,505,1859
505,3443,505,3829
505,4289,505,4514
505,4442,505,7181
505,9921,505,10433
505,12020,505,13403
505,15039,505,15553
505,16758,505,18624
505,21105,505,22743
505,21769,505,20338
505,20772,505,20185
505,19211,505,16981
505,16987,505,14604
505,11433,505,9638
505,8921,505,7897
505,6951,505,5518
505,4519,506,4391
506,3523,506,3498
506,2959,506,2246
506,1297,506,1810
506,1861,506,1503
506,1782,506,2167
506,2269,506,3089
506,4083,506,5467
506,9767,506,16985
506,25862,506,37487
506,48931,506,56427
506,59759,506,59273
506,59247,506,55254
506,46652,506,38284
506,35619,506,32859
506,27585,506,22390
506,21979,506,21056
506,16577,506,14166
506,14196,506,13810
506,11816,506,10281
506,9767,506,8334
506,8307,506,7638
506,7001,506,7412
507,5544,507,3420
507,2574,507,2573
507,2343,507,2342
507,1731,507,1783
507,1149,507,1041
507,2294,507,2165
507,3701,507,8813
507,20411,507,33360
507,49999,507,61244
507,64108,507,60092
507,58427,507,49186
507,38716,507,33547
507,27889,507,21721
507,19901,507,18671
507,16881,507,13452
507,13525,507,13758
507,14886,507,13861
507,13146,507,12939
507,13425,507,11507
507,10484,507,9459
507,8484,507,7230
507,6616,507,6029
507,5135,508,4289
508,3084,508,3166
508,1859,508,2015
508,1450,508,890
508,1247,508,863
508,788,508,1373
508,1807,508,2571
508,4236,508,6281
508,8998,508,12298
508,15700,508,18082
508,17291,508,15446
508,17191,508,16907
508,14194,508,12022
508,11917,508,12682
508,13070,508,12527
508,12221,508,12144
508,12478,508,12093
508,15909,508,17522
508,16221,508,16651
508,20618,508,22411
508,22765,508,24024
508,26300,508,26735
508,26019,508,24179
509,25122,509,23637
509,19572,509,16063
509,15754,509,13273
509,10304,509,8566
509,8151,509,6412
509,5289,509,5493
509,5723,509,5723
509,4493,509,5237
509,7691,509,6870
509,5058,509,5439
509,5746,509,5286
509,5365,509,4111
509,4443,509,6440
509,5878,509,6082
509,8202,509,9870
509,9717,509,10533
509,13883,509,16240
509,17135,509,16114
509,17980,509,19466
509,19726,509,18443
509,19645,509,19030
509,17957,509,17442
510,18113,510,16089
510,12046,510,10690
510,10048,510,7694
510,5899,510,5234
510,5621,510,5263
510,4367,510,3163
510,3138,510,2602
510,3345,510,3777
510,2065,510,2090
510,1425,510,1273
510,1578,510,1632
510,1657,510,1250
510,944,510,661
510,458,510,787
510,713,510,1045
510,634,510,1323
510,1241,510,1117
510,1530,510,2421
510,3443,510,3723
510,4208,510,6152
510,7358,510,10120
510,12552,510,12705
510,14628,511,15012
511,14681,511,13682
511,11891,511,8869
511,7334,511,7486
511,8024,511,7233
511,6513,511,4518
511,4722,511,5052
511,4596,511,4846
511,5363,511,4440
511,3087,511,3062
511,3574,511,2472
511,1605,511,1810
511,1708,511,1246
511,1043,511,1351
511,1403,511,1963
511,1834,511,1835
511,1937,511,3111
511,4008,511,3317
511,4876,511,5773
511,6178,511,6309
511,8690,511,9968
511,10433,511,11916
511,14322,511,14297
512,13192,512,13987
512,16084,512,16495
512,16703,512,16624
512,17368,512,18418
512,18650,512,18700
512,19850,512,20618
512,19877,512,19564
512,18801,512,17264
512,14680,512,14011
512,14547,512,11683
512,7209,512,5902
512,5443,512,4161
512,3524,512,2418
512,2930,512,2855
512,2396,512,1654
512,1604,512,2471
512,2370,512,2115
512,3469,512,4011
512,3419,512,4008
512,4364,512,4979
512,6107,512,6590
512,8483,512,8947
513,8638,513,9587
513,12148,513,12737
513,13120,513,13119
513,14932,513,15166
513,13630,513,12964
513,15754,513,15625
513,11891,513,11426
513,13370,513,12581
513,9101,513,7515
513,7155,513,5469
513,4470,513,2905
513,3215,513,3420
513,2397,513,1809
513,1805,513,2065
513,761,513,942
513,1322,513,710
513,993,513,736
513,967,513,941
513,1120,513,865
513,917,513,789
513,786,513,965
513,916,513,1375
513,1759,514,1529
514,2267,514,2393
514,2013,514,3034
514,3087,514,3572
514,3881,514,4799
514,6054,514,7434
514,7919,514,7591
514,8174,514,8049
514,7792,514,7589
514,7257,514,7383
514,7382,514,6309
514,5415,514,4057
514,3445,514,4035
514,5335,514,3725
514,2013,514,2858
514,3291,514,2728
514,1961,514,1552
514,1682,514,1373
514,1118,514,1934
514,1730,514,1299
514,2038,514,2421
514,2316,514,2399
514,2341,515,3293
515,4009,515,3319
515,3725,515,5647
515,7899,515,8230
515,8818,515,11452
515,14345,515,13939
515,13681,515,14831
515,17798,515,18315
515,17929,515,18851
515,19671,515,19440
515,18212,515,16959
515,16828,515,16168
515,15037,515,13760
515,14862,515,15374
515,13732,515,11379
515,11788,515,10484
515,7919,515,6770
515,8333,515,6619
515,4805,515,4187
515,3241,515,2806
515,2498,515,2527
515,2884,515,2449
515,1935,515,1453
516,2552,516,2852
516,2138,516,2575
516,3217,516,4138
516,5081,516,5363
516,5745,516,6437
516,6130,516,6284
516,7155,516,8921
516,8793,516,8970
516,11175,516,10968
516,9740,516,9100
516,9864,516,10098
516,9740,516,8713
516,8410,516,7438
516,5879,516,4849
516,4618,516,4240
516,3110,516,2397
516,2627,516,2014
516,1704,516,1679
516,1529,516,1269
516,1604,516,2522
516,1273,516,1325
516,431,516,839
517,1248,517,993
517,867,517,635
517,992,517,1095
517,1326,517,1223
517,968,517,1706
517,1501,517,1755
517,3059,517,5796
517,8666,517,12068
517,19133,517,23098
517,23689,517,21764
517,18902,517,17469
517,16422,517,13837
517,12735,517,12558
517,9920,517,7718
517,9281,517,10048
517,8358,517,7439
517,7437,517,6950
517,5055,517,4010
517,4470,517,3674
517,3136,517,3492
517,3421,517,2627
517,2498,517,2550
518,2088,518,2241
518,2577,518,1606
518,1169,518,1681
518,1991,518,2112
518,2602,518,3212
518,3674,518,3517
518,4697,518,5873
518,7771,518,10634
518,13761,518,13504
518,14961,518,15575
518,16395,518,15270
518,14399,518,15853
518,17521,518,16573
518,16780,518,15881
518,16549,518,16907
518,14632,518,14195
518,16269,518,15680
518,13887,518,12194
518,13780,518,13246
518,11073,518,9205
518,11046,518,12606
518,11176,518,9278
518,8387,519,7514
519,6363,519,5442
519,5028,519,4877
519,3853,519,3523
519,4210,519,3906
519,2931,519,3368
519,4211,519,4800
519,3751,519,3827
519,4699,519,4518
519,4699,519,5388
519,5155,519,6282
519,6566,519,6514
519,8870,519,8788
519,7411,519,7078
519,8613,519,8410
519,7642,519,7081
519,8285,519,8973
519,8792,519,8178
519,8463,519,7821
519,6081,519,5979
519,6542,519,6924
519,5696,519,4212
519,4773,520,4237
520,2908,520,2957
520,2602,520,2443
520,1910,520,1197
520,1732,520,1859
520,1679,520,2040
520,1959,520,1833
520,1375,520,1453
520,1527,520,1760
520,2092,520,2036
520,1985,520,2240
520,2449,520,2345
520,1986,520,2449
520,3036,520,2955
520,2831,520,2421
520,2319,520,3263
520,3881,520,3728
520,4392,520,5004
520,6646,520,7029
520,7333,520,8945
520,10868,520,10408
520,8535,520,8153
520,10765,521,11199
521,10403,521,9968
521,10740,521,11661
521,11074,521,10762
521,9869,521,8304
521,7204,521,6595
521,6669,521,5646
521,4646,521,5515
521,5847,521,5007
521,4773,521,4957
521,5132,521,6080
521,5749,521,4314
521,4773,521,5131
521,4647,521,4879
521,6080,521,6645
521,6234,521,6693
521,8205,521,7642
521,8589,521,9510
521,10842,521,10790
521,12046,521,13708
521,15037,521,15653
521,15809,521,15525
521,16239,521,15448
522,14783,522,13576
522,14272,522,13630
522,12147,522,12402
522,12656,522,11401
522,10023,522,9179
522,10791,522,10841
522,8970,522,7848
522,8101,522,6668
522,6203,522,6309
522,5769,522,5137
522,5237,522,5798
522,6210,522,5647
522,4649,522,3344
522,3446,522,3858
522,3112,522,2501
522,2931,522,3904
522,3293,522,3600
522,5540,522,6637
522,6565,522,7509
522,9253,522,9506
522,9224,522,8227
522,7229,522,6795
523,6519,523,6436
523,7177,523,6336
523,6491,523,5929
523,5468,523,5873
523,4980,523,4492
523,4900,523,4774
523,4566,523,2881
523,3724,523,4442
523,4496,523,3849
523,3338,523,3444
523,2883,523,2577
523,2040,523,1653
523,1989,523,2395
523,1912,523,2010
523,1912,523,1807
523,1858,523,2091
523,1503,523,2372
523,3468,523,4899
523,6485,523,8553
523,12630,523,13190
523,10629,523,10249
523,10786,523,8356
524,7155,524,5541
524,6157,524,7157
524,6618,524,5132
524,6388,524,7999
524,7767,524,7793
524,9177,524,8509
524,8308,524,7770
524,8078,524,8411
524,7310,524,5442
524,6463,524,7050
524,5542,524,4341
524,4134,524,4568
524,3549,524,3600
524,4622,524,3597
524,3317,524,3420
524,4031,524,3186
524,4004,524,6103
524,8730,524,13773
524,24805,524,37936
524,54042,524,63688
524,63666,524,56961
524,49435,524,38866
525,30010,525,24995
525,20925,525,18162
525,16549,525,15959
525,16751,525,16039
525,14602,525,14884
525,15725,525,16215
525,16140,525,15039
525,14422,525,14167
525,13504,525,13837
525,14448,525,13221
525,11580,525,12142
525,11738,525,10203
525,8974,525,7666
525,6742,525,5796
525,4727,525,3731
525,3955,525,3445
525,3082,525,4034
525,5133,525,4212
525,5362,525,6354
525,7559,525,8682
525,8023,525,7688
525,7560,525,5587
526,4056,526,4340
526,4136,526,3982
526,4388,526,4905
526,5210,526,4571
526,4776,526,4492
526,5771,526,6870
526,5872,526,6716
526,7511,526,6673
526,6795,526,7666
526,9377,526,8025
526,6618,526,6998
526,7208,526,6819
526,5413,526,4111
526,3986,526,3164
526,1909,526,1833
526,1884,526,2217
526,786,526,1270
526,1527,526,1299
526,1247,526,1474
526,1474,526,1834
526,2420,526,2034
526,2266,526,2064
527,2013,527,2856
527,2860,527,1960
527,2269,527,1986
527,2831,527,2805
527,2472,527,2680
527,4263,527,5080
527,4802,527,5106
527,6383,527,6975
527,6414,527,6563
527,8586,527,8361
527,7462,527,7925
527,8230,527,7309
527,6439,527,5825
527,6848,527,6515
527,5517,527,5955
527,6930,527,7464
527,6081,527,6465
527,6848,527,6260
527,4903,527,4214
527,4570,527,4441
527,4033,527,3856
527,4671,527,4620
528,4340,528,4111
528,3979,528,4414
528,4523,528,4135
528,5797,528,5622
528,5492,528,5363
528,5772,528,7334
528,7616,528,7307
528,9560,528,11788
528,11379,528,12403
528,14501,528,14292
528,14215,528,14221
528,15369,528,13864
528,11351,528,10124
528,11430,528,11964
528,10251,528,8077
528,7695,528,7744
528,7027,528,7154
528,7538,528,7233
528,5928,528,5287
528,5054,528,3724
528,4007,528,4138
528,3958,528,4110
529,3572,529,3265
529,4752,529,4494
529,4237,529,3701
529,4568,529,4515
529,8277,529,18642
529,46049,529,106261
529,203285,529,328727
529,447128,529,519320
529,531172,529,493673
529,440010,529,379133
529,321843,529,268854
529,226846,529,192054
529,162590,529,139451
529,124043,529,108576
529,96240,529,84747
529,76501,529,67953
529,61114,529,50598
529,44682,529,41226
529,39049,529,34905
529,32421,529,28936
529,25254,529,22077
529,21056,529,19878
530,17779,530,14530
530,13607,530,12043
530,9458,530,9434
530,8436,530,8076
530,8053,530,10354
530,17647,530,31877
530,59392,530,94415
530,129180,530,151628
530,157108,530,148994
530,137836,530,120300
530,104200,530,85741
530,73505,530,65158
530,56863,530,48265
530,45497,530,41992
530,35899,530,31519
530,31521,530,30142
530,27890,530,25712
530,26351,530,28684
530,29270,530,31011
530,36439,530,37798
530,39334,530,38281
530,37435,531,34184
531,30551,531,24584
531,19544,531,15091
531,10663,531,6898
531,5339,531,3317
531,2958,531,3163
531,4824,531,7434
531,10249,531,15366
531,19876,531,26705
531,28607,531,28530
531,28630,531,26736
531,23332,531,22128
531,20666,531,19824
531,17418,531,15090
531,15704,531,16268
531,14937,531,13069
531,14167,531,14090
531,12865,531,13094
531,16214,531,16397
531,16625,531,18111
531,20465,531,20339
531,19211,531,19901
531,19826,532,19082
532,16855,532,14605
532,13399,532,10430
532,8536,532,6438
532,5775,532,4881
532,3751,532,3929
532,4207,532,4059
532,4185,532,4419
532,5848,532,6363
532,5974,532,6592
532,6132,532,6287
532,5234,532,3290
532,3109,532,2631
532,1889,532,1273
532,1477,532,888
532,584,532,1348
532,2089,532,2318
532,4210,532,5541
532,8049,532,9509
532,12069,532,14502
532,19133,532,21363
532,21081,532,20747
532,21158,533,18493
533,15805,533,13709
533,12656,533,11814
533,8690,533,5438
533,5414,533,5054
533,4775,533,3981
533,4187,533,2958
533,3063,533,3058
533,4391,533,3265
533,2806,533,2598
533,2600,533,3751
533,3523,533,2527
533,3240,533,3059
533,2907,533,1732
533,1449,533,2040
533,2396,533,1194
533,2449,533,2833
533,3088,533,4007
533,4900,533,5977
533,7105,533,8204
533,10684,533,13553
533,13455,533,14013
533,15655,534,14858
534,12172,534,10457
534,10173,534,9535
534,8488,534,7972
534,10915,534,10612
534,10661,534,12710
534,16292,534,17783
534,18417,534,17753
534,18930,534,18396
534,15369,534,12787
534,10992,534,9714
534,6823,534,3803
534,2934,534,2066
534,1274,534,1194
534,994,534,839
534,1144,534,2347
534,2855,534,1681
534,1812,534,3524
534,5541,534,6390
534,6694,534,7155
534,8049,534,8770
534,8512,534,8922
535,10021,535,11249
535,10682,535,9582
535,10633,535,9509
535,8562,535,9612
535,11020,535,11351
535,10198,535,11118
535,12070,535,12454
535,11891,535,10457
535,11786,535,11913
535,9920,535,8869
535,9641,535,8639
535,6949,535,4979
535,4313,535,4163
535,3705,535,2527
535,2422,535,1860
535,1349,535,1168
535,1294,535,1579
535,1580,535,1018
535,1400,535,2035
535,2296,535,2705
535,2219,535,2089
535,2091,535,2602
536,2981,536,2935
536,2040,536,2423
536,2423,536,2833
536,3727,536,3804
536,5258,536,7181
536,10225,536,11992
536,15194,536,16114
536,15016,536,15422
536,16904,536,15575
536,13068,536,12531
536,11276,536,8485
536,7001,536,4723
536,4289,536,3367
536,2474,536,2068
536,1576,536,1171
536,1475,536,1631
536,1832,536,2369
536,2730,536,1576
536,1987,536,1988
536,1528,536,2371
536,3240,536,2934
536,2526,536,3622
537,4007,537,3904
537,3931,537,4005
537,4336,537,3292
537,3930,537,4954
537,6158,537,8103
537,9765,537,10324
537,12457,537,14833
537,15805,537,15474
537,16293,537,16523
537,15418,537,14424
537,14092,537,13143
537,11991,537,11021
537,11123,537,10227
537,10152,537,11200
537,12095,537,10660
537,9917,537,9611
537,10868,537,9691
537,7846,537,7283
537,7285,537,6362
537,5800,537,4931
537,3805,537,2447
537,1503,538,1477
538,1835,538,2269
538,1939,538,1527
538,1348,538,2372
538,2832,538,3471
538,4264,538,4265
538,5850,538,7976
538,9944,538,11585
538,10325,538,11195
538,13400,538,12451
538,9842,538,9947
538,11714,538,11021
538,9381,538,10457
538,11173,538,9791
538,8488,538,8765
538,8384,538,7413
538,6975,538,7333
538,7184,538,6386
538,5545,538,4751
538,4572,538,4721
538,4139,538,2983
538,3549,538,3446
538,2498,539,2090
539,2576,539,1886
539,1832,539,1882
539,1960,539,1577
539,1760,539,1962
539,2626,539,3442
539,2779,539,3777
539,4391,539,4413
539,5260,539,5411
539,4722,539,4416
539,3061,539,3062
539,4645,539,4520
539,4623,539,6208
539,7641,539,7796
539,7615,539,7820
539,10838,539,11812
539,11943,539,11915
539,12015,539,11685
539,11380,539,9920
539,8357,539,6486
539,6106,539,5544
539,5079,539,4135
540,3930,540,2756
540,1934,540,1706
540,2216,540,2091
540,1732,540,1631
540,1708,540,2525
540,2806,540,2679
540,2422,540,2397
540,3601,540,3368
540,4392,540,5002
540,5335,540,5006
540,4778,540,5569
540,5543,540,5108
540,5415,540,4466
540,5031,540,6466
540,7129,540,7794
540,10256,540,11585
540,12095,540,13371
540,14116,540,13756
540,13246,540,13804
540,13809,540,12199
540,11914,540,10382
540,9691,541,8461
541,6647,541,6237
541,6490,541,6900
541,6925,541,5644
541,6667,541,5977
541,5286,541,5514
541,6515,541,5949
541,5361,541,5184
541,5508,541,4874
541,3160,541,3982
541,5131,541,3751
541,2521,541,2192
541,3289,541,3750
541,3086,541,4572
541,5306,541,4417
541,4544,541,5649
541,7385,541,9636
541,9997,541,10664
541,11303,541,11328
541,11916,541,10892
541,11481,541,11532
541,9844,541,9433
541,10355,542,9150
542,7618,542,6746
542,7180,542,6054
542,5668,542,5414
542,4776,542,4060
542,4291,542,4416
542,4054,542,3929
542,4366,542,3419
542,3573,542,3801
542,3754,542,2700
542,2473,542,2395
542,1935,542,1577
542,1835,542,1937
542,2040,542,1965
542,1833,542,2015
542,2652,542,3114
542,3367,542,3854
542,3573,542,3498
542,4314,542,4852
542,4265,542,4339
542,4622,542,4648
542,5236,542,6436
543,8458,543,9969
543,9872,543,7745
543,8205,543,9151
543,9255,543,9767
543,10505,543,10327
543,8739,543,9123
543,9791,543,8026
543,7077,543,6052
543,5057,543,4107
543,3010,543,3366
543,4466,543,3650
543,2526,543,2241
543,3060,543,2165
543,1349,543,2398
543,4008,543,3392
543,3289,543,3343
543,4057,543,5392
543,6463,543,6515
543,6385,543,6465
543,7029,543,6928
543,7566,543,8050
543,8127,544,7691
544,9330,544,9842
544,10407,544,9770
544,10662,544,11481
544,11353,544,11610
544,12682,544,11510
544,12605,544,11531
544,11606,544,11276
544,9741,544,8152
544,9328,544,8666
544,6823,544,6869
544,7487,544,6440
544,5390,544,5235
544,6435,544,6211
544,5615,544,4211
544,3803,544,4033
544,3983,544,3547
544,4058,544,3678
544,3547,544,3597
544,3114,544,3038
544,3217,544,2650
544,3514,544,4162
544,3979,545,4646
545,6156,545,7743
545,9201,545,9025
545,9561,545,11300
545,10534,545,11074
545,12940,545,12730
545,13346,545,13348
545,14502,545,14220
545,12502,545,12708
545,13219,545,11094
545,7566,545,6795
545,7565,545,6723
545,5004,545,4417
545,4671,545,4315
545,4394,545,4572
545,3935,545,3626
545,4186,545,2754
545,3113,545,4214
545,3907,545,4340
545,4287,545,5514
545,4927,545,4131
545,5258,545,4977
546,4572,546,4263
546,5261,546,4878
546,4341,546,4313
546,4976,546,5569
546,5516,546,6387
546,7489,546,7335
546,6308,546,7460
546,8842,546,11043
546,9483,546,9177
546,10430,546,9970
546,9561,546,8280
546,8639,546,9102
546,10022,546,9433
546,9434,546,8334
546,6518,546,5544
546,6083,546,6516
546,5412,546,4418
546,5489,546,4491
546,3752,546,4801
546,6025,546,5439
546,4672,546,4183
546,5054,547,4285
547,4084,547,4338
547,4366,547,4696
547,5489,547,4979
547,6128,547,7152
547,7104,547,7359
547,8818,547,9433
547,9661,547,10813
547,11992,547,11224
547,10326,547,10814
547,14066,547,13122
547,11530,547,11354
547,12349,547,11838
547,10918,547,11306
547,11277,547,11429
547,10920,547,8742
547,8945,547,8869
547,9125,547,8561
547,8409,547,7102
547,5771,547,6411
547,6920,547,6998
547,6284,547,5461
548,6746,548,7206
548,5747,548,4338
548,5231,548,5206
548,4364,548,3622
548,4440,548,4547
548,3291,548,2804
548,3601,548,3954
548,4133,548,4188
548,4748,548,5468
548,5546,548,5898
548,7127,548,6593
548,6748,548,6773
548,8511,548,9377
548,10332,548,9665
548,9146,548,8565
548,8845,548,7386
548,7103,548,6054
548,5875,548,4879
548,5213,548,6435
548,7514,548,6844
548,6845,548,6948
548,7431,549,9248
549,10376,549,8967
549,6743,549,6154
549,6258,549,5491
549,4699,549,3289
549,4057,549,3394
549,3318,549,3570
549,3470,549,3033
549,3524,549,3700
549,4546,549,4341
549,4289,549,4160
549,4211,549,5544
549,6720,549,5564
549,5927,549,6437
549,5955,549,4778
549,6359,549,6643
549,6613,549,7078
549,7156,549,7259
549,5925,549,6032
549,7923,549,8566
549,9231,549,12857
549,17342,549,21408
550,24247,550,24837
550,23406,550,18368
550,15780,550,14883
550,13095,550,11097
550,9204,550,7283
550,6182,550,5723
550,4779,550,4597
550,5493,550,5437
550,4596,550,4089
550,4265,550,4440
550,4675,550,5082
550,6333,550,6028
550,6078,550,7693
550,10224,550,10763
550,10329,550,9615
550,9843,550,10533
550,9663,550,8744
550,9921,550,10254
550,10534,550,11354
550,15114,550,19621
550,24480,550,33330
550,48185,551,62778
551,72706,551,74344
551,66878,551,56942
551,45115,551,33957
551,26222,551,20563
551,15807,551,11584
551,11455,551,10762
551,9997,551,8920
551,8436,551,7487
551,6695,551,6156
551,6077,551,7462
551,7155,551,6030
551,6437,551,5697
551,5365,551,5029
551,5237,551,5799
551,5342,551,4932
551,6696,551,7082
551,5159,551,4084
551,5004,551,5593
551,5496,551,5849
551,7101,551,8686
551,9739,551,11939
552,17799,552,23174
552,21641,552,20103
552,20766,552,17673
552,12449,552,10353
552,9893,552,8998
552,7716,552,6667
552,5999,552,5233
552,4878,552,5462
552,5158,552,4339
552,3599,552,3674
552,3750,552,3800
552,3624,552,3700
552,3957,552,4210
552,5622,552,5773
552,4417,552,3986
552,3394,552,3367
552,4314,552,4264
552,3215,552,3013
552,2881,552,2394
552,2317,552,2832
552,4414,552,5105
552,6129,553,7843
553,8512,553,9663
553,9713,553,9099
553,9792,553,9128
553,8307,553,7461
553,8892,553,9303
553,7410,553,6130
553,7665,553,9199
553,7361,553,7232
553,8258,553,9151
553,8588,553,7919
553,8382,553,7743
553,6799,553,6798
553,6003,553,4522
553,4981,553,5164
553,4853,553,4394
553,3368,553,3162
553,3647,553,3723
553,3036,553,2319
553,3060,553,4262
553,3626,553,2751
553,5158,553,6108
554,5134,554,4471
554,5596,554,7256
554,7919,554,7617
554,7642,554,8665
554,8666,554,8435
554,9026,554,9687
554,7768,554,7359
554,8509,554,7642
554,6848,554,7179
554,8003,554,6361
554,4800,554,5569
554,6617,554,7104
554,7128,554,7514
554,8157,554,6950
554,6235,554,5902
554,5902,554,4979
554,4241,554,3396
554,3957,554,3468
554,2754,554,2907
554,4237,554,4902
554,4753,554,4184
554,4367,555,4107
555,3240,555,3341
555,4750,555,4698
555,3448,555,3979
555,4287,555,4800
555,5309,555,5414
555,6383,555,5852
555,5003,555,5694
555,6383,555,6975
555,6103,555,6822
555,8226,555,7667
555,6131,555,5955
555,6460,555,5956
555,5621,555,5004
555,4673,555,4877
555,4751,555,5851
555,5825,555,5083
555,4342,555,4416
555,4976,555,4902
555,4211,555,4237
555,4594,555,3570
555,2958,555,2753
556,3365,556,3929
556,3781,556,3879
556,3366,556,3600
556,4057,556,3803
556,4112,556,3905
556,3574,556,3521
556,3137,556,3544
556,4771,556,4238
556,4699,556,5746
556,5261,556,5132
556,5644,556,6107
556,5390,556,5260
556,6108,556,5798
556,6155,556,7309
556,8230,556,7102
556,4776,556,4620
556,6310,556,5877
556,5132,556,5032
556,6207,556,6081
556,7027,556,6642
556,6512,556,6337
556,5005,557,3930
557,3595,557,4494
557,4365,557,4162
557,4827,557,4799
557,3800,557,4082
557,4135,557,4339
557,4156,557,4825
557,5666,557,6050
557,6516,557,5770
557,5722,557,5254
557,4669,557,5823
557,7819,557,8075
557,6949,557,6719
557,7309,557,7666
557,8536,557,6569
557,6852,557,7718
557,7536,557,6693
557,6417,557,6720
557,5109,557,4800
557,5796,557,6667
557,6106,557,5341
557,7461,558,6976
558,5542,558,4750
558,5799,558,5823
558,5133,558,4519
558,5571,558,5184
558,3957,558,4241
558,4007,558,3955
558,3418,558,3393
558,3597,558,2882
558,2447,558,3319
558,4878,558,3700
558,2958,558,3034
558,4366,558,4619
558,4364,558,5056
558,4981,558,3723
558,3370,558,4801
558,5444,558,4877
558,5518,558,6130
558,6772,558,5545
558,3677,558,3777
558,5058,558,5028
558,4750,558,5362
559,5416,559,5136
559,4310,559,4261
559,5209,559,5672
559,5719,559,4212
559,4313,559,4008
559,3009,559,3548
559,4267,559,3550
559,4137,559,4110
559,3803,559,4210
559,4337,559,4082
559,4671,559,3596
559,3367,559,4057
559,5056,559,4849
559,5031,559,4519
559,5081,559,4648
559,3854,559,4111
559,4929,559,4645
559,4495,559,4162
559,3984,559,4601
559,4469,559,5977
559,7076,559,5235
559,4648,560,5518
560,7129,560,7665
560,7154,560,7414
560,7749,560,6824
560,5034,560,5592
560,6464,560,5541
560,5670,560,5438
560,5720,560,5161
560,5544,560,6056
560,5900,560,4854
560,4287,560,6358
560,7538,560,6567
560,4751,560,5515
560,7897,560,8847
560,8743,560,9457
560,11583,560,12630
560,13325,560,15524
560,20643,560,24152
560,28424,560,31009
560,37511,560,43271
560,42652,560,39274
560,39147,560,37973
561,37179,561,34722
561,35976,561,33745
561,29579,561,27326
561,28550,561,27273
561,24813,561,22820
561,22844,561,21716
561,20050,561,18824
561,18030,561,16344
561,16932,561,15703
561,15371,561,13605
561,13095,561,14092
561,14246,561,12913
561,13016,561,12171
561,12607,561,14735
561,15196,561,14194
561,13452,561,12404
561,12097,561,12863
561,13066,561,13016
561,12784,561,14399
561,19929,561,18878
561,16368,561,15240
562,15784,562,15905
562,14140,562,15779
562,16040,562,14603
562,14270,562,13400
562,13736,562,14041
562,13401,562,13276
562,13117,562,14218
562,14472,562,15067
562,17751,562,17394
562,13532,562,12733
562,14885,562,14887
562,13783,562,13166
562,13092,562,11688
562,8565,562,7465
562,8996,562,9537
562,9099,562,8332
562,8152,562,7613
562,6847,562,6233
562,7514,562,8794
562,8002,562,7054
562,8000,562,9691
562,8026,563,6697
563,8716,563,9380
563,8564,563,9022
563,9791,563,8461
563,6569,563,7564
563,9943,563,8870
563,7512,563,8587
563,10430,563,10380
563,9410,563,9767
563,11120,563,11866
563,10277,563,8512
563,9508,563,10484
563,9331,563,8971
563,10252,563,10865
563,8508,563,8253
563,8510,563,6772
563,6619,563,6158
563,6053,563,5109
563,4698,563,4802
563,5416,563,5465
563,4980,563,5643
563,6208,564,6337
564,4570,564,5002
564,5722,564,6668
564,5669,564,4674
564,5132,564,6233
564,6005,564,4570
564,5441,564,5494
564,4541,564,4646
564,7156,564,7409
564,7411,564,7564
564,7230,564,8001
564,9280,564,8308
564,8462,564,10126
564,9358,564,6847
564,8384,564,8873
564,7409,564,6541
564,6055,564,5544
564,4752,564,3885
564,4186,564,4084
564,4443,564,3545
564,3980,564,5056
564,4290,564,4032
565,4903,565,4518
565,3801,565,3570
565,5337,565,4774
565,3956,565,3295
565,3266,565,3724
565,3905,565,4341
565,4466,565,4598
565,5365,565,6641
565,6846,565,6260
565,5002,565,4465
565,5130,565,6030
565,6978,565,7462
565,9304,565,8845
565,8637,565,9842
565,11482,565,11327
565,9818,565,7283
565,7360,565,7947
565,8563,565,7872
565,6644,565,6080
565,5979,565,6694
565,7433,565,6747
566,6412,566,5362
566,6027,566,5592
566,4315,566,3496
566,3930,566,4596
566,3981,566,3676
566,4365,566,3750
566,3239,566,3268
566,3265,566,3599
566,4773,566,4084
566,4417,566,4391
566,5418,566,5774
566,5209,566,5440
566,5671,566,6492
566,6566,566,7336
566,7284,566,7101
566,7233,566,6877
566,5594,566,5365
566,5902,566,5724
566,4493,566,4748
566,6160,566,7818
566,7743,566,8027
566,8105,567,8636
567,8718,567,8690
567,8126,567,7408
567,7592,567,7232
567,7208,567,6872
567,5441,567,4929
567,5470,567,5595
567,5361,567,5132
567,6719,567,6207
567,3880,567,3956
567,5850,567,6286
567,5260,567,3907
567,3700,567,3830
567,4800,567,4721
567,4904,567,4035
567,3549,567,4442
567,6263,567,5698
567,4240,567,4214
567,4318,567,5696
567,6286,567,5108
567,6690,567,7027
567,6720,568,6768
568,8637,568,10230
568,9739,568,7971
568,7103,568,6591
568,5391,568,5005
568,6081,568,6004
568,5262,568,6103
568,7434,568,6974
568,5850,568,5828
568,7897,568,7872
568,7132,568,6107
568,6464,568,6644
568,6492,568,5723
568,5645,568,5975
568,4496,568,4877
568,5596,568,5567
568,5030,568,4854
568,4977,568,5076
568,4235,568,4442
568,4133,568,4566
568,5108,568,5388
568,6666,569,5616
569,6748,569,8154
569,7465,569,6134
569,5978,569,5568
569,5645,569,5697
569,5721,569,6078
569,7307,569,7588
569,8127,569,7130
569,6490,569,6897
569,6998,569,6923
569,5979,569,5515
569,5389,569,5873
569,5746,569,5722
569,6538,569,6208
569,5386,569,5030
569,5388,569,4393
569,3087,569,3778
569,5467,569,4543
569,4107,569,4034
569,3828,569,4289
569,4262,569,3804
569,4699,569,6024
570,6439,570,7897
570,8024,570,6850
570,5798,570,5262
570,5541,570,6847
570,7107,570,7358
570,7489,570,6974
570,7302,570,6207
570,6284,570,7156
570,8254,570,7360
570,7976,570,8511
570,9098,570,8153
570,7027,570,6105
570,8022,570,7080
570,6211,570,6358
570,6696,570,6079
570,5260,570,4827
570,6437,570,6233
570,4876,570,4952
570,5134,570,3523
570,3934,570,5669
570,6258,570,5904
571,5593,571,5312
571,5872,571,6307
571,6617,571,6234
571,6948,571,6259
571,4980,571,5486
571,6284,571,6235
571,5850,571,5797
571,7337,571,6492
571,5415,571,5621
571,7124,571,7642
571,6388,571,5773
571,6874,571,5746
571,5265,571,5492
571,5671,571,5031
571,5160,571,4446
571,4850,571,4878
571,4594,571,4851
571,5131,571,4877
571,5211,571,5492
571,4897,571,4646
571,6972,571,9120
572,11171,572,12856
572,13734,572,13755
572,12758,572,9636
572,8383,572,9583
572,9201,572,7176
572,5900,572,6181
572,7157,572,6362
572,5340,572,5592
572,6772,572,7308
572,5900,572,6332
572,6947,572,6491
572,6057,572,5465
572,5620,572,5416
572,6773,572,6849
572,7488,572,6974
572,4903,572,4263
572,4828,572,4722
572,4085,572,4981
572,5080,572,4415
572,4210,572,5770
572,7413,572,7639
573,9300,573,11784
573,12270,573,12040
573,10813,573,9431
573,8689,573,8335
573,7512,573,7848
573,9457,573,7644
573,6976,573,7974
573,8203,573,7154
573,7513,573,7384
573,7053,573,5439
573,5798,573,6975
573,8743,573,8895
573,7616,573,6721
573,7587,573,8357
573,7512,573,6516
573,6539,573,6770
573,6796,573,5646
573,6539,573,8027
573,6899,573,5671
573,6412,573,6363
573,6441,573,6078
574,8022,574,9051
574,8694,574,8231
574,7411,574,7438
574,7387,574,6844
574,6129,574,7459
574,8740,574,8743
574,8253,574,7538
574,6770,574,6590
574,8307,574,9691
574,8716,574,8921
574,9741,574,10327
574,9403,574,8226
574,7408,574,7158
574,7462,574,7104
574,6820,574,7893
574,6056,574,6463
574,8078,574,7541
574,6387,574,6082
574,7513,574,8103
574,7285,574,5900
574,5824,574,6160
575,6821,575,6925
575,7669,575,8716
575,7077,575,8076
575,9174,575,10734
575,13656,575,18720
575,22538,575,20847
575,18873,575,16524
575,15165,575,13166
575,12603,575,13683
575,13859,575,10787
575,10454,575,11096
575,8971,575,6718
575,7028,575,8100
575,8872,575,7052
575,6590,575,6511
575,7102,575,6720
575,6230,575,5185
575,6360,575,6643
575,6079,575,5852
575,4951,575,3779
575,3883,575,3982
575,4263,576,5520
576,6260,576,6337
576,6947,576,6794
576,6566,576,7158
576,8945,576,9255
576,8715,576,8764
576,8690,576,7873
576,7593,576,7026
576,7463,576,8487
576,7970,576,6261
576,5338,576,6567
576,7539,576,6541
576,4852,576,4208
576,3908,576,5060
576,6256,576,5823
576,4825,576,5134
576,4978,576,5081
576,5106,576,4313
576,5595,576,5700
576,5315,576,5776
576,5978,576,5441
576,4497,577,5393
577,6258,577,5928
577,5823,577,6591
577,6797,577,7282
577,7227,577,6872
577,7716,577,7104
577,7872,577,6595
577,6768,577,6360
577,6260,577,6492
577,7104,577,6927
577,6746,577,7233
577,7923,577,7819
577,6541,577,5104
577,5619,577,7081
577,6161,577,4137
577,4623,577,5394
577,5749,577,4470
577,4111,577,4318
577,4315,577,4595
577,5870,577,4445
577,2754,577,3726
577,6285,578,5389
578,3394,578,3778
578,4956,578,5698
578,5748,578,4802
578,4491,578,4519
578,4595,578,5007
578,5363,578,6078
578,5336,578,6285
578,7409,578,7208
578,6182,578,6263
578,5797,578,5827
578,5387,578,4905
578,5237,578,5541
578,4622,578,4059
578,5289,578,4496
578,3419,578,4160
578,5185,578,3495
578,4850,578,5750
578,6410,578,5465
578,5513,578,4722
578,4900,578,4080
578,4417,579,4956
579,4748,579,4367
579,5747,579,4390
579,3881,579,4878
579,5750,579,5618
579,5771,579,5134
579,5953,579,6132
579,7204,579,6998
579,6693,579,7514
579,7233,579,6205
579,5411,579,4647
579,5184,579,5365
579,4137,579,4135
579,5389,579,5619
579,5006,579,4213
579,5590,579,7281
579,5724,579,4470
579,5413,579,5263
579,4774,579,5160
579,6180,579,5846
579,5057,579,4647
580,5439,580,6489
580,5801,580,5770
580,5719,580,5621
580,5978,580,5543
580,6438,580,5568
580,5161,580,4853
580,5975,580,5309
580,5185,580,4954
580,6363,580,6770
580,6439,580,5980
580,7129,580,7154
580,7412,580,7846
580,8282,580,8359
580,7104,580,6566
580,6696,580,6769
580,5746,580,5904
580,6004,580,5824
580,5747,580,4826
580,5568,580,5773
580,6005,580,5927
580,6107,580,6388
581,5672,581,5929
581,5569,581,5415
581,4495,581,4111
581,4312,581,3216
581,3648,581,5541
581,7131,581,7946
581,7947,581,7794
581,10198,581,10484
581,9716,581,8895
581,7822,581,7719
581,6642,581,6386
581,6281,581,6335
581,4853,581,3624
581,4444,581,5773
581,6080,581,5726
581,6414,581,8000
581,6724,581,5137
581,6185,581,5597
581,5059,581,6644
581,10099,581,14451
581,14989,581,17086
582,17365,582,15909
582,13096,582,11303
582,10146,582,8614
582,7871,582,7561
582,7488,582,7436
582,6975,582,7589
582,7306,582,8024
582,8384,582,8509
582,7794,582,6668
582,6234,582,5878
582,5974,582,5644
582,5081,582,4621
582,4441,582,4466
582,4186,582,3933
582,4440,582,5209
582,4903,582,4340
582,5211,582,4391
582,4567,582,4494
582,4980,582,5186
582,6566,582,7205
582,8284,582,9457
583,9948,583,9152
583,8844,583,7927
583,6410,583,5439
583,5673,583,5160
583,5850,583,5569
583,5236,583,6385
583,6387,583,5566
583,6261,583,6287
583,6871,583,6617
583,8333,583,7641
583,5904,583,5798
583,6948,583,6466
583,6360,583,7049
583,6769,583,4618
583,4750,583,5773
583,6387,583,6669
583,7335,583,7159
583,6901,583,6130
583,5416,583,5953
583,6747,583,7075
583,5847,583,4776
584,4776,584,4903
584,5593,584,4721
584,6335,584,5897
584,5289,584,5876
584,6386,584,6364
584,5595,584,6388
584,6076,584,5721
584,5694,584,6234
584,6615,584,6233
584,5058,584,4723
584,5851,584,5467
584,3956,584,3292
584,3854,584,4674
584,4290,584,3909
584,4803,584,4827
584,4650,584,4749
584,5006,584,4418
584,3955,584,3521
584,4290,584,3829
584,3116,584,3242
584,4084,584,5008
585,4827,585,4343
585,4723,585,5672
585,5519,585,4059
585,4978,585,5338
585,4215,585,4215
585,6103,585,5207
585,3854,585,3776
585,5059,585,5820
585,6669,585,5698
585,6209,585,7078
585,6363,585,6079
585,6824,585,6441
585,5953,585,4850
585,5007,585,4699
585,4899,585,3702
585,4315,585,4906
585,4625,585,3499
585,3852,585,3444
585,2780,585,2549
585,3444,585,3728
585,4186,586,4008
586,4187,586,4545
586,3525,586,3548
586,4904,586,4546
586,4109,586,4213
586,4675,586,4854
586,5030,586,4875
586,4726,586,4749
586,4570,586,4186
586,4902,586,4698
586,4367,586,5797
586,6462,586,6029
586,5337,586,4288
586,5390,586,5160
586,4471,586,5135
586,6083,586,5673
586,4953,586,4903
586,4849,586,4879
586,4750,586,3828
586,4469,586,4341
586,4598,586,3778
586,3802,587,3596
587,3471,587,4649
587,4953,587,4137
587,4420,587,5309
587,6081,587,5516
587,4569,587,4822
587,6541,587,6437
587,6077,587,7051
587,9303,587,11755
587,13937,587,13499
587,12120,587,11096
587,10605,587,9763
587,8049,587,7745
587,7079,587,7205
587,7896,587,7280
587,5773,587,5747
587,6337,587,5623
587,4059,587,4317
587,5494,587,5571
587,4828,587,4085
587,5877,587,6848
587,5262,588,3699
588,4031,588,4393
588,4443,588,6236
588,5955,588,4035
588,4288,588,5213
588,5849,588,4700
588,4288,588,5157
588,6336,588,8513
588,9563,588,9943
588,10326,588,8585
588,7664,588,7947
588,7411,588,7184
588,6109,588,7180
588,7924,588,6697
588,7309,588,8670
588,7719,588,6232
588,5388,588,5161
588,5802,588,5875
588,4649,588,4392
588,4619,588,4724
588,3546,588,4749
589,5647,589,5772
589,4978,589,5083
589,6027,589,5594
589,4982,589,4697
589,4595,589,4955
589,5982,589,5540
589,5517,589,5288
589,4954,589,5313
589,6105,589,5518
589,4906,589,6182
589,7311,589,6950
589,5977,589,5540
589,6311,589,5390
589,4392,589,4775
589,5211,589,5183
589,5571,589,5774
589,5259,589,4366
589,4675,589,5108
589,4212,589,3725
589,4983,589,4572
589,4495,589,5030
590,5468,590,5339
590,4951,590,5822
590,5442,590,4877
590,4981,590,4342
590,3342,590,4110
590,4900,590,5568
590,5030,590,4673
590,5055,590,5364
590,5723,590,6258
590,6055,590,6183
590,4979,590,4312
590,4648,590,5313
590,5159,590,5136
590,6467,590,6260
590,4623,590,3496
590,4061,590,4521
590,3904,590,3805
590,3879,590,4368
590,3727,590,3956
590,4981,590,4492
590,3780,591,4417
591,6055,591,6798
591,5263,591,4238
591,4931,591,5060
591,4826,591,4625
591,6541,591,5898
591,4826,591,5208
591,5158,591,4622
591,4597,591,5979
591,6746,591,6490
591,5083,591,4747
591,5617,591,5826
591,4722,591,5744
591,6847,591,5928
591,3828,591,4418
591,5109,591,5618
591,4291,591,4442
591,5005,591,4776
591,2600,591,3338
591,4161,591,4593
591,3905,591,3778
591,4621,592,4340
592,3166,592,3190
592,4186,592,3723
592,2731,592,3090
592,3984,592,3906
592,3958,592,4265
592,4597,592,4775
592,3674,592,3953
592,4392,592,4621
592,3959,592,4164
592,4571,592,4392
592,3702,592,2550
592,4415,592,5490
592,3855,592,3652
592,4776,592,5462
592,4981,592,3700
592,3060,592,2676
592,3091,592,3421
592,3139,592,3290
592,3213,592,3266
592,3422,592,3880
593,3421,593,3211
593,3569,593,3519
593,2573,593,2624
593,3468,593,4009
593,4394,593,4800
593,5056,593,4085
593,3494,593,3955
593,5487,593,5259
593,5006,593,4803
593,5417,593,6207
593,5365,593,4929
593,6388,593,6643
593,5722,593,4543
593,4059,593,3368
593,3906,593,3675
593,3470,593,4083
593,3647,593,3344
593,4366,593,3728
593,3805,593,4186
593,4365,593,3267
593,3191,593,4059
594,5134,594,4674
594,3443,594,4007
594,5104,594,3673
594,3496,594,3522
594,3805,594,4133
594,4058,594,4287
594,4264,594,3317
594,3342,594,4189
594,5061,594,4800
594,4619,594,5545
594,6364,594,5722
594,5109,594,3883
594,3518,594,4108
594,4444,594,5006
594,5157,594,5645
594,4060,594,3419
594,3314,594,4292
594,3906,594,4084
594,4161,594,4059
594,3573,594,4265
594,4344,595,4468
595,4159,595,4156
595,5207,595,5311
595,4341,595,3828
595,4875,595,5490
595,4360,595,4162
595,5240,595,5386
595,5413,595,5028
595,5184,595,5542
595,5775,595,5646
595,6591,595,5722
595,5771,595,6514
595,6564,595,5465
595,4265,595,4520
595,4748,595,3853
595,3728,595,4008
595,5491,595,4926
595,4164,595,3801
595,4340,595,4392
595,4647,595,3804
595,4209,595,4106
596,4341,596,3420
596,4058,596,4186
596,4903,596,4060
596,3751,596,3804
596,3497,596,3624
596,4060,596,4544
596,4187,596,4340
596,5665,596,5568
596,5591,596,5364
596,6666,596,7104
596,6285,596,6566
596,7230,596,7129
596,5950,596,4007
596,4058,596,4853
596,4293,596,4569
596,4725,596,4625
596,3933,596,4187
596,4801,596,4931
596,4263,596,5057
596,6125,596,5289
596,4518,596,3854
597,5439,597,7156
597,7080,597,4800
597,5310,597,6284
597,6412,597,6692
597,6564,597,7232
597,6488,597,6564
597,7332,597,6258
597,5360,597,5977
597,7664,597,7537
597,6617,597,8050
597,7845,597,9125
597,8178,597,6767
597,7743,597,7616
597,5720,597,4596
597,5617,597,6564
597,5826,597,4979
597,4519,597,5235
597,4775,597,4700
597,4572,597,5672
597,5468,597,6437
597,5851,598,5312
598,5462,598,6722
598,6360,598,5160
598,4901,598,7102
598,7869,598,6669
598,5416,598,4442
598,5109,598,6106
598,5618,598,6078
598,5821,598,5002
598,6667,598,6565
598,5414,598,5617
598,5823,598,5646
598,6286,598,6897
598,6002,598,4442
598,4673,598,4567
598,3934,598,4494
598,5183,598,4057
598,4418,598,4393
598,5006,598,3856
598,3089,598,3393
598,3750,598,3674
599,3420,599,3854
599,5079,599,5619
599,4082,599,3981
599,5721,599,5309
599,5056,599,6179
599,7922,599,7845
599,6769,599,6463
599,6745,599,6743
599,5976,599,6641
599,7231,599,6971
599,7152,599,7640
599,8147,599,8614
599,7459,599,6669
599,7282,599,5899
599,4367,599,4979
599,7569,599,9022
599,9969,599,14221
599,18598,599,24688
599,31140,599,36287
599,38411,599,40687
599,43812,599,44448
600,44275,600,42633
600,38871,600,37591
600,35570,600,31576
600,33265,600,34368
600,33211,600,30349
600,30528,600,32214
600,30319,600,27812
600,24538,600,21259
600,21005,600,18240
600,16040,600,16115
600,16781,600,15423
600,13528,600,13452
600,14733,600,13632
600,10765,600,9510
600,10945,600,10970
600,11145,600,10305
600,11276,600,11863
600,11404,600,12839
600,15043,600,16292
600,19315,600,21897
600,22874,601,21642
601,19825,601,17854
601,18626,601,18316
601,17038,601,16371
601,15137,601,13375
601,14118,601,12865
601,12883,601,12938
601,13601,601,13580
601,13550,601,12710
601,12045,601,10841
601,11887,601,12046
601,11047,601,10410
601,9815,601,9539
601,8512,601,8181
601,8896,601,9998
601,8847,601,8180
601,7694,601,6566
601,7125,601,7842
601,8639,601,7642
601,7128,601,7233
601,7847,601,7307
602,6977,602,7566
602,7107,602,7308
602,7258,602,6488
602,5440,602,4881
602,4544,602,5161
602,6054,602,6979
602,7030,602,7562
602,6693,602,5673
602,6519,602,6338
602,6131,602,5185
602,5055,602,5440
602,6107,602,6467
602,6158,602,6207
602,6720,602,5876
602,5442,602,5135
602,4801,602,4724
602,4288,602,2779
602,3754,602,4929
602,4521,602,4494
602,6338,602,6618
602,6284,603,6258
603,5233,603,4670
603,6030,603,6796
603,5828,603,5748
603,5694,603,4926
603,5903,603,6055
603,5930,603,5184
603,5234,603,5954
603,6591,603,6259
603,7923,603,8127
603,6310,603,5772
603,6745,603,6057
603,5623,603,5185
603,6080,603,6004
603,5803,603,5517
603,4649,603,4416
603,5107,603,6440
603,6696,603,5674
603,6103,603,6512
603,9098,603,13653
603,16189,603,19623
604,22538,604,21488
604,17572,604,14398
604,14115,604,12328
604,9790,604,7949
604,8969,604,9200
604,7951,604,7106
604,7385,604,8078
604,8078,604,7694
604,8534,604,7973
604,8254,604,7158
604,8204,604,8051
604,7437,604,5927
604,6235,604,6822
604,6771,604,6595
604,6569,604,5878
604,4723,604,5208
604,6694,604,7619
604,7463,604,6898
604,8795,604,11536
604,13861,604,15397
604,18645,605,19594
605,18775,605,17418
605,17545,605,14834
605,11634,605,10326
605,10918,605,10712
605,8919,605,7284
605,9716,605,8843
605,6770,605,7790
605,9409,605,7844
605,6847,605,7360
605,7821,605,7127
605,6157,605,6386
605,5850,605,6462
605,7001,605,6948
605,7104,605,6235
605,5545,605,6207
605,6103,605,4904
605,5133,605,5926
605,6156,605,4623
605,4264,605,5928
605,7666,605,7872
606,7004,606,6159
606,7793,606,7360
606,5877,606,5083
606,5668,606,5926
606,5106,606,3907
606,5208,606,5798
606,5388,606,6257
606,6078,606,4979
606,3344,606,4444
606,6975,606,6183
606,5952,606,5390
606,5797,606,4899
606,4796,606,5672
606,5031,606,4317
606,4266,606,5160
606,5415,606,5363
606,4599,606,3085
606,4394,606,4825
606,4239,606,3317
606,4035,606,3983
606,4240,607,4470
607,3981,607,3982
607,3651,607,3648
607,4624,607,5234
607,5187,607,4624
607,5979,607,6620
607,6513,607,5899
607,6847,607,6619
607,6492,607,7205
607,7056,607,7361
607,8642,607,6694
607,5923,607,6233
607,5618,607,5441
607,5412,607,4952
607,4748,607,4980
607,6031,607,5954
607,5699,607,4799
607,5492,607,5468
607,4467,607,2804
607,4136,607,4802
607,3471,607,2705
608,4445,608,4007
608,3006,608,2549
608,3675,608,4111
608,4343,608,4008
608,3933,608,4853
608,4952,608,4596
608,4748,608,5105
608,5311,608,5336
608,5720,608,6309
608,4930,608,4801
608,6592,608,6874
608,6385,608,5414
608,5744,608,5566
608,4519,608,4545
608,5649,608,5519
608,4649,608,4314
608,7435,608,7564
608,4597,608,3165
608,5285,608,4470
608,3471,608,3498
608,3906,609,4010
609,4700,609,4469
609,3443,609,2625
609,3598,609,3853
609,3343,609,3243
609,3447,609,3445
609,3369,609,4493
609,5745,609,6103
609,6103,609,5925
609,4849,609,5949
609,7050,609,6514
609,5721,609,4853
609,5542,609,5466
609,4162,609,4467
609,4878,609,4393
609,3882,609,3777
609,4803,609,5900
609,5135,609,3625
609,4185,609,4340
609,5083,609,4390
609,4213,609,4032
610,4137,610,4316
610,4571,610,4112
610,3857,610,4111
610,4930,610,4314
610,3189,610,3700
610,4904,610,4825
610,3909,610,3879
610,5488,610,5004
610,4108,610,4237
610,4439,610,4365
610,4289,610,3803
610,3851,610,4211
610,3929,610,3316
610,4237,610,4416
610,2935,610,2932
610,3979,610,4774
610,4313,610,3752
610,4646,610,3879
610,3803,610,5083
610,5238,610,3955
610,3775,611,3598
611,4495,611,4726
611,4519,611,3984
611,4213,611,4697
611,4598,611,4623
611,5104,611,5105
611,5133,611,4492
611,4747,611,5107
611,4161,611,4365
611,4845,611,4133
611,4417,611,5262
611,5898,611,5312
611,4388,611,4133
611,5238,611,4726
611,3882,611,3648
611,3725,611,3598
611,3523,611,3162
611,3445,611,3551
611,3012,611,3395
611,4419,611,4391
611,3902,611,4289
612,4521,612,4828
612,4316,612,5826
612,6259,612,4265
612,3805,612,3852
612,3700,612,4647
612,4060,612,3289
612,3594,612,4622
612,4700,612,4594
612,5161,612,4571
612,3651,612,3448
612,4928,612,5213
612,4082,612,4238
612,5286,612,3908
612,3933,612,4057
612,4213,612,3723
612,3470,612,3265
612,2449,612,3188
612,4060,612,4265
612,3242,612,2832
612,2702,612,2498
613,3036,613,3163
613,2706,613,3114
613,4212,613,3444
613,2782,613,2576
613,3267,613,3550
613,3958,613,3396
613,4492,613,3855
613,3547,613,3674
613,4440,613,5006
613,4928,613,4083
613,4443,613,5437
613,4828,613,5518
613,6592,613,5234
613,3754,613,4160
613,5033,613,5056
613,3827,613,3550
613,3880,613,3519
613,2600,613,3367
613,4290,613,3677
613,3113,613,3417
613,4112,614,3294
614,3242,614,3140
614,3087,614,3876
614,4113,614,3137
614,3419,614,4081
614,4623,614,5287
614,4367,614,3597
614,4700,614,5006
614,5057,614,4316
614,4163,614,4184
614,5363,614,5977
614,5772,614,5774
614,6795,614,8358
614,7921,614,7279
614,7153,614,7077
614,6464,614,5950
614,6309,614,5879
614,5392,614,5593
614,5646,614,4850
614,4877,614,4366
614,4774,614,4646
615,3929,615,4929
615,5365,615,4442
615,3598,615,3188
615,3932,615,4723
615,5746,615,6155
615,5874,615,5007
615,5673,615,4802
615,4184,615,3671
615,5007,615,4364
615,3905,615,4877
615,4955,615,4799
615,5796,615,5642
615,4570,615,3343
615,4236,615,5516
615,4877,615,4236
615,4364,615,4236
615,4443,615,4340
615,4650,615,5109
615,5623,615,5215
615,4364,615,4776
615,5388,616,4138
616,3085,616,3112
616,3727,616,4161
616,4136,616,4003
616,3597,616,4112
616,5006,616,4160
616,3756,616,3494
616,3598,616,3750
616,4110,616,4850
616,4494,616,3726
616,3215,616,3368
616,3389,616,2628
616,2934,616,2216
616,2371,616,3188
616,3292,616,2753
616,2885,616,3011
616,3600,616,3445
616,3930,616,4031
616,3115,616,2805
616,3445,616,4238
616,4313,617,3675
617,2931,617,3523
617,3748,617,4980
617,4674,617,4032
617,3138,617,3700
617,5157,617,4979
617,4009,617,3213
617,3573,617,4087
617,4082,617,4163
617,4699,617,4057
617,3472,617,3650
617,4337,617,5365
617,4726,617,4213
617,4852,617,4672
617,4164,617,3113
617,3830,617,4031
617,3473,617,3262
617,3802,617,3701
617,3595,617,4059
617,4441,617,4801
617,4288,617,3623
618,3853,618,4572
618,3753,618,4138
618,5162,618,4289
618,3523,618,4137
618,5158,618,5825
618,5645,618,5442
618,7001,618,6540
618,5339,618,4596
618,5132,618,5724
618,4903,618,3671
618,5055,618,5106
618,5466,618,4488
618,4469,618,4828
618,4031,618,4927
618,5003,618,4493
618,4698,618,4107
618,4006,618,3882
618,2732,618,2704
618,3265,618,4983
618,4545,618,2855
619,3035,619,4085
619,4495,619,3728
619,4442,619,4239
619,4264,619,3701
619,4624,619,5238
619,3750,619,5080
619,5799,619,6539
619,6385,619,6155
619,5719,619,6339
619,6773,619,6181
619,7026,619,7001
619,6109,619,5312
619,5569,619,4647
619,3317,619,3190
619,3778,619,4315
619,3599,619,4161
619,4109,619,3521
619,2780,619,3471
619,4239,619,3852
619,4083,619,3341
619,3468,620,2956
620,3752,620,3622
620,4597,620,4543
620,4543,620,4217
620,3880,620,3675
620,3851,620,3802
620,4646,620,5466
620,4800,620,4240
620,4415,620,4594
620,4693,620,3879
620,3955,620,4545
620,4621,620,4496
620,4853,620,5697
620,5366,620,5673
620,5850,620,5416
620,4162,620,2808
620,3626,620,3497
620,3287,620,3007
620,4723,620,5262
620,3931,620,3496
620,4851,621,4672
621,3700,621,3546
621,4031,621,4389
621,4955,621,6411
621,6001,621,5439
621,4646,621,5059
621,5773,621,6411
621,6185,621,7617
621,8614,621,7974
621,7281,621,7105
621,7975,621,6772
621,6181,621,6488
621,6133,621,5362
621,5697,621,5337
621,6157,621,5799
621,5161,621,5030
621,5951,621,5006
621,5749,621,5545
621,4699,621,3777
621,4956,621,5494
621,5951,621,5109
622,4364,622,4442
622,5700,622,4753
622,3804,622,4136
622,4977,622,4545
622,4162,622,3906
622,4927,622,3805
622,4698,622,5669
622,5873,622,5665
622,5695,622,6235
622,5718,622,5951
622,5722,622,5513
622,5995,622,6611
622,5260,622,4976
622,5666,622,5975
622,5464,622,5109
622,5081,622,4724
622,3959,622,3802
622,4900,622,5055
622,4722,622,4261
622,4980,622,4186
623,3855,623,3700
623,3521,623,3832
623,5261,623,5212
623,5155,623,5309
623,4699,623,4189
623,4283,623,5363
623,5619,623,5388
623,6691,623,7561
623,6667,623,6918
623,7612,623,7361
623,7205,623,7233
623,8384,623,8307
623,7434,623,6410
623,7819,623,8818
623,8098,623,6541
623,6620,623,7102
623,7590,623,7510
623,6719,623,5108
623,5028,623,4798
623,4879,623,5311
623,5211,624,6058
624,6721,624,6644
624,5467,624,5467
624,6054,624,5595
624,5469,624,5415
624,6665,624,6512
624,6590,624,7589
624,8155,624,7387
624,6259,624,7103
624,9688,624,10276
624,8741,624,6414
624,6540,624,6207
624,6565,624,6823
624,7511,624,6363
624,5338,624,5619
624,5234,624,4187
624,4900,624,4591
624,4265,624,5212
624,5007,624,4163
624,5289,624,5107
624,3879,625,4286
625,4111,625,3931
625,4570,625,4520
625,5208,625,6309
625,4880,625,4978
625,5132,625,5516
625,6364,625,8715
625,10840,625,12424
625,13473,625,14242
625,16622,625,15753
625,16726,625,14703
625,11197,625,8765
625,6488,625,5825
625,6590,625,6593
625,6135,625,5852
625,5464,625,6003
625,5719,625,4624
625,4494,625,4213
625,3574,625,4035
625,4320,625,3674
625,3472,625,4546
626,5363,626,5366
626,5594,626,6079
626,6844,626,6387
626,6723,626,6770
626,7872,626,7568
626,6949,626,8126
626,7640,626,7821
626,7895,626,7304
626,8992,626,10196
626,9406,626,8307
626,7744,626,6541
626,5951,626,5490
626,5544,626,5673
626,5519,626,6283
626,6596,626,5926
626,4827,626,4289
626,4466,626,4543
626,4906,626,5286
626,4982,626,4956
626,4595,626,5847
627,7256,627,6542
627,5263,627,4570
627,5874,627,5847
627,6673,627,5465
627,5566,627,5390
627,4724,627,4802
627,5722,627,5184
627,7459,627,10067
627,13446,627,15415
627,15413,627,16386
627,15725,627,13346
627,11837,627,11581
627,11142,627,10326
627,8073,627,8049
627,8358,627,7974
627,7078,627,6134
627,5238,627,4595
627,5188,627,4753
627,5644,627,5258
627,4699,627,4623
628,5672,628,5722
628,5263,628,4390
628,4445,628,5009
628,4316,628,4420
628,5309,628,4750
628,3545,628,3752
628,4572,628,5314
628,4598,628,6382
628,9097,628,10685
628,9816,628,8281
628,9299,628,10378
628,8664,628,7848
628,7922,628,6183
628,4851,628,6282
628,5846,628,5261
628,4213,628,4519
628,5314,628,4773
628,3702,628,3853
628,4491,628,3983
628,3625,628,4110
629,5133,629,4468
629,4875,629,4747
629,4799,629,5338
629,3881,629,3598
629,5822,629,6051
629,5648,629,6129
629,6874,629,8260
629,6974,629,5699
629,5645,629,5540
629,5745,629,6179
629,7589,629,6923
629,5341,629,5465
629,6310,629,6158
629,4929,629,3702
629,4213,629,4671
629,3599,629,2857
629,3188,629,3191
629,3904,629,4673
629,5366,629,4952
629,4057,629,4545
629,4877,630,4008
630,4213,630,4723
630,4160,630,2882
630,3190,630,3827
630,4341,630,5263
630,5543,630,5156
630,5260,630,5902
630,5238,630,5030
630,5590,630,5414
630,4468,630,4161
630,4134,630,5060
630,5031,630,3985
630,3957,630,4930
630,4699,630,4234
630,4645,630,5539
630,5188,630,4855
630,5112,630,4549
630,3520,630,3802
630,6105,630,5899
630,4571,630,4137
630,4290,631,3186
631,3110,631,3111
631,3858,631,4985
631,3806,631,4210
631,6003,631,5162
631,4494,631,5235
631,6104,631,5871
631,4902,631,4390
631,4493,631,5469
631,4957,631,5033
631,7026,631,7388
631,6002,631,5187
631,6005,631,6211
631,4905,631,4418
631,5237,631,4672
631,4465,631,4109
631,5285,631,5211
631,3829,631,3725
631,4188,631,4111
631,4264,631,3856
631,3752,632,3214
632,3495,632,4264
632,4980,632,4162
632,3342,632,3598
632,5340,632,6800
632,8280,632,10639
632,13506,632,17290
632,18365,632,18290
632,18980,632,19342
632,15911,632,14319
632,13863,632,9742
632,7872,632,8407
632,8408,632,7768
632,6926,632,6229
632,7564,632,7436
632,5596,632,4418
632,4037,632,3855
632,4754,632,5008
632,4901,632,4672
632,4261,632,4468
632,4951,633,4009
633,3576,633,3985
633,4316,633,3804
633,3242,633,3522
633,4596,633,4699
633,3368,633,3419
633,5518,633,7337
633,8206,633,7793
633,8127,633,8746
633,8232,633,5824
633,5489,633,6003
633,5849,633,5796
633,6258,633,5903
633,5364,633,4645
633,4777,633,4367
633,4417,633,3980
633,4596,633,4239
633,4061,633,4162
633,4319,633,4086
633,3420,633,3266
633,5335,634,5646
634,3958,634,2729
634,4438,634,4495
634,4266,634,4977
634,4979,634,4189
634,3728,634,4291
634,5133,634,4287
634,4418,634,4058
634,4416,634,4649
634,3446,634,2935
634,3651,634,3548
634,3442,634,4262
634,5083,634,4111
634,2882,634,2450
634,4010,634,4515
634,4058,634,4159
634,4750,634,4392
634,3960,634,3345
634,3343,634,3138
634,3522,634,3928
634,4622,635,4495
635,3343,635,4161
635,4414,635,4006
635,3804,635,4673
635,5312,635,4491
635,3904,635,3935
635,3755,635,3341
635,4209,635,4926
635,5518,635,3929
635,4698,635,5417
635,5441,635,4749
635,4828,635,3855
635,4823,635,5160
635,4648,635,4672
635,4079,635,3497
635,4009,635,4624
635,4673,635,4365
635,4726,635,3932
635,4235,635,4441
635,3519,635,4162
635,4676,636,5672
636,5877,636,5363
636,5055,636,5208
636,5082,636,4979
636,5902,636,5849
636,5621,636,5106
636,6870,636,5902
636,5031,636,6693
636,7178,636,6745
636,5368,636,5208
636,6746,636,7303
636,4928,636,3830
636,4883,636,3958
636,3930,636,5262
636,6977,636,6467
636,5059,636,4647
636,4215,636,4006
636,4165,636,4086
636,4878,636,5388
636,4776,636,4723
636,5543,637,4749
637,2959,637,4113
637,5183,637,5157
637,4672,637,4623
637,6543,637,10864
637,22769,637,38921
637,69669,637,107706
637,131488,637,144186
637,145106,637,131768
637,115567,637,97874
637,85281,637,73072
637,59888,637,51415
637,45042,637,38592
637,30941,637,26562
637,24795,637,21666
637,19313,637,16934
637,15833,637,14274
637,12710,637,11201
637,10455,637,10509
637,9100,637,6106
637,6003,638,6389
638,6647,638,6209
638,5672,638,5747
638,5415,638,5441
638,5693,638,7079
638,11198,638,17675
638,25688,638,34749
638,50416,638,60147
638,60500,638,53972
638,43786,638,37128
638,32828,638,30245
638,26660,638,23230
638,20340,638,19291
638,17857,638,13759
638,12148,638,11223
638,11072,638,10869
638,11228,638,10407
638,8562,638,7132
638,7107,638,8101
638,9331,638,8816
638,9127,639,8360
639,9129,639,9971
639,12144,639,12045
639,9896,639,8539
639,8000,639,7258
639,6158,639,5029
639,5492,639,7946
639,10329,639,11021
639,11968,639,11970
639,11452,639,8767
639,8403,639,7614
639,6564,639,6437
639,7847,639,8280
639,6413,639,5491
639,5315,639,5546
639,5905,639,6490
639,6567,639,5776
639,5571,639,5799
639,6211,639,6440
639,5339,639,5598
639,5694,640,5643
640,6234,640,6209
640,5879,640,6263
640,6466,640,6595
640,6130,640,5750
640,5057,640,5085
640,4339,640,3519
640,3345,640,4392
640,5161,640,4803
640,4519,640,4698
640,5414,640,4696
640,4388,640,4851
640,4721,640,4416
640,4162,640,5547
640,7639,640,7258
640,5776,640,4443
640,5571,640,5415
640,3678,640,2830
640,3574,640,2579
640,2066,640,2346
640,3292,641,2293
641,2652,641,2627
641,4649,641,5569
641,5495,641,6108
641,8002,641,9588
641,10178,641,11301
641,14166,641,15830
641,15983,641,16549
641,17060,641,15087
641,12476,641,10303
641,10276,641,8874
641,5898,641,5233
641,5287,641,4802
641,3497,641,3497
641,4878,641,4211
641,4647,641,4467
641,3701,641,3523
641,2832,641,2447
641,2704,641,2421
641,1989,641,2526
641,3035,642,2676
642,2323,642,3367
642,3882,642,3803
642,3930,642,5187
642,5517,642,5517
642,5620,642,6489
642,7844,642,9278
642,8588,642,7361
642,6665,642,8691
642,9279,642,8410
642,8382,642,8156
642,6850,642,5848
642,7203,642,7663
642,7258,642,5978
642,6692,642,7078
642,6822,642,6799
642,6441,642,6234
642,5826,642,5927
642,5979,642,4547
642,3065,642,3932
642,4059,643,3648
643,3343,643,3699
643,2806,643,2016
643,1707,643,1630
643,2063,643,3086
643,3703,643,3984
643,6260,643,9052
643,10762,643,10458
643,10355,643,9817
643,7743,643,6565
643,7999,643,7793
643,8257,643,7844
643,7796,643,6716
643,5849,643,5899
643,7181,643,6849
643,6542,643,6699
643,7538,643,6207
643,6107,643,5006
643,3751,643,4572
643,5465,643,4138
643,3391,644,3061
644,3932,644,4468
644,4110,644,3831
644,3167,644,2371
644,2674,644,2676
644,2472,644,3701
644,4315,644,5135
644,6081,644,5262
644,5951,644,5977
644,5340,644,4339
644,4725,644,5007
644,5952,644,5592
644,4314,644,3442
644,4084,644,3853
644,4005,644,4924
644,5033,644,4696
644,5158,644,5644
644,5444,644,5721
644,6183,644,6900
644,6389,644,6641
645,7952,645,8411
645,6954,645,6212
645,6592,645,6029
645,5392,645,5464
645,4441,645,4035
645,3699,645,4134
645,4110,645,4518
645,4113,645,4649
645,5262,645,4952
645,5390,645,5848
645,6718,645,7536
645,6588,645,5030
645,6334,645,6104
645,5179,645,5490
645,6333,645,5954
645,6667,645,6950
645,6975,645,6007
645,5313,645,5237
645,6543,645,6310
645,5361,645,6105
646,8000,646,7363
646,6027,646,5977
646,7282,646,8052
646,7893,646,7103
646,7081,646,7154
646,6541,646,8584
646,11890,646,12067
646,10530,646,10016
646,9892,646,8538
646,7873,646,8435
646,10251,646,9691
646,9253,646,8178
646,9380,646,8174
646,5931,646,6058
646,6031,646,5848
646,5672,646,5132
646,4976,646,3418
646,3805,646,4340
646,3905,646,4826
646,4369,646,4496
647,4903,647,4829
647,5877,647,6924
647,7515,647,5902
647,5745,647,6285
647,6388,647,6413
647,7721,647,8689
647,10865,647,11531
647,10840,647,9508
647,9201,647,9843
647,10252,647,9535
647,11096,647,10967
647,11632,647,10150
647,9199,647,8509
647,7820,647,6744
647,6260,647,6489
647,6590,647,6515
647,5081,647,3803
647,3112,647,4497
647,5083,647,4573
647,4085,648,4036
648,3779,648,3884
648,4291,648,5003
648,5236,648,4879
648,5060,648,4929
648,5388,648,5590
648,5108,648,5673
648,6237,648,4160
648,4365,648,4520
648,4694,648,6078
648,6491,648,6719
648,8332,648,8430
648,7638,648,6208
648,7152,648,8712
648,9403,648,7382
648,7437,648,8507
648,8122,648,7513
648,7591,648,6515
648,5439,648,4672
648,5288,648,5210
648,3958,649,2756
649,3218,649,3546
649,3087,649,2475
649,3675,649,4441
649,4105,649,4187
649,4210,649,4340
649,3958,649,3496
649,4343,649,5209
649,4643,649,4619
649,4313,649,5206
649,5568,649,4978
649,5826,649,5004
649,4906,649,4623
649,4394,649,4289
649,4749,649,4930
649,6053,649,6643
649,7512,649,7746
649,6928,649,5876
649,5387,649,5823
649,5624,649,3906
649,3367,650,4493
650,4979,650,4188
650,3547,650,2524
650,2881,650,4058
650,4264,650,4057
650,4291,650,3931
650,4317,650,4240
650,3704,650,3933
650,4035,650,4265
650,3928,650,4033
650,4136,650,2908
650,2422,650,2908
650,3088,650,2704
650,2678,650,2753
650,2525,650,2856
650,3882,650,3982
650,4286,650,4290
650,4338,650,4057
650,3828,650,4492
650,4570,650,4622
651,4801,651,4902
651,4925,651,4493
651,5057,651,4543
651,5593,651,4879
651,3367,651,3138
651,3163,651,3009
651,3468,651,2781
651,3293,651,3367
651,4415,651,4847
651,4748,651,4134
651,3365,651,3572
651,4621,651,4237
651,2628,651,3060
651,4517,651,3649
651,2218,651,3063
651,3446,651,3136
651,3061,651,3340
651,4778,651,3444
651,2955,651,3389
651,3902,651,3265
652,2754,652,3291
652,3880,652,3114
652,2448,652,2781
652,3801,652,3828
652,3316,652,4010
652,3701,652,4545
652,5389,652,5058
652,4621,652,5436
652,5336,652,5515
652,5722,652,6233
652,5439,652,5695
652,5874,652,5695
652,5901,652,6640
652,8127,652,7539
652,8231,652,10097
652,11887,652,10965
652,9635,652,9942
652,9995,652,10121
652,8462,652,8435
652,9537,653,9509
653,8049,653,7307
653,7921,653,9225
653,9048,653,6182
653,5364,653,7229
653,7664,653,6463
653,6155,653,6283
653,7182,653,6156
653,7076,653,7743
653,7152,653,8154
653,8816,653,8408
653,8692,653,7337
653,6769,653,6258
653,5083,653,4569
653,6108,653,7207
653,7179,653,6284
653,6232,653,8153
653,9411,653,7997
653,6952,653,6131
653,5902,653,6002
653,7029,654,7716
654,5468,654,5417
654,5800,654,4878
654,5392,654,6057
654,7617,654,9457
654,11172,654,12785
654,15217,654,13661
654,11528,654,9509
654,9841,654,9226
654,7821,654,7509
654,7559,654,8177
654,7743,654,7693
654,7564,654,6776
654,6153,654,6438
654,6541,654,5976
654,6205,654,6617
654,8281,654,7719
654,7181,654,6872
654,6183,654,5263
654,5465,654,4696
655,5593,655,5208
655,4390,655,4137
655,4441,655,4034
655,3315,655,2731
655,3876,655,5362
655,5877,655,6335
655,8893,655,9512
655,7362,655,7564
655,8536,655,8077
655,8229,655,8256
655,7996,655,6515
655,6389,655,6567
655,6158,655,5723
655,6131,655,5718
655,4315,655,4060
655,4774,655,5186
655,5876,655,6437
655,5620,655,5027
655,5159,655,4852
655,4162,655,4188
656,4368,656,4955
656,4648,656,3903
656,4365,656,5316
656,5134,656,4085
656,4622,656,5491
656,5879,656,6209
656,6848,656,5388
656,4520,656,4624
656,4851,656,4032
656,4954,656,5335
656,4746,656,4645
656,4032,656,3317
656,3956,656,4163
656,3471,656,2985
656,3136,656,3063
656,2656,656,3090
656,4237,656,3602
656,3212,656,3854
656,4494,656,4673
656,3804,657,4212
657,5163,657,4521
657,3933,657,3983
657,4288,657,3729
657,3854,657,4979
657,7772,657,8919
657,9612,657,12246
657,12018,657,9484
657,7585,657,7744
657,8794,657,9255
657,9537,657,9381
657,9561,657,9202
657,7617,657,5898
657,6076,657,5979
657,4598,657,5392
657,5211,657,4977
657,4829,657,4593
657,4773,657,3957
657,3444,657,3135
657,3599,657,3778
658,4392,658,3213
658,2934,658,2756
658,3110,658,4341
658,4417,658,3654
658,4369,658,5496
658,7972,658,8460
658,7797,658,8561
658,8667,658,8587
658,8281,658,7921
658,7511,658,7974
658,8277,658,7510
658,7613,658,6999
658,5722,658,5081
658,5519,658,5436
658,4623,658,3803
658,5133,658,6360
658,5315,658,4112
658,3365,658,3288
658,3650,658,4236
658,4008,658,3549
659,3190,659,3652
659,4392,659,5850
659,8026,659,16014
659,29016,659,55818
659,109500,659,191900
659,303796,659,408676
659,492724,659,539391
659,538218,659,499150
659,446796,659,390116
659,345193,659,302463
659,266266,659,234246
659,208641,659,182150
659,157987,659,141446
659,127160,659,114720
659,104535,659,93298
659,86562,659,82007
659,73659,659,67006
659,63651,659,61114
659,53591,659,50671
659,47701,660,41663
660,40382,660,39381
660,37719,660,36338
660,35546,660,35159
660,42120,660,56562
660,84669,660,128337
660,196450,660,277709
660,344449,660,375040
660,374297,660,339942
660,296599,660,256026
660,221726,660,188652
660,160980,660,140143
660,127545,660,112595
660,99489,660,91787
660,85513,660,76429
660,67540,660,61068
660,57994,660,54381
660,49059,660,43815
660,42345,660,43992
660,44400,660,44578
661,49087,661,51777
661,53261,661,55944
661,59199,661,56740
661,51645,661,48117
661,44476,661,41101
661,43271,661,50157
661,63621,661,76882
661,85741,661,87917
661,85102,661,76679
661,62347,661,50955
661,49953,661,47756
661,41559,661,38105
661,37258,661,35058
661,31880,661,30423
661,31525,661,31192
661,29608,661,27274
661,26353,661,24359
661,23106,661,22464
661,21467,661,21419
661,20954,661,22849
662,25794,662,27327
662,29476,662,32372
662,34594,662,33727
662,30118,662,27069
662,26942,662,24998
662,20770,662,18672
662,19566,662,19927
662,17780,662,17499
662,16646,662,15244
662,12887,662,10612
662,10712,662,10483
662,10356,662,10736
662,12710,662,13632
662,12559,662,13606
662,14376,662,12396
662,10791,662,11302
662,9972,662,6517
662,5083,662,3470
662,2783,662,2374
662,2448,663,2730
663,3499,663,3500
663,4780,663,8899
663,13811,663,18035
663,22518,663,26021
663,29300,663,31321
663,32627,663,32805
663,31755,663,30270
663,29320,663,28811
663,27456,663,24200
663,23564,663,22130
663,19262,663,16063
663,14805,663,13402
663,12225,663,11814
663,11101,663,9639
663,9919,663,9355
663,8362,663,9435
663,9181,663,7949
663,5926,663,3190
663,2650,663,2473
664,2218,664,1787
664,3136,664,4109
664,4649,664,6744
664,8152,664,9302
664,10969,664,12121
664,15245,664,17802
664,19419,664,19596
664,20980,664,22487
664,22565,664,21441
664,21491,664,21235
664,20623,664,18519
664,15273,664,12122
664,9793,664,9514
664,9357,664,10459
664,11481,664,13299
664,14860,664,16116
664,18137,664,20388
664,21286,664,20902
664,19264,664,15549
664,11994,665,8204
665,5443,665,3574
665,2804,665,1813
665,1223,665,1199
665,1247,665,1478
665,1300,665,1731
665,2268,665,2576
665,2704,665,3088
665,5083,665,6642
665,7230,665,8919
665,12275,665,12940
665,11688,665,10663
665,11096,665,9790
665,9307,665,8487
665,8538,665,7511
665,6745,665,6928
665,8539,665,9790
665,11203,665,12350
665,13503,665,13530
665,12199,665,12837
666,10942,666,8232
666,6646,666,6005
666,6362,666,4854
666,2834,666,1989
666,1986,666,2241
666,1580,666,1143
666,1657,666,1860
666,1631,666,1938
666,3007,666,4489
666,5033,666,6079
666,7715,666,6490
666,5643,666,6051
666,6438,666,6259
666,5034,666,3647
666,3187,666,3010
666,2342,666,1628
666,1959,666,2961
666,3934,666,4495
666,6489,666,9713
666,12633,667,15169
667,18009,667,19751
667,20466,667,19445
667,20313,667,19853
667,18214,667,16346
667,14477,667,12555
667,9330,667,6797
667,5851,667,5746
667,4443,667,4543
667,4775,667,5158
667,6389,667,6077
667,6563,667,6637
667,6180,667,6335
667,7281,667,6234
667,4801,667,5004
667,4672,667,3905
667,3240,667,3985
667,4748,667,4596
667,4548,667,4982
667,6385,667,7384
668,8411,668,9255
668,11201,668,12147
668,12940,668,13711
668,17317,668,19234
668,17934,668,16090
668,16446,668,15829
668,13834,668,11098
668,11637,668,10073
668,7643,668,6821
668,8535,668,9484
668,9533,668,8895
668,10252,668,11455
668,11659,668,11661
668,13910,668,14452
668,13171,668,11634
668,9968,668,7615
668,5773,668,4472
668,3907,668,4498
668,3727,668,2858
668,3216,669,2654
669,1939,669,1709
669,2269,669,2654
669,2604,669,3244
669,5724,669,5520
669,5031,669,6592
669,8792,669,10454
669,11255,669,12354
669,14500,669,17598
669,21260,669,25635
669,29162,669,28650
669,26757,669,24020
669,20232,669,17774
669,16700,669,14881
669,14192,669,14193
669,11636,669,9661
669,10407,669,10457
669,9072,669,7642
669,7154,669,5826
669,3524,669,3448
670,3699,670,3603
670,2270,670,2476
670,3394,670,3191
670,2190,670,2472
670,2369,670,3113
670,4109,670,4468
670,5132,670,5416
670,6747,670,7924
670,10534,670,11095
670,9817,670,9869
670,12963,670,12193
670,9150,670,7969
670,8331,670,7388
670,8464,670,9612
670,10585,670,11019
670,10717,670,12042
670,15400,670,18597
670,19288,670,18314
670,18545,670,17702
670,16140,671,14732
671,13247,671,11073
671,7464,671,6438
671,6410,671,4850
671,2422,671,2318
671,2833,671,3142
671,2912,671,2931
671,4954,671,4647
671,4929,671,5717
671,9299,671,13424
671,13475,671,11172
671,10737,671,9610
671,8280,671,7997
671,7692,671,7028
671,5825,671,6033
671,7076,671,7667
671,7643,671,8101
671,10430,671,10789
671,11278,671,11688
671,12328,671,12273
672,12685,672,13633
672,13711,672,12072
672,11021,672,9739
672,8792,672,7255
672,6077,672,4697
672,5260,672,5208
672,5008,672,4213
672,4208,672,4723
672,6413,672,7668
672,8819,672,8688
672,8254,672,7540
672,6155,672,5184
672,4620,672,4109
672,4980,672,4313
672,2295,672,2218
672,2857,672,2425
672,2042,672,1530
672,1859,672,2013
672,2088,672,1961
672,3190,673,4850
673,5516,673,5954
673,7746,673,7718
673,8613,673,8745
673,8640,673,8283
673,7795,673,8434
673,10892,673,14017
673,25202,673,56350
673,126033,673,255822
673,460793,673,711421
673,914121,673,1039356
673,1057279,673,963989
673,823296,673,694632
673,583139,673,482097
673,397956,673,335926
673,289155,673,246792
673,206850,673,176623
673,154376,673,130339
673,109856,673,92629
673,81469,673,69951
674,61246,674,52848
674,48879,674,48165
674,48294,674,41100
674,36032,674,32345
674,32010,674,32269
674,30247,674,27965
674,30217,674,33062
674,39177,674,53720
674,91397,674,161439
674,260634,674,369179
674,453452,674,477746
674,445569,674,390987
674,328346,674,267036
674,221186,674,190418
674,165613,674,140470
674,123468,674,107215
674,91218,674,79618
674,70099,674,57557
674,47341,674,39150
674,32650,675,25043
675,22358,675,19570
675,18264,675,18727
675,19723,675,22029
675,27195,675,36439
675,48776,675,56226
675,61884,675,66976
675,65878,675,58554
675,51643,675,50748
675,54102,675,63572
675,78695,675,84582
675,82102,675,70225
675,57910,675,44521
675,33846,675,29579
675,28045,675,26072
675,24250,675,23790
675,24355,675,24204
675,25354,675,23844
675,21691,675,21180
675,20108,675,16857
676,13735,676,11277
676,9973,676,7742
676,8051,676,6466
676,6285,676,6616
676,9253,676,11810
676,15856,676,17730
676,20489,676,20845
676,19518,676,16855
676,13885,676,11710
676,11605,676,11350
676,10044,676,8685
676,7275,676,4874
676,3187,676,2878
676,2572,676,3007
676,2394,676,3496
676,4262,676,4670
676,5131,676,5748
676,7437,676,9764
676,10971,676,11535
676,14015,677,13606
677,9868,677,6033
677,4593,677,2014
677,1273,677,841
677,763,677,791
677,867,677,1302
677,2425,677,4572
677,8073,677,13731
677,21797,677,27556
677,31700,677,36232
677,39124,677,37897
677,35004,677,30599
677,28068,677,23024
677,16548,677,12736
677,9434,677,5722
677,4443,677,3571
677,3650,677,3804
677,2885,677,2754
677,3138,677,4084
677,4242,678,5876
678,8715,678,9078
678,7693,678,6262
678,6080,678,5570
678,4524,678,4033
678,3522,678,2882
678,3545,678,5797
678,8997,678,10485
678,11637,678,14119
678,19420,678,23128
678,23664,678,24048
678,25634,678,23945
678,21925,678,22873
678,24148,678,20924
678,16675,678,14604
678,13043,678,11171
678,7411,678,3445
678,2523,678,3548
678,3139,678,3316
678,5335,678,6671
679,7697,679,11303
679,16627,679,19392
679,22821,679,24023
679,25154,679,22387
679,16857,679,12017
679,9408,679,6032
679,4113,679,3242
679,2037,679,2219
679,2649,679,2780
679,4162,679,3853
679,4412,679,6588
679,7563,679,8638
679,8663,679,9838
679,12453,679,14732
679,14859,679,13298
679,13886,679,13680
679,10382,679,7309
679,6666,679,6413
679,5773,679,4055
679,3473,680,3446
680,3958,680,4572
680,5749,680,6977
680,6537,680,6567
680,7000,680,6385
680,4291,680,2883
680,2372,680,2196
680,2782,680,1681
680,1780,680,2396
680,1810,680,2293
680,2882,680,3013
680,3367,680,3006
680,2931,680,2882
680,3013,680,3239
680,5464,680,7053
680,7644,680,7643
680,9227,680,8152
680,6750,680,5802
680,4802,680,3725
680,1912,680,1990
681,1451,681,1222
681,1146,681,1042
681,1327,681,2219
681,2731,681,4288
681,8305,681,12557
681,16704,681,20543
681,24689,681,26969
681,27452,681,29838
681,31578,681,29473
681,27016,681,23019
681,18721,681,15266
681,10145,681,6667
681,5135,681,3828
681,2778,681,2678
681,2573,681,2856
681,2932,681,4442
681,6132,681,6876
681,6388,681,6183
681,6486,681,6721
682,7105,682,6308
682,5056,682,5161
682,5647,682,6646
682,9022,682,12964
682,22818,682,39559
682,63493,682,89654
682,112617,682,121115
682,111978,682,99563
682,89835,682,79597
682,73347,682,65801
682,56350,682,48005
682,44168,682,34568
682,26019,682,22431
682,18361,682,15368
682,13733,682,10510
682,9586,682,10918
682,12762,682,13608
682,13861,682,15424
682,17364,682,18979
682,18624,683,17879
683,17472,683,15680
683,13504,683,10892
683,8228,683,5571
683,5571,683,6671
683,9609,683,12630
683,17906,683,21437
683,22489,683,22332
683,20795,683,19159
683,18163,683,19747
683,21000,683,21285
683,20772,683,19616
683,19418,683,19367
683,17831,683,15297
683,13323,683,12276
683,10199,683,8126
683,7666,683,7792
683,6618,683,5339
683,4982,683,4649
683,3877,683,3673
684,5057,684,6820
684,6489,684,4468
684,4929,684,5363
684,5518,684,4747
684,3851,684,3188
684,4082,684,3905
684,4390,684,3802
684,2882,684,3165
684,3597,684,3290
684,4008,684,5849
684,5821,684,6055
684,8312,684,10893
684,12913,684,13580
684,11430,684,10894
684,10533,684,9050
684,6486,684,6206
684,5286,684,4187
684,4008,684,4057
684,3956,684,5545
685,5927,685,7638
685,9792,685,13729
685,15731,685,17576
685,21899,685,23408
685,23358,685,23406
685,23206,685,22132
685,18676,685,17396
685,18879,685,21335
685,25916,685,30549
685,31570,685,30342
685,25963,685,22332
685,22460,685,20920
685,19285,685,18158
685,16803,685,15984
685,16012,685,15373
685,15245,685,15450
685,15528,685,16268
685,15323,685,12399
685,12401,685,11761
685,10533,686,10303
686,10075,686,9459
686,11583,686,12045
686,13555,686,14300
686,15372,686,16241
686,16934,686,18548
686,20572,686,21362
686,21335,686,23845
686,25300,686,24969
686,24277,686,23844
686,20641,686,17362
686,16471,686,13682
686,11070,686,9742
686,7308,686,6901
686,7668,686,7693
686,7898,686,9152
686,10280,686,10966
686,10714,686,10279
686,9051,686,7335
686,5852,687,5850
687,4879,687,4698
687,3676,687,1988
687,2578,687,1856
687,2142,687,2296
687,3062,687,3597
687,4601,687,5827
687,6978,687,8180
687,10457,687,12015
687,14831,687,15421
687,15217,687,13961
687,13299,687,10995
687,9433,687,7640
687,5108,687,3699
687,3877,687,3111
687,3266,687,3293
687,3090,687,3164
687,3497,687,3345
687,3753,687,4365
687,5313,687,4802
688,4163,688,2958
688,2831,688,3136
688,2629,688,2243
688,2626,688,2730
688,2424,688,1657
688,2247,688,2857
688,3189,688,3880
688,4444,688,3699
688,4338,688,6183
688,8335,688,8308
688,9127,688,8362
688,8201,688,8664
688,8359,688,6389
688,5621,688,5207
688,4724,688,4365
688,3909,688,4415
688,4442,688,4084
688,5108,688,6720
688,7816,688,9329
689,11713,689,13530
689,13121,689,12531
689,13785,689,12991
689,10457,689,8358
689,6949,689,6287
689,4493,689,2832
689,2959,689,2882
689,2858,689,4519
689,5107,689,3956
689,3907,689,3930
689,5493,689,5747
689,5775,689,5951
689,7181,689,8307
689,8566,689,7668
689,8590,689,9026
689,9079,689,7897
689,7742,689,6974
689,5902,689,5517
689,6237,689,7027
689,6851,690,6518
690,7844,690,8947
690,9125,690,9893
690,12121,690,11249
690,9586,690,8051
690,7692,690,7029
690,5470,690,4111
690,3905,690,3599
690,3394,690,3673
690,3034,690,2956
690,2600,690,2680
690,3163,690,2832
690,2653,690,3241
690,4211,690,3957
690,3701,690,4266
690,4545,690,3652
690,3191,690,2474
690,3191,690,2421
690,1758,690,1246
690,1322,691,1220
691,1527,691,1350
691,1606,691,2579
691,3113,691,3319
691,3906,691,4111
691,4468,691,4752
691,6899,691,9079
691,8462,691,6359
691,7488,691,7870
691,6387,691,4748
691,4364,691,3906
691,3444,691,2422
691,2806,691,2985
691,3034,691,2498
691,2704,691,2346
691,2168,691,1782
691,2269,691,3014
691,2886,691,2448
691,2702,691,3241
691,3417,692,2091
692,2655,692,3114
692,2321,692,1450
692,1936,692,2423
692,3317,692,3109
692,2829,692,3111
692,3393,692,4624
692,6033,692,7692
692,7233,692,7107
692,8847,692,9101
692,8385,692,7463
692,7692,692,6514
692,5262,692,4750
692,4647,692,4852
692,3725,692,3598
692,4521,692,5008
692,5185,692,5416
692,6415,692,7744
692,8049,692,8768
692,9968,692,10253
693,9050,693,6951
693,6542,693,6208
693,4599,693,4444
693,4675,693,4110
693,3883,693,5134
693,8156,693,8384
693,7870,693,8538
693,11503,693,14598
693,15236,693,14573
693,14872,693,14547
693,15339,693,15005
693,14347,693,14375
693,13246,693,11839
693,11403,693,10506
693,9844,693,9229
693,8896,693,7205
693,6289,693,6721
693,8385,693,7768
693,7001,693,6772
694,8817,694,10585
694,9252,694,8436
694,10226,694,11021
694,11454,694,11636
694,12965,694,12066
694,13475,694,14528
694,14938,694,14068
694,14393,694,15958
694,18921,694,16186
694,13421,694,12858
694,16028,694,16083
694,15265,694,14548
694,14088,694,14137
694,13096,694,12067
694,12964,694,11273
694,10765,694,10483
694,11941,694,10125
694,9661,694,10332
694,11840,694,10917
695,12815,695,18577
695,32035,695,57842
695,106479,695,189966
695,309511,695,458200
695,633328,695,812092
695,989395,695,1129735
695,1276036,695,1415860
695,1569564,695,1732558
695,1949751,695,2227178
695,2552119,695,2848753
695,3015151,695,3009618
695,2854358,695,2629791
695,2440324,695,2312840
695,2209360,695,2110468
695,2030108,695,1959760
695,1899215,695,1838159
695,1783427,695,1736169
695,1691702,695,1647696
695,1610010,695,1574761
695,1538694,696,1502013
696,1463300,696,1428531
696,1396377,696,1359746
696,1325238,696,1281226
696,1242956,696,1218690
696,1205992,696,1200505
696,1210294,696,1236482
696,1281050,696,1343871
696,1431012,696,1561600
696,1735347,696,1934287
696,2164153,696,2359093
696,2433848,696,2368494
696,2215172,696,2043524
696,1918135,696,1840514
696,1773620,696,1706365
696,1637328,696,1569462
696,1514825,696,1470028
696,1416499,696,1355006
696,1300787,696,1254658
696,1211313,697,1171125
697,1127936,697,1097191
697,1086441,697,1081523
697,1077453,697,1079271
697,1083059,697,1082876
697,1072943,697,1046421
697,1023134,697,989747
697,948095,697,900089
697,848076,697,809548
697,786145,697,779442
697,805116,697,871679
697,954725,697,1002931
697,997755,697,945608
697,865919,697,789069
697,735003,697,686305
697,647583,697,621240
697,594790,697,560947
697,532815,697,506064
697,472399,697,437041
697,408016,698,380957
698,359272,698,343762
698,332162,698,318466
698,308433,698,308696
698,308691,698,305721
698,299473,698,297780
698,299852,698,303845
698,306863,698,301262
698,284541,698,265574
698,247958,698,227790
698,209949,698,196022
698,197121,698,201316
698,200498,698,183423
698,157235,698,136324
698,119636,698,104536
698,95671,698,89812
698,87813,698,82439
698,74887,698,64983
698,56765,698,45499
698,33387,699,21995
699,16362,699,11426
699,5742,699,2650
699,1401,699,535
699,1790,699,3657
699,8622,699,18064
699,30941,699,52933
699,85391,699,127061
699,171937,699,215686
699,259305,699,291067
699,314209,699,327725
699,330265,699,319740
699,304255,699,280727
699,250006,699,210326
699,176357,699,144617
699,114765,699,90883
699,73760,699,65798
699,64544,699,63604
699,64549,699,63060
699,62934,700,62475
700,59786,700,54769
700,51539,700,46317
700,39357,700,30069
700,25691,700,22669
700,21697,700,24436
700,27843,700,31219
700,35164,700,43200
700,51340,700,59990
700,75200,700,92218
700,112362,700,130435
700,149986,700,167141
700,179403,700,183679
700,186186,700,186929
700,186164,700,177255
700,166632,700,156594
700,148019,700,137474
700,130847,700,130410
700,138497,700,145978
700,160062,700,177927
701,200353,701,218759
701,233833,701,245761
701,251775,701,243810
701,226890,701,200368
701,166091,701,118784
701,72779,701,36631
701,17056,701,6182
701,1634,701,434
701,126,701,0
701,50,701,25
701,279,701,689
701,1223,701,3629
701,6776,701,9767
701,15347,701,25099
701,34390,701,38479
701,39913,701,42780
701,47338,701,46029
701,40575,701,35019
701,32821,701,31750
702,32468,702,32698
702,35080,702,39663
702,44908,702,48773
702,53917,702,55300
702,55736,702,55347
702,52378,702,42446
702,31693,702,19105
702,10939,702,4696
702,1678,702,866
702,687,702,356
702,253,702,152
702,255,702,229
702,101,702,75
702,202,702,510
702,357,702,762
702,865,702,1094
702,1273,702,1833
702,1781,702,1937
702,1529,702,1272
703,789,703,507
703,329,703,944
703,2452,703,5063
703,11077,703,24517
703,45887,703,73840
703,105071,703,138551
703,173619,703,202880
703,225707,703,240582
703,248370,703,242783
703,229806,703,212633
703,191231,703,162428
703,130355,703,96920
703,70761,703,46984
703,27067,703,17780
703,16088,703,15809
703,16168,703,17449
703,19240,703,20492
703,21159,703,21441
703,23132,703,22102
704,21159,704,20468
704,20134,704,20263
704,19985,704,20390
704,21875,704,25611
704,28071,704,30885
704,39025,704,47984
704,56228,704,67133
704,85231,704,100461
704,112391,704,126030
704,143184,704,153345
704,160897,704,164095
704,166017,704,161333
704,154089,704,142284
704,131742,704,117429
704,105379,704,95370
704,92526,704,89560
704,90789,704,93657
704,99289,704,103413
704,107756,704,110447
705,110472,705,105661
705,97722,705,84279
705,67993,705,44008
705,24298,705,12064
705,6205,705,2371
705,892,705,277
705,50,705,0
705,0,705,0
705,25,705,76
705,254,705,1071
705,2501,705,4856
705,8590,705,12969
705,20132,705,30444
705,40578,705,47390
705,52558,705,53707
705,48336,705,42600
705,38865,705,30726
705,23224,705,18107
705,16366,705,14448
706,10913,706,9639
706,10299,706,9584
706,9607,706,8709
706,8715,706,6946
706,4001,706,2989
706,3621,706,2038
706,1404,706,1124
706,916,706,867
706,561,706,203
706,330,706,50
706,101,706,279
706,126,706,203
706,203,706,100
706,787,706,1580
706,865,706,991
706,2213,706,3234
706,3189,706,2624
706,2397,706,1734
706,1198,706,1733
707,5164,707,11332
707,18806,707,31986
707,52262,707,72180
707,94016,707,118181
707,142704,707,160336
707,179149,707,192490
707,201572,707,200244
707,193896,707,181707
707,163683,707,137980
707,112228,707,86504
707,62491,707,37559
707,19795,707,10480
707,8228,707,7537
707,7361,707,6901
707,7338,707,8820
707,10617,707,13096
707,17241,707,20492
707,23131,707,26536
707,28400,707,30808
708,33751,708,35237
708,35337,708,37231
708,40100,708,42403
708,46548,708,51594
708,56381,708,63395
708,73607,708,82238
708,92035,708,103963
708,116355,708,123499
708,130330,708,135477
708,137217,708,133480
708,128051,708,119274
708,109780,708,96234
708,82840,708,68460
708,60266,708,53049
708,48189,708,43786
708,43403,708,43043
708,41380,708,39229
708,36129,708,28708
708,22868,708,16060
709,10576,709,6922
709,3725,709,2373
709,1733,709,968
709,1021,709,842
709,228,709,0
709,50,709,25
709,202,709,178
709,866,709,1327
709,1582,709,2474
709,5034,709,10434
709,18010,709,27529
709,37948,709,48081
709,57808,709,58420
709,55729,709,53605
709,50639,709,41526
709,31056,709,22965
709,16517,709,9758
709,6462,709,4491
709,3112,709,2499
710,2499,710,2320
710,2143,710,2243
710,2349,710,1479
710,1246,710,662
710,407,710,355
710,177,710,203
710,151,710,127
710,178,710,280
710,534,710,355
710,254,710,178
710,202,710,841
710,1172,710,2016
710,3624,710,5743
710,8790,710,11400
710,13676,710,16158
710,19231,710,19437
710,18335,710,21077
710,26835,710,32624
710,39384,711,49908
711,64677,711,77297
711,91403,711,107375
711,123271,711,135737
711,145541,711,153171
711,159689,711,159463
711,155417,711,146326
711,134373,711,119014
711,100733,711,78263
711,61542,711,48176
711,42262,711,44772
711,59059,711,72731
711,78803,711,73734
711,65266,711,58938
711,54694,711,53542
711,56359,711,54925
711,55568,711,60939
711,68774,711,71610
711,71664,711,72402
711,74812,712,72968
712,71916,712,69408
712,70405,712,71276
712,71556,712,73096
712,76579,712,79548
712,84078,712,88865
712,95159,712,99895
712,103609,712,103713
712,103272,712,99542
712,97464,712,95620
712,95189,712,89604
712,84819,712,80641
712,78496,712,64519
712,46443,712,34624
712,27043,712,21083
712,15552,712,12888
712,10662,712,6620
712,4934,712,3881
712,2449,712,1551
712,815,713,1300
713,791,713,357
713,152,713,25
713,330,713,203
713,204,713,50
713,25,713,203
713,278,713,459
713,943,713,2679
713,4954,713,10690
713,19951,713,28837
713,39432,713,52172
713,64233,713,70067
713,72626,713,70066
713,65053,713,53400
713,38735,713,27063
713,19053,713,9991
713,5311,713,3675
713,2703,713,1679
713,2319,713,1887
713,1707,714,789
714,354,714,330
714,636,714,481
714,737,714,762
714,202,714,152
714,202,714,304
714,227,714,715
714,357,714,355
714,484,714,1170
714,1221,714,2704
714,5441,714,8254
714,12323,714,19922
714,28248,714,34388
714,40661,714,47367
714,54459,714,57682
714,60548,714,63546
714,66440,714,67255
714,71509,714,74916
714,80366,714,85716
714,91635,715,95548
715,105278,715,111368
715,116251,715,119994
715,123756,715,122013
715,117890,715,109831
715,100584,715,86478
715,71631,715,54506
715,40814,715,25198
715,13037,715,7846
715,6872,715,5211
715,4113,715,3396
715,4882,715,7211
715,8668,715,11768
715,16885,715,23107
715,27328,715,30524
715,37746,715,43506
715,49215,715,54718
715,60730,715,61653
715,60909,715,61321
716,65077,716,63011
716,59525,716,58428
716,60858,716,59579
716,58352,716,58173
716,59861,716,59375
716,59528,716,58374
716,58989,716,55153
716,49594,716,44732
716,42322,716,32319
716,20283,716,13886
716,10685,716,6690
716,4927,716,3089
716,1939,716,1375
716,1430,716,892
716,228,716,508
716,995,716,790
716,1097,716,535
716,152,716,177
716,584,716,484
717,842,717,1147
717,1046,717,892
717,1199,717,2300
717,3886,717,4603
717,4653,717,6494
717,9331,717,12531
717,15554,717,20543
717,29529,717,34954
717,38999,717,44145
717,52128,717,55199
717,53431,717,51719
717,50664,717,40681
717,29729,717,23482
717,18333,717,12012
717,7869,717,5362
717,5750,717,4932
717,3885,717,4012
717,5217,717,7056
717,7083,717,6010
718,6315,718,5983
718,6725,718,8101
718,7693,718,7798
718,8514,718,8030
718,10870,718,12197
718,10435,718,11302
718,12939,718,13348
718,15703,718,20183
718,24356,718,30959
718,34954,718,40510
718,50133,718,57761
718,63545,718,70152
718,76800,718,80772
718,84177,718,84431
718,86508,718,87046
718,87224,718,87505
718,89887,718,88277
718,87124,718,88251
718,91373,719,91555
719,93527,719,93242
719,92655,719,88073
719,84127,719,78063
719,72532,719,64852
719,54380,719,43374
719,34464,719,24378
719,17570,719,12278
719,10023,719,7491
719,6494,719,5776
719,6288,719,7671
719,9489,719,11458
719,16270,719,20056
719,24510,719,30449
719,37538,719,42353
719,46886,719,51594
719,57302,719,60580
719,62136,719,60011
719,62139,719,60828
719,57323,720,52228
720,48107,720,43627
720,40350,720,37231
720,34311,720,32880
720,31061,720,26481
720,24587,720,21718
720,18160,720,14346
720,12427,720,9992
720,6691,720,4980
720,4315,720,2448
720,1655,720,1250
720,790,720,892
720,585,720,763
720,329,720,177
720,177,720,229
720,178,720,328
720,381,720,153
720,280,720,408
720,201,720,380
720,432,721,457
721,254,721,381
721,611,721,560
721,1250,721,1455
721,2013,721,3268
721,5262,721,7408
721,12040,721,17084
721,22638,721,26426
721,31829,721,34287
721,34413,721,34260
721,33771,721,30159
721,23833,721,19257
721,16058,721,11144
721,6618,721,5007
721,2959,721,1654
721,660,721,1019
721,788,721,660
721,891,721,1322
721,1272,721,1531
722,2067,722,2732
722,4009,722,5187
722,5878,722,6770
722,8077,722,8254
722,8255,722,9716
722,12350,722,14703
722,16290,722,22075
722,28325,722,32929
722,38664,722,47015
722,56149,722,61933
722,67592,722,72837
722,79364,722,81285
722,84100,722,84461
722,88427,722,87022
722,86610,722,84357
722,83338,722,78856
722,75681,722,72301
722,72403,722,70484
722,66491,722,63930
723,63545,723,59938
723,55307,723,49161
723,43065,723,34928
723,29401,723,22540
723,17698,723,13732
723,9868,723,6206
723,5446,723,4827
723,3397,723,4371
723,5390,723,5750
723,5265,723,6924
723,10793,723,13939
723,17547,723,23256
723,28502,723,33622
723,39510,723,45400
723,50058,723,48878
723,49723,723,51464
723,52125,723,47779
723,41478,723,36794
723,33133,724,29112
724,22304,724,16287
724,12914,724,10298
724,8688,724,6897
724,6746,724,6314
724,5286,724,3981
724,3317,724,2854
724,2245,724,1350
724,685,724,787
724,738,724,457
724,457,724,253
724,457,724,408
724,303,724,280
724,228,724,51
724,126,724,255
724,75,724,457
724,790,724,661
724,483,724,560
724,1093,724,1245
724,814,725,1833
725,1934,725,1861
725,2676,725,3162
725,4849,725,7105
725,8614,725,12399
725,16751,725,18521
725,20822,725,25710
725,29958,725,30241
725,28963,725,28014
725,27576,725,24301
725,18362,725,15060
725,13398,725,8813
725,5285,725,5414
725,4599,725,2603
725,1810,725,1580
725,1910,725,1376
725,1759,725,2655
725,4035,725,4112
725,5057,725,6236
726,8923,726,10868
726,13503,726,15577
726,20285,726,23510
726,24507,726,26457
726,30215,726,33597
726,35570,726,39432
726,45089,726,48011
726,51360,726,55993
726,62140,726,64542
726,67383,726,72041
726,75910,726,76678
726,78959,726,79593
726,79747,726,76501
726,74933,726,71941
726,69714,726,63778
726,58964,726,55306
726,54433,726,50258
726,45526,726,40971
726,38230,726,32727
727,28041,727,26223
727,27913,727,27757
727,23846,727,20283
727,16141,727,12504
727,10122,727,8053
727,6974,727,4623
727,4315,727,4236
727,4342,727,5084
727,6209,727,7260
727,8897,727,11709
727,15831,727,20106
727,26250,727,28962
727,32675,727,36432
727,39481,727,41530
727,40150,727,38409
727,38509,727,36101
727,31522,727,24480
727,19234,727,16160
727,12683,728,10020
728,6515,728,4697
728,4110,728,4672
728,2828,728,2221
728,1681,728,2221
728,1732,728,1579
728,1555,728,637
728,431,728,586
728,737,728,585
728,481,728,942
728,789,728,381
728,943,728,663
728,509,728,1019
728,993,728,534
728,458,728,456
728,686,728,942
728,1427,728,1706
728,1575,728,2501
728,3009,728,3523
729,5031,729,4799
729,4594,729,6923
729,9714,729,10508
729,11225,729,14475
729,18928,729,19385
729,20234,729,22540
729,25507,729,25581
729,26379,729,24099
729,23561,729,21056
729,19208,729,16622
729,16544,729,13118
729,8227,729,6566
729,5898,729,5160
729,4262,729,3596
729,2574,729,2445
729,2958,729,4723
729,7411,729,9027
729,10229,729,12810
729,16165,729,19953
730,24227,730,27018
730,31651,730,36184
730,40123,730,41199
730,44885,730,47830
730,49668,730,49953
730,53613,730,56554
730,57298,730,57223
730,60912,730,63262
730,64855,730,65156
730,66800,730,67490
730,68513,730,67053
730,68360,730,65468
730,64341,730,61550
730,60577,730,56482
730,50696,730,45322
730,41892,730,35337
730,30476,730,26966
730,25919,730,20693
730,14885,731,12712
731,12375,731,11353
731,10483,731,8487
731,8435,731,6463
731,4723,731,3881
731,3398,731,3698
731,4444,731,4444
731,4544,731,3419
731,4289,731,5750
731,7311,731,11097
731,12990,731,16676
731,23964,731,34952
731,46596,731,58168
731,67227,731,69481
731,65134,731,57708
731,53252,731,45651
731,35719,731,29474
731,25505,731,18873
731,14397,731,11144
732,7666,732,4161
732,3858,732,3447
732,2524,732,1758
732,1170,732,663
732,508,732,382
732,432,732,763
732,1377,732,1120
732,687,732,585
732,277,732,331
732,739,732,1377
732,1683,732,1273
732,1656,732,2727
732,5027,732,5872
732,7771,732,7461
732,9072,732,8024
732,8050,732,9001
732,10585,732,11249
732,11017,732,11760
732,14246,732,16161
733,14759,733,16341
733,21562,733,23305
733,22052,733,21746
733,24202,733,24890
733,22743,733,23714
733,26660,733,25328
733,23305,733,23434
733,24276,733,22029
733,18774,733,18981
733,19850,733,18186
733,15646,733,14627
733,14447,733,14907
733,13068,733,11584
733,11657,733,11994
733,11534,733,12557
733,14832,733,15270
733,17137,733,20058
733,25996,733,30781
733,33418,734,36544
734,41509,734,47502
734,50547,734,51570
734,54405,734,54945
734,55556,734,56479
734,59398,734,59603
734,56456,734,55532
734,58683,734,59629
734,58095,734,55738
734,57196,734,56275
734,53309,734,49775
734,49725,734,46114
734,43251,734,41510
734,38306,734,32753
734,27298,734,23154
734,21465,734,18903
734,15320,734,13247
734,10841,734,7951
734,6312,734,6108
735,6235,735,5950
735,5107,735,4980
735,4266,735,4339
735,4158,735,3926
735,3342,735,3750
735,4264,735,4521
735,4932,735,3576
735,4264,735,5237
735,6846,735,7846
735,6744,735,5949
735,9225,735,11349
735,13780,735,16417
735,20542,735,19442
735,16239,735,16626
735,16801,735,15420
735,13396,735,10686
735,7460,735,5619
735,4005,735,2495
735,1730,736,1654
736,1629,736,1502
736,1094,736,763
736,406,736,839
736,1199,736,965
736,1478,736,1274
736,1145,736,840
736,557,736,405
736,1221,736,1171
736,1145,736,1198
736,685,736,838
736,1091,736,2039
736,3596,736,4081
736,4339,736,4362
736,5746,736,5772
736,7954,736,10790
736,14397,736,15884
736,16139,736,16906
736,21026,736,23513
736,26553,737,25686
737,26225,737,27015
737,29141,737,28807
737,29474,737,27685
737,27963,737,26815
737,28222,737,27864
737,23971,737,21103
737,22307,737,22587
737,20667,737,17544
737,18828,737,18211
737,15394,737,14857
737,16699,737,14267
737,14221,737,14271
737,15292,737,14860
737,15883,737,17492
737,20748,737,22641
737,23866,737,26504
737,30316,737,33318
737,36769,737,39152
738,43811,738,46858
738,49954,738,52256
738,55253,738,55895
738,55871,738,54866
738,55888,738,54662
738,53152,738,52128
738,51158,738,47678
738,45833,738,43915
738,41275,738,39464
738,37361,738,34575
738,31780,738,29322
738,29171,738,25072
738,22407,738,20288
738,17598,738,14398
738,13010,738,11452
738,8079,738,5567
738,6769,738,5825
738,4262,738,3832
738,6692,739,5646
739,3802,739,3036
739,3341,739,2985
739,3804,739,3678
739,3166,739,4082
739,4543,739,4391
739,4392,739,4315
739,5160,739,4980
739,5437,739,5006
739,4621,739,5467
739,6312,739,6845
739,7996,739,11119
739,13962,739,13016
739,10456,739,9024
739,9737,739,8966
739,7305,739,5749
739,5464,739,4545
739,3367,739,2625
739,2625,739,1909
740,1581,740,814
740,817,740,586
740,508,740,1019
740,1116,740,839
740,864,740,663
740,638,740,711
740,1402,740,1274
740,1119,740,1834
740,2039,740,2319
740,2804,740,3240
740,3982,740,5104
740,6465,740,8534
740,9152,740,8768
740,11250,740,14218
740,15194,740,15370
740,18821,740,22001
740,21538,740,22128
740,26507,740,28502
740,28067,741,28606
741,30219,741,30627
741,30604,741,29475
741,30092,741,28375
741,26558,741,25945
741,27217,741,25305
741,23793,741,23717
741,24302,741,22128
741,19338,741,18600
741,19360,741,18345
741,17010,741,18004
741,21819,741,25252
741,28449,741,30085
741,31546,741,28885
741,27068,741,26840
741,28555,741,28220
741,28197,741,28838
741,34060,741,37770
741,38615,741,40380
742,43583,742,45630
742,47090,742,46397
742,49825,742,49776
742,50493,742,48622
742,47294,742,45476
742,43476,742,41117
742,40634,742,37333
742,34261,742,30832
742,28990,742,25841
742,21949,742,19339
742,17954,742,18901
742,17776,742,16833
742,17164,742,14882
742,13709,742,11070
742,9741,742,6799
742,5413,742,5951
742,4262,742,4163
742,3858,742,3215
742,3236,743,3416
743,3395,743,2578
743,2680,743,3036
743,3219,743,3266
743,3829,743,4368
743,4644,743,4647
743,4751,743,4393
743,4722,743,6768
743,5773,743,4851
743,5439,743,5542
743,4851,743,5646
743,7105,743,7360
743,6870,743,7281
743,7075,743,6620
743,6539,743,5107
743,5081,743,4518
743,3802,743,3391
743,1936,743,1757
743,3266,743,2858
744,2573,744,2831
744,2526,744,2680
744,2653,744,2395
744,1660,744,1833
744,1323,744,1987
744,2448,744,2909
744,4290,744,3905
744,5027,744,6334
744,7179,744,6950
744,7536,744,7870
744,9197,744,10837
744,15113,744,16600
744,14987,744,18007
744,22384,744,23302
744,22463,744,24251
744,28295,744,28397
744,28219,744,30830
744,36028,744,36919
744,37715,745,36587
745,38943,745,40252
745,37563,745,36719
745,35695,745,32166
745,30065,745,29092
745,29191,745,27426
745,23944,745,22155
745,23867,745,24202
745,22947,745,23613
745,25505,745,23918
745,22151,745,21900
745,25559,745,26223
745,24892,745,25120
745,27526,745,27760
745,26277,745,26556
745,29245,745,30144
745,32959,745,35133
745,37870,745,39434
745,39382,745,40026
746,43451,746,45113
746,47086,746,46240
746,45778,746,45603
746,43428,746,40817
746,40814,746,37796
746,34082,746,33184
746,29883,746,24279
746,22439,746,21155
746,20413,746,17394
746,14322,746,12145
746,12144,746,10912
746,9356,746,8127
746,9176,746,8457
746,8535,746,6003
746,4902,746,5771
746,6054,746,4928
746,4827,746,4929
746,5003,746,4623
746,4954,747,3599
747,3010,747,4439
747,5928,747,5591
747,3394,747,4546
747,6081,747,5519
747,5008,747,5133
747,5594,747,4415
747,4392,747,6257
747,7945,747,6945
747,5543,747,7028
747,8383,747,8639
747,7770,747,8052
747,7461,747,7944
747,7763,747,7025
747,7435,747,6771
747,5363,747,5308
747,5491,747,5131
747,4470,747,3648
747,4519,747,2959
748,1679,748,1658
748,3803,748,5106
748,4926,748,3680
748,3109,748,3213
748,4061,748,4955
748,5796,748,5516
748,5540,748,5976
748,8253,748,10021
748,10405,748,11174
748,14705,748,19721
748,19618,748,18979
748,21820,748,22613
748,24024,748,26992
748,30270,748,29015
748,28885,748,30905
748,33240,748,32702
748,31239,748,31777
748,33036,748,32983
748,32752,749,31654
749,32804,749,32061
749,30420,749,31754
749,33161,749,31315
749,27659,749,26733
749,28555,749,26738
749,24022,749,22950
749,23181,749,21028
749,19235,749,19927
749,20721,749,19211
749,21027,749,21898
749,22437,749,22029
749,21670,749,21767
749,22205,749,22457
749,25380,749,26686
749,27891,749,28529
749,27916,749,28144
749,29911,749,30116
749,29988,749,31164
750,32851,750,32009
750,31853,750,33057
750,31853,750,29168
750,28682,750,28987
750,27579,750,23329
750,20895,750,18698
750,17363,750,14859
750,12603,750,9867
750,9917,750,10224
750,7794,750,6435
750,7895,750,7872
750,6822,750,6465
750,6335,750,5416
750,5182,750,5517
750,5263,750,3570
750,2934,750,3243
750,3318,750,3317
750,2756,750,2729
750,2828,751,2624
751,3446,751,4415
751,4954,751,5262
751,4701,751,4367
751,4391,751,4161
751,5953,751,7154
751,7794,751,5872
751,5389,751,5312
751,6130,751,6922
751,5871,751,4877
751,6234,751,7051
751,8199,751,8177
751,7713,751,7282
751,6129,751,6691
751,6824,751,7052
751,6054,751,5620
751,5002,751,4136
751,4875,751,4698
751,4570,752,4928
752,4315,752,3524
752,3443,752,4827
752,4902,752,5647
752,5749,752,6080
752,6697,752,6568
752,7818,752,9996
752,11736,752,12964
752,15809,752,17751
752,18032,752,21901
752,25153,752,26478
752,26218,752,27532
752,31165,752,32447
752,31932,752,31779
752,33418,752,32697
752,31573,752,31699
752,33958,752,33084
752,33828,752,35263
752,35185,752,32649
753,30932,753,30909
753,31750,753,29039
753,28195,753,28274
753,30295,753,28986
753,26019,753,24126
753,25715,753,24899
753,24074,753,22999
753,25146,753,26481
753,29524,753,38246
753,59906,753,108335
753,210020,753,369739
753,572769,753,738221
753,806090,753,769030
753,671870,753,569217
753,489268,753,428680
753,378090,753,339509
753,308277,753,281938
753,260485,753,236702
753,219242,754,205574
754,191134,754,172193
754,162618,754,155399
754,145160,754,128931
754,119815,754,113699
754,110188,754,102607
754,94366,754,83006
754,74992,754,70819
754,68871,754,63905
754,58858,754,60059
754,76466,754,115586
754,185011,754,265216
754,332823,754,370023
754,360678,754,307427
754,256669,754,224027
754,194613,754,168453
754,150100,754,135122
754,121301,754,108575
754,99716,754,94265
755,89402,755,80005
755,70845,755,63882
755,59785,755,57174
755,53332,755,52132
755,47956,755,46680
755,47419,755,42349
755,41503,755,45962
755,46629,755,46958
755,53562,755,59321
755,66775,755,73937
755,85175,755,97178
755,108669,755,116174
755,117283,755,111081
755,95954,755,72840
755,56276,755,43527
755,33212,755,27941
755,24023,755,19315
755,18114,755,19571
755,19159,756,18978
756,19415,756,19440
756,22414,756,25994
756,26020,756,25047
756,25046,756,25632
756,26072,756,26481
756,28503,756,31548
756,34494,756,36493
756,38305,756,41125
756,46726,756,50645
756,55584,756,58170
756,62831,756,66159
756,67285,756,65108
756,62625,756,55484
756,50853,756,46523
756,41688,756,37489
756,34978,756,33544
756,32804,756,31396
756,32009,757,33110
757,32291,757,32625
757,30575,757,28349
757,29016,757,28527
757,25712,757,24381
757,26096,757,28526
757,29117,757,26226
757,22716,757,20233
757,18824,757,16421
757,12605,757,10486
757,10073,757,9844
757,9382,757,10586
757,12629,757,15394
757,17952,757,20511
757,26963,757,31520
757,35698,757,41507
757,46060,757,47805
757,48572,757,46576
757,44809,757,43814
758,41125,758,38155
758,33136,758,29196
758,25917,758,22538
758,21154,758,18622
758,15036,758,13273
758,12684,758,12633
758,12786,758,9790
758,7897,758,8049
758,6028,758,4441
758,3929,758,4417
758,3700,758,3728
758,3929,758,4239
758,3393,758,4393
758,5387,758,5596
758,6080,758,5800
758,8278,758,9356
758,10660,758,9791
758,9943,758,9510
758,8692,759,8459
759,9099,759,8487
759,8638,759,9766
759,11889,759,11226
759,9407,759,9047
759,9765,759,9534
759,9251,759,10354
759,12962,759,12293
759,11891,759,13271
759,15828,759,17930
759,20512,759,21872
759,23590,759,24636
759,21925,759,18263
759,15907,759,14193
759,12528,759,9404
759,7973,759,7128
759,5264,759,4085
759,4519,759,3471
759,3726,760,4317
760,5827,760,7358
760,6745,760,8255
760,10383,760,12198
760,13042,760,14092
760,16752,760,19160
760,21488,760,22946
760,26043,760,27557
760,29628,760,30807
760,32194,760,32344
760,34519,760,36873
760,39176,760,38741
760,39612,760,40379
760,41838,760,40587
760,38004,760,32983
760,31470,760,28862
760,24767,760,23104
760,23280,760,22306
760,20776,760,20261
761,19672,761,18009
761,16035,761,16446
761,19214,761,18519
761,16985,761,17368
761,16985,761,16727
761,17033,761,18367
761,21054,761,19212
761,16577,761,15011
761,15910,761,14707
761,13657,761,11839
761,9713,761,8766
761,8379,761,9608
761,10864,761,11505
761,13013,761,16728
761,18901,761,19262
761,22974,761,27866
761,31985,761,32525
761,33340,761,33363
762,33520,762,31778
762,27349,762,22156
762,21053,762,18849
762,15477,762,13476
762,11582,762,9251
762,8845,762,6692
762,6411,762,5670
762,5904,762,5060
762,5314,762,4338
762,2985,762,3673
762,4059,762,3394
762,3292,762,2734
762,3317,762,3678
762,2883,762,3546
762,3905,762,4644
762,6388,762,5878
762,5746,762,7668
762,8410,762,8744
762,10451,763,12326
763,11224,763,10173
763,11634,763,14169
763,13244,763,11018
763,10202,763,10431
763,10967,763,10688
763,11014,763,10788
763,9709,763,11021
763,13861,763,13912
763,11656,763,12399
763,16036,763,18057
763,18282,763,19050
763,21383,763,22947
763,19666,763,17799
763,16675,763,15650
763,14319,763,12453
763,10787,763,8408
763,6205,763,7127
763,7105,764,6154
764,5692,764,5696
764,6309,764,7564
764,8538,764,9097
764,11611,764,14473
764,17598,764,18803
764,23691,764,25379
764,27094,764,28428
764,31394,764,31369
764,30628,764,31879
764,33775,764,36615
764,36486,764,37047
764,39665,764,38896
764,36998,764,35975
764,34540,764,32652
764,32039,764,29451
764,27733,764,26993
764,25073,764,23254
764,22282,764,19773
765,17471,765,16828
765,17057,765,15521
765,14887,765,14348
765,14475,765,13400
765,12861,765,13271
765,16805,765,15985
765,15014,765,14885
765,16318,765,15449
765,13501,765,13726
765,16391,765,16135
765,13554,765,14193
765,16520,765,16490
765,16546,765,15960
765,15547,765,14269
765,13655,765,15015
765,19029,765,19851
765,21590,765,23816
765,24663,765,25764
766,26275,766,26149
766,28042,766,26787
766,22332,766,20184
766,20466,766,19031
766,14115,766,9917
766,10766,766,10202
766,7131,766,5260
766,5980,766,5233
766,3779,766,4315
766,4338,766,3676
766,3626,766,3777
766,4724,766,4701
766,3931,766,3547
766,5487,766,5259
766,4339,766,4954
766,5592,766,6875
766,6899,766,6639
766,8433,766,8664
766,7102,767,7847
767,11122,767,12095
767,11682,767,12839
767,13603,767,14039
767,12275,767,11966
767,13345,767,13577
767,12273,767,12067
767,12863,767,13270
767,12452,767,12065
767,12781,767,12861
767,12121,767,11404
767,13653,767,13655
767,13423,767,14552
767,17957,767,18801
767,15629,767,12710
767,13017,767,13093
767,12168,767,11097
767,11578,767,10457
767,8843,768,9047
768,10919,768,9998
768,9587,768,9124
768,9920,768,11788
768,13144,768,13224
768,16035,768,19161
768,21539,768,22846
768,27169,768,28242
768,27810,768,28835
768,31060,768,32139
768,33542,768,32801
768,32754,768,31470
768,32007,768,34873
768,35771,768,33750
768,30319,768,28909
768,27936,768,25301
768,22178,768,20125
768,21049,768,22409
768,20875,768,18085
769,20233,769,19977
769,18517,769,14292
769,14396,769,14627
769,13222,769,11634
769,13347,769,13885
769,11249,769,11224
769,11709,769,12682
769,14449,769,14348
769,14831,769,14932
769,16113,769,17441
769,17957,769,19180
769,20641,769,20462
769,20718,769,20153
769,18571,769,15807
769,16087,769,15193
769,13375,769,14271
769,16497,769,17518
769,15854,769,16779
770,19234,770,19879
770,20156,770,20052
770,21588,770,20205
770,16651,770,14604
770,16162,770,15013
770,11840,770,9304
770,8051,770,7434
770,6823,770,5338
770,5412,770,5516
770,5774,770,5874
770,7100,770,6184
770,5571,770,5387
770,6824,770,7942
770,6184,770,5875
770,6847,770,7716
770,7387,770,8690
770,8766,770,8846
770,9716,770,9711
771,11220,771,11172
771,11861,771,12424
771,14648,771,14631
771,13500,771,14600
771,15905,771,15963
771,15754,771,15755
771,17469,771,19060
771,20387,771,18547
771,17495,771,16187
771,14754,771,15959
771,17034,771,16830
771,16753,771,16013
771,16750,771,16704
771,15626,771,16730
771,20027,771,19156
771,17239,771,17573
771,17060,771,15628
771,15831,771,16676
771,16215,772,13374
772,12787,772,13221
772,12323,772,11884
772,11968,772,13296
772,15321,772,16728
772,16010,772,18239
772,21717,772,23409
772,24892,772,26350
772,28321,772,31268
772,32164,772,31471
772,33776,772,34675
772,36438,772,36696
772,37923,772,35439
772,32267,772,31092
772,29910,772,27809
772,26995,772,25742
772,25607,772,23793
772,21233,772,19954
772,20313,773,18135
773,16650,773,17418
773,18902,773,18572
773,17009,773,15498
773,14912,773,12349
773,12760,773,13066
773,13146,773,13320
773,11992,773,10378
773,11324,773,12423
773,14363,773,17006
773,19261,773,19031
773,18080,773,17289
773,19619,773,19543
773,18111,773,17466
773,19541,773,18675
773,16678,773,16164
773,18262,773,15037
773,13935,773,14755
773,16112,774,15163
774,14271,774,14223
774,15573,774,16626
774,18054,774,15704
774,14857,774,15290
774,14012,774,13886
774,15089,774,12016
774,9995,774,9330
774,10192,774,8480
774,7051,774,7509
774,9072,774,7155
774,6640,774,7050
774,7866,774,9663
774,7642,774,5876
774,6666,774,7871
774,9712,774,10407
774,10761,774,10610
774,11173,774,12453
774,13937,774,13192
775,14709,775,16241
775,16445,775,15782
775,15011,775,16393
775,17904,775,17142
775,17037,775,18238
775,20518,775,20310
775,20312,775,18439
775,20591,775,20847
775,19568,775,19233
775,20463,775,19488
775,17980,775,17339
775,20104,775,19055
775,17470,775,18926
775,18748,775,17878
775,17853,775,18161
775,18547,775,17981
775,17239,775,16292
775,17342,775,17059
776,16264,776,17827
776,18083,776,17982
776,17495,776,16473
776,17905,776,17161
776,16625,776,18749
776,21844,776,22463
776,18776,776,19135
776,21975,776,22713
776,23871,776,26277
776,27915,776,29832
776,29832,776,30550
776,33055,776,33289
776,32827,776,32441
776,32262,776,31037
776,30525,776,29269
776,28626,776,25150
776,23049,776,22588
776,21155,776,18364
777,16238,777,15010
777,14446,777,13402
777,13144,777,13346
777,12481,777,13347
777,13223,777,12171
777,12815,777,13044
777,11097,777,9892
777,11508,777,12786
777,12147,777,10505
777,12553,777,14345
777,13017,777,12630
777,13831,777,13783
777,13909,777,13732
777,15473,777,15522
777,14144,777,14604
777,16675,777,15650
777,14064,777,13223
777,15451,777,16318
778,14167,778,13217
778,14551,778,15291
778,14169,778,14784
778,15292,778,14114
778,11940,778,10456
778,11481,778,12634
778,11016,778,10737
778,11761,778,10124
778,8563,778,8637
778,9252,778,6667
778,5544,778,6158
778,6898,778,8328
778,7487,778,6311
778,6337,778,8871
778,9025,778,8053
778,8921,778,10098
778,10043,778,10173
778,10430,778,11505
779,12988,779,12965
779,14523,779,14881
779,13602,779,14373
779,18468,779,19056
779,17980,779,19798
779,21640,779,22257
779,23052,779,24201
779,23487,779,22105
779,21078,779,19877
779,22178,779,23305
779,20977,779,21131
779,24052,779,22587
779,22182,779,22918
779,23460,779,22125
779,20076,779,19463
779,19186,779,18624
779,18644,779,19083
779,21486,779,19902
779,16571,780,16317
780,19160,780,19930
780,20515,780,20646
780,22306,780,23153
780,21823,780,20800
780,21030,780,21439
780,21364,780,22282
780,23509,780,23435
780,22408,780,23405
780,26940,780,28118
780,26939,780,27324
780,30089,780,34314
780,36053,780,33670
780,32495,780,32035
780,31883,780,31294
780,29780,780,28147
780,25660,780,23765
780,25354,780,23613
780,20106,781,19289
781,19388,781,18340
781,17827,781,16241
781,16674,781,15656
781,14376,781,11761
781,11403,781,10765
781,11634,781,13146
781,14756,781,14039
781,11709,781,11584
781,13503,781,15219
781,14933,781,13631
781,15679,781,17394
781,17185,781,19133
781,19747,781,17548
781,15291,781,16317
781,17239,781,16468
781,17395,781,17595
781,18107,781,17059
781,15753,782,15346
782,18723,782,18927
782,15908,782,14499
782,14579,782,15142
782,14580,782,14451
782,15218,782,15754
782,13473,782,12325
782,13091,782,13065
782,13067,782,11969
782,10790,782,10173
782,11505,782,11147
782,10377,782,10431
782,9767,782,10836
782,11373,782,11095
782,10126,782,9532
782,11148,782,12095
782,10685,782,10762
782,11353,782,12529
782,14193,783,14960
783,15523,783,17955
783,16161,783,16396
783,20078,783,21615
783,19955,783,19980
783,22767,783,22615
783,23176,783,23946
783,24123,783,23305
783,22820,783,22539
783,23359,783,22131
783,21412,783,21051
783,24356,783,26149
783,26789,783,24996
783,24557,783,25965
783,25789,783,22666
783,23025,783,21717
783,20669,783,21695
783,21565,783,20591
783,21054,784,21769
784,21178,784,20339
784,18800,784,19543
784,21645,784,21078
784,21463,784,22459
784,22512,784,21413
784,21847,784,22207
784,22898,784,21668
784,19698,784,20182
784,22563,784,24176
784,24488,784,23996
784,24076,784,24814
784,26122,784,26507
784,29757,784,28885
784,29400,784,29169
784,31063,784,28044
784,24176,784,24127
784,25630,784,24377
784,22642,785,21230
785,21483,785,20846
785,18161,785,16981
785,17829,785,15933
785,14397,785,14015
785,13045,785,12679
785,11272,785,10894
785,12351,785,13171
785,12223,785,10893
785,14270,785,17729
785,15653,785,15037
785,17315,785,18290
785,21077,785,24584
785,26146,785,24097
785,23694,785,25071
785,25479,785,24249
785,22614,785,21201
785,22510,785,21744
785,20875,786,21567
786,24072,786,22154
786,20514,786,20130
786,23054,786,22926
786,20567,786,20184
786,21438,786,20542
786,20595,786,21078
786,20672,786,22307
786,20951,786,18827
786,18876,786,17286
786,15292,786,17646
786,20491,786,19698
786,18008,786,16397
786,18978,786,22103
786,21615,786,17929
786,19978,786,20897
786,19130,786,16680
786,18414,786,19387
786,17831,787,18057
787,21976,787,21539
787,20594,787,20415
787,22128,787,21333
787,22461,787,24945
787,25789,787,24971
787,27143,787,30087
787,32985,787,31112
787,29193,787,29163
787,31141,787,31136
787,28606,787,25918
787,27788,787,29833
787,28013,787,25381
787,26609,787,26763
787,24792,787,24250
787,24686,787,23721
787,24020,787,22820
787,21566,787,21050
787,21618,788,19976
788,20875,788,21286
788,22694,788,21640
788,24250,788,24737
788,23436,788,21848
788,21284,788,20084
788,19722,788,20517
788,22434,788,23436
788,23506,788,24869
788,25305,788,23766
788,23278,788,23152
788,24378,788,26198
788,25941,788,24022
788,25124,788,25533
788,25377,788,23918
788,24996,788,26836
788,25740,788,22460
788,22617,788,22309
788,20801,789,19801
789,19492,789,19032
789,18549,789,18314
789,18905,789,17034
789,14473,789,13041
789,13477,789,13887
789,11734,789,11015
789,12428,789,12708
789,10921,789,10301
789,11377,789,11760
789,11351,789,11735
789,11400,789,9792
789,10252,789,11633
789,12068,789,12964
789,12758,789,12604
789,12991,789,11401
789,11633,789,13043
789,14599,789,14012
789,12888,790,14165
790,16035,790,14834
790,13964,790,14809
790,16547,790,15036
790,12786,790,12942
790,13377,790,13374
790,14298,790,13476
790,12222,790,10942
790,9253,790,8098
790,10328,790,11787
790,11838,790,11301
790,12170,790,11606
790,9252,790,9918
790,12117,790,11378
790,10659,790,11968
790,14090,790,13605
790,12018,790,11328
790,12941,790,12682
790,11608,791,10888
791,11326,791,12350
791,12605,791,12326
791,13758,791,15757
791,16781,791,17163
791,17904,791,19494
791,20210,791,20003
791,21231,791,21080
791,20847,791,22410
791,23150,791,22383
791,21280,791,21337
791,23000,791,23740
791,24176,791,24536
791,22156,791,21310
791,21181,791,20055
791,21313,791,20824
791,17674,791,16344
791,17727,791,18318
791,16370,792,16754
792,16599,792,15548
792,14271,792,14144
792,15141,792,15092
792,15244,792,17085
792,17701,792,16496
792,15962,792,14858
792,15267,792,16705
792,17294,792,17394
792,18774,792,17953
792,17932,792,18650
792,19948,792,19797
792,20438,792,20159
792,21412,792,21744
792,19516,792,19799
792,21027,792,20774
792,18005,792,16292
792,17345,792,17749
793,17701,793,16854
793,17343,793,17934
793,18187,793,16267
793,16779,793,15777
793,15012,793,12965
793,13429,793,13322
793,12174,793,11405
793,10890,793,10403
793,11454,793,11992
793,13650,793,13375
793,12582,793,11347
793,11147,793,11101
793,10559,793,11557
793,13781,793,12607
793,12171,793,11533
793,11326,793,10969
793,12656,793,13268
793,11813,793,11661
794,11403,794,12528
794,14088,794,14630
794,13139,794,12017
794,13323,794,14087
794,12579,794,11889
794,14372,794,14629
794,14112,794,13940
794,14398,794,13145
794,12835,794,12474
794,13423,794,11480
794,11963,794,13193
794,14290,794,13574
794,13857,794,15419
794,17265,794,14960
794,13040,794,14810
794,16010,794,13760
794,13575,794,14934
794,15650,794,16083
795,15575,795,15446
795,17115,795,16417
795,15956,795,16266
795,15906,795,16906
795,17803,795,17212
795,18030,795,19263
795,18413,795,18621
795,21973,795,24456
795,22126,795,20897
795,24763,795,25275
795,26633,795,27118
795,28248,795,29270
795,27736,795,25378
795,24251,795,23462
795,24535,795,25122
795,24458,795,23205
795,21439,795,20976
795,20954,795,18387
796,18005,796,19595
796,19873,796,18853
796,17824,796,19105
796,19746,796,20130
796,17649,796,16473
796,17288,796,17009
796,16062,796,17184
796,20107,796,20005
796,19057,796,17547
796,16958,796,16981
796,18161,796,18879
796,20102,796,20490
796,18697,796,18111
796,18723,796,19106
796,20028,796,19189
796,19109,796,18597
796,17521,796,16521
796,18649,796,17881
797,16651,797,17061
797,17109,797,16702
797,15702,797,15091
797,15985,797,15144
797,13914,797,12712
797,12095,797,11455
797,11226,797,12169
797,12556,797,10663
797,10072,797,12042
797,11763,797,10253
797,11328,797,10635
797,10296,797,10301
797,10612,797,10301
797,11247,797,10892
797,10995,797,10068
797,11298,797,11888
797,8920,797,9356
797,10916,798,12735
798,12272,798,11658
798,13733,798,12865
798,11427,798,10199
798,11406,798,12554
798,11431,798,12862
798,13530,798,11300
798,10255,798,11020
798,12298,798,13805
798,10917,798,9688
798,10407,798,11583
798,12914,798,13064
798,11428,798,11044
798,9996,798,10581
798,12704,798,13780
798,13348,798,12018
798,12784,798,14221
798,12502,798,11554
798,13886,799,13683
799,12808,799,12758
799,15013,799,14243
799,10892,799,11605
799,16730,799,15984
799,14986,799,15240
799,17954,799,18264
799,16802,799,16703
799,19749,799,22255
799,22385,799,22873
799,25485,799,25810
799,25758,799,25810
799,24737,799,24023
799,26198,799,25528
799,24407,799,23789
799,22254,799,23281
799,24506,799,21902
799,20107,799,20084
799,21668,800,20592
800,19518,800,17645
800,16318,800,17547
800,17981,800,16343
800,16705,800,16984
800,16524,800,16803
800,18033,800,17318
800,17491,800,16801
800,16729,800,16241
800,16113,800,16831
800,18386,800,19288
800,19160,800,19361
800,21643,800,20642
800,19264,800,17825
800,19054,800,20540
800,18392,800,16600
800,18286,800,18650
800,18546,800,17879
801,17288,801,15292
801,14776,801,12426
801,13936,801,14909
801,12556,801,12298
801,14629,801,14807
801,11738,801,10281
801,10684,801,11482
801,10660,801,10509
801,11303,801,11454
801,11123,801,9738
801,9814,801,10610
801,10993,801,11579
801,10559,801,10581
801,11427,801,10099
801,9688,801,10021
801,9868,801,8846
801,9355,801,10150
801,10942,801,11019
802,11224,802,10073
802,10843,802,10889
802,11991,802,11991
802,13629,802,14398
802,12534,802,10762
802,9715,802,9922
802,12478,802,11148
802,10101,802,11327
802,15677,802,14649
802,12044,802,12529
802,13963,802,13453
802,12221,802,11484
802,13037,802,11915
802,10762,802,11761
802,12175,802,12349
802,12225,802,10967
802,11840,802,12482
802,11865,802,11682
803,11863,803,13271
803,13475,803,12886
803,14037,803,15624
803,13681,803,11993
803,13321,803,13758
803,12734,803,14579
803,18362,803,18058
803,16113,803,16726
803,18465,803,17571
803,15728,803,16368
803,19671,803,19363
803,17982,803,18464
803,21128,803,21541
803,19467,803,17976
803,19694,803,21566
803,20775,803,19468
803,20747,803,18317
803,17676,804,18184
804,19312,804,17982
804,16905,804,17621
804,18748,804,16573
804,15472,804,15218
804,16653,804,14631
804,12221,804,12507
804,13864,804,13784
804,12738,804,11176
804,12838,804,13862
804,14244,804,16395
804,18801,804,17800
804,14165,804,14780
804,16856,804,15858
804,14372,804,14346
804,15322,804,13427
804,12120,804,12914
804,14423,804,14324
804,13372,805,13248
805,14477,805,13426
805,12249,805,11351
805,11349,805,11914
805,12555,805,10787
805,11300,805,11787
805,11299,805,12017
805,11020,805,9866
805,10197,805,11223
805,9889,805,9180
805,8820,805,9227
805,10791,805,12085
805,12551,805,11915
805,11730,805,11837
805,12531,805,11099
805,11918,805,10892
805,10225,805,9484
805,9021,805,9382
806,8639,806,8894
806,10688,806,9153
806,8637,806,9535
806,11017,806,10400
806,11021,806,10198
806,10202,806,9561
806,9787,806,12250
806,13294,806,11479
806,12453,806,12914
806,13658,806,16240
806,19056,806,24170
806,34001,806,45830
806,55658,806,59422
806,59115,806,52566
806,44405,806,40400
806,37307,806,32853
806,28633,806,26861
806,27427,806,25888
807,24051,807,21158
807,21743,807,20360
807,19469,807,19597
807,20029,807,19825
807,18855,807,17774
807,17443,807,18136
807,17626,807,17573
807,18595,807,19060
807,18774,807,19467
807,22075,807,22820
807,23613,807,28191
807,34900,807,38278
807,41661,807,42988
807,41580,807,37384
807,35900,807,33596
807,30779,807,27712
807,28198,807,26686
807,25249,808,25249
808,24253,808,22128
808,21973,808,21183
808,19952,808,18828
808,18492,808,18468
808,17264,808,16573
808,17265,808,18006
808,17060,808,16270
808,17108,808,14809
808,12785,808,12477
808,13120,808,14012
808,14859,808,15344
808,17364,808,19210
808,21434,808,21256
808,20847,808,19825
808,17776,808,15860
808,16803,808,17522
808,15242,808,13504
808,14272,809,14730
809,13349,809,11557
809,13398,809,13788
809,13503,809,14600
809,15623,809,15650
809,16697,809,20695
809,26042,809,27837
809,28194,809,26680
809,23176,809,21181
809,17953,809,16063
809,16984,809,16832
809,15138,809,14165
809,15959,809,14554
809,13990,809,13630
809,12250,809,10304
809,10355,809,11280
809,10970,809,10813
809,9382,809,10024
810,10792,810,10150
810,8258,810,8923
810,12349,810,12555
810,10022,810,9841
810,11734,810,12014
810,11758,810,12141
810,15498,810,17238
810,16161,810,14063
810,16008,810,15552
810,14933,810,15014
810,14168,810,13654
810,12885,810,11043
810,12579,810,12760
810,11249,810,11713
810,14504,810,14349
810,11430,810,11994
810,15091,810,13938
810,12272,810,13169
811,13243,811,13807
811,12734,811,10839
811,12350,811,14626
811,14603,811,13987
811,13963,811,13296
811,14680,811,14399
811,12835,811,12734
811,15779,811,16649
811,16213,811,15704
811,16191,811,16757
811,19669,811,20234
811,23893,811,28499
811,32134,811,33951
811,35670,811,35134
811,31882,811,28912
811,27119,811,25557
811,25402,811,24455
811,24870,812,23739
812,23920,812,23048
812,22384,812,21769
812,21769,812,20599
812,19621,812,19367
812,22541,812,21899
812,18262,812,18853
812,19853,812,18803
812,17138,812,15449
812,16704,812,16396
812,14987,812,13682
812,14141,812,15219
812,17420,812,19469
812,21053,812,20693
812,21641,812,21999
812,20670,812,19031
812,18676,812,17523
812,17571,812,16727
812,14499,813,13094
813,14448,813,15677
813,14320,813,10404
813,12401,813,13807
813,11068,813,10637
813,13376,813,12889
813,12041,813,11324
813,14169,813,16162
813,18033,813,18671
813,19569,813,19879
813,19415,813,16985
813,16984,813,14603
813,14831,813,15243
813,17237,813,16494
813,16473,813,15345
813,15113,813,13911
813,12786,813,12121
813,11736,813,11252
814,11225,814,10919
814,11811,814,10275
814,8817,814,8893
814,10483,814,11298
814,10840,814,10098
814,11709,814,11940
814,10633,814,11612
814,12400,814,14013
814,13529,814,14602
814,17519,814,16703
814,15062,814,13961
814,16394,814,17931
814,16163,814,14525
814,15756,814,17724
814,17547,814,14986
814,13321,814,15038
814,17343,814,16242
814,14372,815,14014
815,14885,815,14114
815,14757,815,14629
815,13552,815,14015
815,16703,815,14887
815,13531,815,14143
815,15803,815,15060
815,13605,815,14835
815,16447,815,15037
815,15656,815,16446
815,18394,815,18647
815,18955,815,16750
815,16193,815,16547
815,17444,815,17594
815,17060,815,15780
815,14861,815,14963
815,16727,815,16703
815,15603,815,15347
815,17570,816,17598
816,16394,816,17240
816,20028,816,17751
816,15498,816,16576
816,16932,816,15957
816,16396,816,15778
816,15164,816,15139
816,14987,816,15345
816,17263,816,17830
816,17721,816,15827
816,14624,816,14040
816,13144,816,14145
816,16728,816,15575
816,12657,816,14269
816,16188,816,14374
816,12475,816,12324
816,13580,816,13605
816,12326,816,10916
817,12274,817,12247
817,12092,817,11427
817,11736,817,12247
817,11863,817,12047
817,12478,817,11941
817,11864,817,10378
817,11351,817,11765
817,11043,817,10129
817,10944,817,10843
817,10125,817,11074
817,12531,817,13172
817,12506,817,12631
817,13297,817,13885
817,12913,817,11835
817,13425,817,12658
817,10968,817,11147
817,11071,817,9714
817,8356,818,8817
818,10199,818,8486
818,7415,818,7461
818,10227,818,9922
818,8589,818,7972
818,9713,818,9946
818,9051,818,9173
818,10998,818,11915
818,11046,818,10736
818,11885,818,12351
818,11864,818,10277
818,11454,818,12605
818,12812,818,13858
818,13448,818,10864
818,11403,818,13091
818,14092,818,15089
818,16038,818,15166
818,14324,818,12860
818,12428,819,12481
819,13269,819,12533
819,11582,819,11148
819,12043,819,13120
819,12096,819,11303
819,13680,819,14476
819,13657,819,13222
819,13888,819,11944
819,10843,819,11224
819,13732,819,15141
819,14223,819,13015
819,14369,819,15010
819,15370,819,15881
819,15730,819,17344
819,16979,819,15626
819,16723,819,16626
819,14580,819,13369
819,14574,819,14014
820,12658,820,11684
820,13864,820,14912
820,14298,820,12783
820,12988,820,14373
820,14451,820,12887
820,14399,820,14576
820,14140,820,14368
820,13861,820,12890
820,12503,820,13401
820,14933,820,12554
820,10253,820,12169
820,14113,820,13399
820,13785,820,14347
820,14552,820,14142
820,12608,820,13630
820,14065,820,12119
820,11226,820,10737
820,11170,821,11020
821,10455,821,10071
821,12754,821,11759
821,9229,821,9377
821,11068,821,11093
821,10710,821,11274
821,12118,821,11937
821,11635,821,11224
821,13855,821,13549
821,14344,821,15549
821,17188,821,17162
821,15675,821,15931
821,16390,821,16957
821,16623,821,14704
821,15344,821,16879
821,15734,821,15552
821,15628,821,14581
821,13348,821,11456
822,12197,822,12455
822,11913,822,10352
822,12809,822,13528
822,12250,822,12376
822,13323,822,12452
822,12096,822,11198
822,12019,822,12888
822,12298,822,11329
822,11865,822,12606
822,13680,822,13934
822,16806,822,15959
822,13399,822,14348
822,14831,822,14424
822,16420,822,17345
822,16192,822,14318
822,13323,822,13731
822,14015,822,14397
822,15168,822,15501
823,16089,823,15656
823,14272,823,14038
823,14163,823,13604
823,14886,823,15345
823,16086,823,15884
823,14271,823,13936
823,15346,823,15831
823,15753,823,15271
823,16878,823,18030
823,18107,823,18059
823,18877,823,18238
823,19185,823,19311
823,20130,823,18723
823,18927,823,18517
823,20024,823,19258
823,17059,823,16906
823,17469,823,17725
823,17548,824,15371
824,15732,824,14705
824,15087,824,15188
824,15474,824,15730
824,15322,824,13453
824,11711,824,12246
824,13606,824,13121
824,14757,824,13965
824,13042,824,13122
824,16365,824,15954
824,14424,824,14191
824,16009,824,17165
824,16087,824,14650
824,14499,824,14168
824,14372,824,13043
824,12447,824,12041
824,12092,824,11452
824,11686,824,12219
825,12092,825,10765
825,12505,825,11121
825,10276,825,9230
825,10021,825,10968
825,10457,825,10224
825,11198,825,11196
825,10739,825,10376
825,10479,825,9507
825,10149,825,11707
825,13320,825,14703
825,14653,825,13938
825,14188,825,14526
825,13371,825,11813
825,11507,825,10301
825,10146,825,11250
825,10968,825,9895
825,10632,825,12479
825,11993,826,9869
826,8971,826,10788
826,11454,826,11529
826,9999,826,9636
826,11301,826,10379
826,10607,826,10224
826,9968,826,10100
826,9639,826,9459
826,10915,826,10276
826,9995,826,10535
826,12502,826,12991
826,12528,826,11937
826,12354,826,12812
826,12987,826,11969
826,11837,826,12069
826,12327,826,12965
826,13782,826,13531
826,13271,826,13812
827,13735,827,12352
827,11762,827,12711
827,13014,827,13195
827,12276,827,12326
827,14143,827,12811
827,11889,827,11637
827,13785,827,14402
827,13375,827,13399
827,12991,827,12554
827,13046,827,13732
827,15602,827,16215
827,15165,827,13833
827,15576,827,15088
827,14040,827,13988
827,16807,827,15600
827,13553,827,13451
827,14425,827,13811
827,12865,828,11708
828,12250,828,12734
828,13455,828,14629
828,14373,828,13375
828,12631,828,12809
828,14271,828,13194
828,12324,828,12452
828,13912,828,12885
828,11452,828,13320
828,15013,828,13529
828,12043,828,12275
828,12605,828,12194
828,11814,828,10611
828,12148,828,12377
828,12045,828,12174
828,12580,828,13682
828,13399,828,12301
828,12248,828,11248
829,10198,829,9970
829,10407,829,9589
829,8871,829,9102
829,10918,829,10970
829,8283,829,8077
829,9715,829,9024
829,7565,829,7512
829,8205,829,8994
829,8742,829,8895
829,9945,829,9940
829,9403,829,9816
829,10814,829,10631
829,10226,829,10151
829,11428,829,11785
829,12811,829,13143
829,12658,829,11302
829,10787,829,10738
829,11431,830,9688
830,8743,830,9509
830,10379,830,10275
830,11379,830,10227
830,10402,830,10865
830,10818,830,11302
830,10660,830,8641
830,8714,830,8997
830,11124,830,10452
830,8385,830,6874
830,8771,830,10611
830,9278,830,8742
830,10582,830,11582
830,10733,830,8997
830,9151,830,8744
830,8514,830,9766
830,11431,830,10795
830,9435,830,9590
831,11558,831,11099
831,10841,831,10995
831,12712,831,13221
831,12349,831,12042
831,13657,831,13477
831,11738,831,12274
831,14451,831,12632
831,11046,831,10354
831,11656,831,11046
831,10738,831,11582
831,13628,831,14731
831,14734,831,14475
831,14577,831,13322
831,12017,831,12042
831,13630,831,14038
831,13988,831,13963
831,12988,831,12175
831,11685,832,11275
832,12860,832,12737
832,11738,832,11866
832,12838,832,12529
832,10788,832,9460
832,10635,832,10866
832,11685,832,11584
832,12120,832,11635
832,11095,832,11045
832,11736,832,11409
832,11661,832,11426
832,11839,832,13092
832,12376,832,11203
832,11710,832,11763
832,11661,832,10764
832,11096,832,11864
832,11632,832,11124
832,11047,832,10560
833,9561,833,9967
833,10377,833,9891
833,9942,833,9995
833,10177,833,8740
833,9127,833,10917
833,12504,833,10173
833,9996,833,10408
833,11761,833,11099
833,10096,833,9200
833,10457,833,12041
833,12606,833,11785
833,11889,833,10000
833,10709,833,10277
833,11119,833,11376
833,10555,833,9970
833,11686,833,11865
833,10685,833,9613
833,10840,834,11636
834,9898,834,9153
834,9461,834,9408
834,8974,834,9024
834,11584,834,11380
834,8100,834,8049
834,10607,834,14086
834,18774,834,26606
834,34743,834,40100
834,42556,834,39453
834,37131,834,33624
834,28682,834,25482
834,24636,834,22359
834,22001,834,20182
834,21822,834,21999
834,17804,834,15471
834,16829,834,14784
834,11634,834,11251
835,14630,835,16164
835,14705,835,13348
835,13324,835,14911
835,15780,835,12120
835,12068,835,12631
835,13422,835,17446
835,24225,835,30959
835,43577,835,59401
835,72146,835,73524
835,68946,835,61678
835,55380,835,51052
835,47907,835,42246
835,39508,835,35800
835,30860,835,27300
835,25965,835,23380
835,21023,835,18902
835,18391,835,18084
835,16676,836,16011
836,18317,836,18161
836,15860,836,14909
836,15832,836,15449
836,14269,836,12837
836,13195,836,12783
836,13809,836,17418
836,21154,836,24610
836,28808,836,35664
836,39230,836,37309
836,32982,836,30702
836,28861,836,26558
836,25429,836,23613
836,21336,836,18526
836,16138,836,15343
836,14836,836,12423
836,12814,836,14165
836,15680,836,15676
837,14344,837,13297
837,13477,837,12735
837,12814,837,12579
837,12632,837,11917
837,11685,837,12046
837,12533,837,13068
837,13862,837,14069
837,15523,837,18955
837,19746,837,21410
837,20797,837,18234
837,16342,837,15066
837,14678,837,12839
837,11252,837,10430
837,11221,837,11480
837,9640,837,10790
837,12071,837,11657
837,11453,837,11710
837,12580,838,12146
838,9154,838,8944
838,10631,838,11019
838,10120,838,9407
838,10917,838,11507
838,10100,838,9716
838,11684,838,12450
838,12429,838,14041
838,14832,838,13554
838,11969,838,11990
838,12296,838,12118
838,10892,838,10584
838,11381,838,10939
838,9742,838,11096
838,14857,838,15400
838,14272,838,13271
838,13888,838,14042
838,12476,838,12120
839,13271,839,11428
839,11607,839,12020
839,11813,839,10328
839,10225,839,10024
839,11018,839,11121
839,12196,839,13399
839,15601,839,17013
839,23483,839,34899
839,49361,839,57242
839,60367,839,58118
839,51890,839,43296
839,38409,839,35617
839,34979,839,31190
839,26609,839,25019
839,26199,839,25688
839,22564,839,19978
839,20697,839,19493
839,18343,840,18107
840,17622,840,17265
840,16603,840,17418
840,17010,840,16624
840,15192,840,14938
840,14963,840,14448
840,14373,840,15318
840,17109,840,19849
840,23023,840,26167
840,31473,840,32593
840,29370,840,25407
840,22869,840,22357
840,19981,840,19161
840,18262,840,19670
840,19312,840,18188
840,17859,840,16908
840,14856,840,14347
840,15702,841,14398
841,11888,841,10067
841,12038,841,13065
841,11350,841,10994
841,10969,841,9816
841,8767,841,7921
841,10201,841,10377
841,10762,841,11271
841,13220,841,15037
841,15140,841,13680
841,16342,841,18980
841,16675,841,15503
841,15987,841,14910
841,13810,841,13709
841,13582,841,11712
841,9666,841,8335
841,9305,841,9277
841,7742,841,6567
842,7054,842,7077
842,7003,842,6850
842,7670,842,8307
842,8512,842,7509
842,8766,842,9047
842,8413,842,8051
842,9714,842,10561
842,10278,842,11223
842,12296,842,10381
842,10685,842,11942
842,12888,842,11992
842,10535,842,10535
842,11175,842,11352
842,11147,842,10713
842,11429,842,9890
842,8894,842,9227
842,9920,842,11301
842,11454,843,9817
843,10687,843,10993
843,9766,843,9052
843,9788,843,9792
843,10634,843,11478
843,12400,843,11406
843,10306,843,11172
843,11427,843,12044
843,10713,843,10918
843,12092,843,12580
843,12937,843,12040
843,11302,843,12577
843,11812,843,11687
843,12734,843,12686
843,11227,843,11329
843,13119,843,15091
843,15703,843,13758
843,13013,843,14144
844,14191,844,14197
844,14400,844,13681
844,13859,844,13657
844,15217,844,14552
844,12094,844,11709
844,12427,844,13145
844,12786,844,12863
844,13632,844,13069
844,12274,844,10483
844,9715,844,11123
844,11610,844,9842
844,9868,844,11198
844,12579,844,12427
844,12376,844,11401
844,11378,844,10713
844,10559,844,10606
844,11736,844,12789
845,13402,845,13193
845,13832,845,12402
845,12198,845,12168
845,12067,845,9941
845,9611,845,9793
845,11377,845,10715
845,10375,845,10813
845,10559,845,10403
845,11044,845,12348
845,12630,845,11223
845,12631,845,12426
845,11684,845,10381
845,11431,845,11581
845,11249,845,10198
845,11534,845,12403
845,12223,845,11095
845,11763,845,9256
845,8613,846,9787
846,10146,846,9739
846,9510,846,9251
846,9483,846,9712
846,8229,846,8000
846,8331,846,8385
846,8359,846,8001
846,8000,846,8920
846,10094,846,8844
846,9276,846,9943
846,9355,846,10173
846,10530,846,11789
846,11145,846,10686
846,12860,846,12402
846,10634,846,11763
846,12147,846,11938
846,10967,846,10458
846,12095,846,11711
847,10150,847,9613
847,10173,847,9947
847,7953,847,7513
847,8588,847,9891
847,9305,847,8127
847,9507,847,8664
847,8204,847,8564
847,10454,847,10660
847,9892,847,9842
847,12556,847,14114
847,15728,847,17264
847,20996,847,19974
847,16419,847,13882
847,16980,847,15525
847,13477,847,12836
847,12555,847,12245
847,11835,847,10303
848,10915,848,10785
848,10229,848,11787
848,14198,848,13068
848,11786,848,12276
848,13759,848,13148
848,12222,848,12555
848,13193,848,12403
848,11915,848,10686
848,10866,848,11530
848,12147,848,12762
848,13808,848,14724
848,15136,848,15112
848,16442,848,16623
848,15316,848,13476
848,13447,848,13117
848,12504,848,12659
848,12145,848,10995
848,11148,849,10203
849,9610,849,9584
849,8741,849,9200
849,8844,849,8281
849,8409,849,9767
849,10200,849,10917
849,9817,849,9381
849,9536,849,9842
849,10151,849,9559
849,10122,849,11635
849,12504,849,17773
849,23402,849,27142
849,31161,849,31774
849,30851,849,27940
849,26172,849,23533
849,22103,849,19750
849,15935,849,14704
849,15907,849,15780
850,13526,850,10378
850,11480,850,12045
850,13528,850,13786
850,12684,850,11352
850,10765,850,10250
850,10531,850,10149
850,7821,850,7537
850,9202,850,10075
850,9458,850,9305
850,10736,850,12604
850,16266,850,18927
850,23177,850,24533
850,20233,850,18519
850,20564,850,21104
850,18520,850,17880
850,17497,850,15368
850,16215,850,16756
851,16011,851,15444
851,15419,851,15628
851,16420,851,15140
851,12275,851,11249
851,12067,851,11328
851,10536,851,9870
851,10919,851,10841
851,10506,851,10329
851,10944,851,10199
851,9488,851,10201
851,14597,851,16803
851,16342,851,18336
851,22409,851,25581
851,27041,851,28680
851,31134,851,27782
851,22844,851,20006
851,19849,851,18444
851,16010,852,15321
852,16087,852,15368
852,13579,852,12581
852,12864,852,11711
852,10893,852,10510
852,11916,852,11785
852,10786,852,11756
852,13505,852,13300
852,12733,852,13146
852,14681,852,13374
852,13786,852,15269
852,13731,852,14675
852,15849,852,16852
852,20437,852,19819
852,18741,852,18107
852,17413,852,15164
852,14116,852,13552
852,13192,853,11636
853,8896,853,8533
853,10940,853,9636
853,7588,853,8973
853,10789,853,10712
853,9049,853,7870
853,9331,853,10429
853,10606,853,12018
853,12349,853,12043
853,12069,853,11271
853,10353,853,11173
853,11197,853,12452
853,12808,853,13474
853,13422,853,14854
853,14627,853,14883
853,14270,853,11967
853,12633,853,12475
853,11482,853,11916
854,11430,854,10382
854,10199,854,10557
854,12120,854,10661
854,9714,854,8742
854,9716,854,10201
854,10380,854,10405
854,11199,854,10918
854,11253,854,12425
854,11660,854,11915
854,11532,854,10328
854,10737,854,11098
854,11687,854,10585
854,8693,854,7413
854,7535,854,7567
854,8127,854,8565
854,7946,854,8358
854,10019,854,9638
854,8485,855,8893
855,10841,855,11531
855,10122,855,10022
855,10533,855,8921
855,8614,855,8510
855,9788,855,10356
855,10995,855,10610
855,13015,855,14322
855,15243,855,17085
855,18390,855,17313
855,14987,855,14423
855,14833,855,14270
855,13015,855,12533
855,12991,855,12606
855,9716,855,8513
855,11020,855,11664
855,11222,855,10096
855,9764,856,9613
856,10301,856,10736
856,11917,856,11531
856,10660,856,10610
856,11251,856,11968
856,10510,856,10507
856,10814,856,11148
856,11740,856,12195
856,13682,856,15167
856,15089,856,13631
856,13452,856,14068
856,13730,856,12787
856,13735,856,13915
856,14244,856,14194
856,12911,856,12582
856,12378,856,11684
856,13985,856,13344
856,11047,856,10408
857,12144,857,10609
857,8412,857,10281
857,11686,857,10022
857,8277,857,8562
857,10865,857,10377
857,8027,857,7510
857,9430,857,9995
857,9507,857,10405
857,9896,857,9762
857,10125,857,10252
857,8359,857,8206
857,8357,857,7846
857,8562,857,8897
857,8257,857,7590
857,8818,857,8589
857,9993,857,10483
857,9384,857,7950
858,7486,858,7720
858,7924,858,7615
858,7306,858,8204
858,7439,858,8000
858,8690,858,7615
858,8615,858,7771
858,6390,858,7640
858,9409,858,7898
858,7411,858,7588
858,8234,858,7794
858,7536,858,7078
858,7431,858,7664
858,7537,858,8049
858,9895,858,9177
858,7411,858,7821
858,8562,858,8179
858,7616,858,8689
859,9816,859,8126
859,6308,859,6590
859,8180,859,7870
859,7463,859,7945
859,8256,859,7924
859,8411,859,8078
859,9178,859,7819
859,6976,859,8129
859,10152,859,10022
859,8103,859,7157
859,10025,859,10533
859,11147,859,10073
859,10536,859,9866
859,9659,859,10201
859,9716,859,9099
859,7896,859,8789
859,8791,859,8483
859,7793,860,7973
860,8690,860,8895
860,9103,860,8611
860,8334,860,9025
860,9460,860,7971
860,8409,860,8944
860,9101,860,8206
860,7898,860,8230
860,7742,860,9098
860,10174,860,9587
860,7843,860,7207
860,9510,860,10226
860,9000,860,9738
860,11607,860,10636
860,8947,860,8819
860,9612,860,9435
860,8615,860,7897
860,9514,861,10405
861,9229,861,8308
861,8510,861,8691
861,8537,861,8667
861,9257,861,8203
861,7999,861,7692
861,9306,861,9791
861,8383,861,8692
861,8790,861,7538
861,8024,861,7099
861,7460,861,7355
861,8227,861,7514
861,7618,861,7872
861,7822,861,7541
861,7919,861,8386
861,6797,861,6465
861,8020,861,7332
861,6309,861,6748
862,8357,862,8487
862,7769,862,6666
862,7026,862,7054
862,7541,862,7335
862,8382,862,7741
862,7282,862,7947
862,8920,862,7923
862,7284,862,8180
862,8587,862,8258
862,7437,862,6952
862,6769,862,7461
862,7514,862,7310
862,7850,862,7999
862,8307,862,7669
862,6901,862,7205
862,7308,862,6540
862,6976,862,7381
863,8228,863,8383
863,9026,863,9099
863,7282,863,7897
863,9484,863,8764
863,6846,863,7335
863,8484,863,9282
863,9917,863,11046
863,11226,863,10330
863,9715,863,8714
863,9252,863,10331
863,8995,863,8177
863,10068,863,9584
863,8103,863,7767
863,9767,863,11224
863,9789,863,8995
863,10153,863,10944
863,8819,863,9071
864,10302,864,8869
864,7794,864,7947
864,9460,864,8643
864,8408,864,8252
864,8741,864,8871
864,9050,864,9408
864,9998,864,10249
864,9815,864,9995
864,11966,864,11123
864,10173,864,10656
864,13526,864,13602
864,12426,864,13453
864,17497,864,15781
864,12813,864,12350
864,13320,864,12505
864,11456,864,10352
864,10737,864,10432
864,8360,865,7845
865,10535,865,9791
865,7619,865,8920
865,10942,865,10816
865,10354,865,9838
865,10788,865,10176
865,9563,865,9124
865,11864,865,17648
865,26787,865,54177
865,114463,865,218957
865,362311,865,501221
865,592156,865,593094
865,530663,865,454040
865,392141,865,338455
865,287080,865,253239
865,230352,865,202764
865,182713,865,167252
865,154606,866,140015
866,127781,866,114389
866,103841,866,96009
866,86486,866,78065
866,74425,866,68363
866,66236,866,63576
866,62857,866,56178
866,50358,866,50212
866,54611,866,61907
866,78090,866,112978
866,172850,866,235626
866,293836,866,321125
866,308402,866,275074
866,235627,866,203831
866,179430,866,159469
866,141396,866,125164
866,115510,866,104301
866,95008,867,87537
867,81624,867,73813
867,69331,867,63140
867,56432,867,50109
867,50747,867,50651
867,48444,867,44886
867,42326,867,39458
867,37616,867,35366
867,33982,867,35823
867,42916,867,52744
867,70686,867,94216
867,121115,867,138292
867,141722,867,132561
867,119758,867,102428
867,85048,867,69919
867,59172,867,46115
867,38203,867,33211
867,29041,867,24150
868,21104,868,21436
868,19927,868,17162
868,17163,868,20879
868,21312,868,20569
868,20796,868,22794
868,25225,868,23072
868,21387,868,19110
868,19828,868,21718
868,23584,868,23459
868,27835,868,32314
868,35004,868,41812
868,48570,868,49213
868,42404,868,35001
868,32519,868,29090
868,24151,868,21106
868,19699,868,17315
868,14270,868,12325
869,11379,869,11479
869,10434,869,9638
869,11119,869,11227
869,11328,869,11607
869,12758,869,13426
869,11991,869,11816
869,11912,869,11944
869,11890,869,11555
869,12399,869,13655
869,16701,869,20334
869,23816,869,26706
869,23328,869,20797
869,19412,869,16057
869,12044,869,8510
869,8152,869,6821
869,5794,869,5493
869,8995,869,10838
870,10204,870,11943
870,17239,870,19519
870,22103,870,23100
870,23896,870,24742
870,25863,870,23895
870,22640,870,20514
870,17161,870,13427
870,12942,870,11608
870,9586,870,9227
870,10660,870,11484
870,12963,870,14063
870,15012,870,15393
870,11814,870,9353
870,10706,870,10072
870,8436,870,7924
870,7744,870,7462
870,7565,870,7511
871,9968,871,10587
871,11789,871,13068
871,13964,871,14986
871,16089,871,16674
871,16420,871,14912
871,12965,871,11479
871,13758,871,14401
871,13248,871,12297
871,12632,871,13659
871,13657,871,14090
871,16083,871,17085
871,16750,871,16395
871,15934,871,13526
871,12941,871,12786
871,14911,871,14935
871,15187,871,17678
871,20744,871,22534
872,22053,872,21360
872,22434,872,21876
872,19569,872,16726
872,14962,872,12377
872,9306,872,6897
872,7206,872,6847
872,5723,872,3571
872,4466,872,5697
872,5210,872,5417
872,6234,872,7181
872,8841,872,11173
872,13220,872,13960
872,12783,872,13195
872,13708,872,14040
872,14270,872,15393
872,16037,872,16600
872,16419,872,15421
872,16241,873,15957
873,13525,873,11659
873,12705,873,11530
873,9868,873,9893
873,9073,873,7356
873,6463,873,5821
873,5488,873,6259
873,6105,873,5618
873,7104,873,6388
873,5594,873,5490
873,7330,873,7538
873,8099,873,7460
873,7946,873,8536
873,8898,873,8893
873,8514,873,8077
873,7999,873,8510
873,9434,873,9766
873,9587,874,8149
874,8099,874,6845
874,5595,874,4161
874,5440,874,5389
874,4342,874,3470
874,4210,874,5106
874,5721,874,7078
874,9764,874,11916
874,12145,874,13836
874,17698,874,17801
874,16397,874,16371
874,17138,874,16596
874,15985,874,13963
874,12298,874,10917
874,8512,874,7765
874,7771,874,6925
874,6542,874,6593
874,6592,875,6385
875,5748,875,5671
875,6132,875,6797
875,5646,875,5417
875,6463,875,5901
875,5697,875,6257
875,10228,875,10789
875,9820,875,10871
875,12888,875,12967
875,12299,875,12579
875,12941,875,13350
875,12067,875,12785
875,14578,875,12912
875,11506,875,10865
875,11483,875,11197
875,10533,875,9051
875,9460,875,9587
875,8333,876,7156
876,8207,876,8256
876,6643,876,6671
876,7847,876,7565
876,7845,876,8459
876,10481,876,11658
876,10637,876,10020
876,12682,876,12272
876,10123,876,10072
876,11787,876,9894
876,7487,876,6898
876,6745,876,5645
876,4645,876,4134
876,3546,876,3542
876,3367,876,4392
876,5976,876,6848
876,7183,876,7487
876,10432,877,12910
877,13603,877,16238
877,19645,877,17468
877,14704,877,15521
877,17037,877,15883
877,13860,877,13046
877,14167,877,13735
877,11430,877,10074
877,12168,877,9358
877,7101,877,7207
877,6643,877,5643
877,5336,877,5057
877,5902,877,6156
877,6078,877,6155
877,7254,877,6560
877,5413,877,6564
877,8944,877,7256
877,6822,878,7641
878,11379,878,12634
878,9994,878,8638
878,10459,878,9922
878,9663,878,10020
878,10864,878,9025
878,7516,878,7483
878,7743,878,6156
878,4825,878,6286
878,7075,878,6359
878,6156,878,5979
878,6590,878,6283
878,6922,878,7874
878,11046,878,11962
878,12732,878,12378
878,15725,878,15166
878,13551,878,13580
878,14707,879,12965
879,10763,879,9612
879,12248,879,12580
879,10790,879,9022
879,8100,879,8610
879,6542,879,5902
879,5260,879,5159
879,5131,879,4750
879,5520,879,5568
879,4825,879,5954
879,7639,879,7769
879,7489,879,8410
879,10222,879,10684
879,9689,879,10760
879,14191,879,15344
879,12866,879,12176
879,13372,879,13681
879,12606,880,11888
880,12298,880,11887
880,11324,880,9201
880,7973,880,9663
880,8690,880,8844
880,11227,880,10561
880,8919,880,9096
880,10175,880,7950
880,6775,880,9047
880,10429,880,10020
880,8409,880,7003
880,9330,880,11583
880,11147,880,10658
880,11606,880,11429
880,11475,880,10531
880,9535,880,8101
880,7384,880,6054
880,5746,881,6848
881,6106,881,5159
881,5211,881,4211
881,4212,881,5030
881,6133,881,6184
881,6515,881,7515
881,7919,881,7130
881,7693,881,7898
881,9021,881,9844
881,11020,881,14782
881,19620,881,22201
881,24431,881,25559
881,23179,881,20081
881,17446,881,16652
881,16267,881,14139
881,11708,881,10404
881,11584,881,10223
881,7901,882,7259
882,7336,882,6950
882,6541,882,5641
882,5719,882,5212
882,5340,882,6666
882,6822,882,6539
882,4546,882,5256
882,6413,882,5570
882,5902,882,6719
882,9202,882,10150
882,9970,882,11043
882,13296,882,14296
882,13681,882,11276
882,11276,882,11379
882,10096,882,9429
882,10224,882,8889
882,7718,882,8608
882,9609,883,8997
883,9128,883,9714
883,10533,883,10506
883,10942,883,11684
883,12580,883,12146
883,10840,883,10789
883,11969,883,11453
883,9742,883,7180
883,8126,883,8485
883,7386,883,5798
883,7335,883,7667
883,7383,883,8026
883,8252,883,6745
883,6234,883,5801
883,5723,883,6539
883,7101,883,7512
883,7768,883,7386
883,7335,884,6668
884,6740,884,7719
884,7491,884,8382
884,9867,884,9844
884,9843,884,9842
884,10916,884,10276
884,8307,884,8741
884,10049,884,10433
884,8846,884,8332
884,8409,884,7924
884,7439,884,8845
884,9994,884,9100
884,7024,884,6641
884,8663,884,8588
884,7001,884,7411
884,7842,884,6130
884,4696,884,5697
884,8611,885,8359
885,6566,885,6746
885,9279,885,9816
885,6769,885,5466
885,6284,885,7207
885,5136,885,5082
885,5313,885,3980
885,3472,885,4111
885,5413,885,7128
885,7286,885,6950
885,7283,885,7051
885,7745,885,8076
885,8458,885,9434
885,9970,885,9482
885,10531,885,9253
885,7974,885,8149
885,9665,885,10818
885,9869,886,8972
886,8842,886,8152
886,6462,886,6539
886,8206,886,7181
886,6439,886,5898
886,5873,886,6515
886,5645,886,5210
886,5006,886,4311
886,4136,886,4904
886,5725,886,5566
886,6285,886,6951
886,8257,886,9100
886,8566,886,7490
886,7667,886,6337
886,5875,886,5510
886,6566,886,7180
886,7231,886,8177
886,8231,887,7594
887,7154,887,6974
887,7638,887,7616
887,6363,887,6874
887,7897,887,7589
887,5364,887,5056
887,7229,887,7460
887,7156,887,7362
887,7307,887,8587
887,9380,887,9354
887,10402,887,10738
887,9818,887,10280
887,11584,887,9919
887,7715,887,8408
887,10146,887,9638
887,7770,887,8921
887,8845,887,7510
887,5799,888,5516
888,5338,888,5106
888,5694,888,5008
888,5079,888,5336
888,4086,888,4005
888,5466,888,7128
888,8304,888,7461
888,7517,888,7742
888,7667,888,7638
888,8101,888,9332
888,8768,888,8896
888,11173,888,9638
888,8229,888,7153
888,7617,888,8077
888,8611,888,7641
888,7946,888,7153
888,6437,888,7081
888,7871,889,7101
889,5669,889,6438
889,7485,889,7229
889,6105,889,5798
889,6360,889,5413
889,5314,889,5109
889,5799,889,4599
889,4085,889,4336
889,5312,889,5667
889,5617,889,4596
889,4670,889,5313
889,5283,889,5027
889,5362,889,6258
889,5544,889,3776
889,3670,889,4826
889,5032,889,4929
889,5697,889,5850
890,5413,890,5974
890,6846,890,6310
890,5972,890,6463
890,8764,890,9384
890,8588,890,7770
890,7617,890,7999
890,7233,890,6591
890,7051,890,6514
890,5490,890,5797
890,7487,890,6490
890,4263,890,3776
890,5157,890,5107
890,4111,890,4847
890,6158,890,4826
890,4109,890,4724
890,5466,890,6743
890,6515,890,4721
891,5465,891,6592
891,5954,891,6464
891,7433,891,6388
891,6186,891,6923
891,8918,891,8254
891,5926,891,5774
891,7950,891,7952
891,6925,891,6616
891,8125,891,8256
891,7795,891,8640
891,8695,891,8154
891,7844,891,7847
891,8127,891,8179
891,9814,891,10585
891,11198,891,10456
891,8612,891,7948
891,9380,891,10354
892,10255,892,10047
892,10280,892,9181
892,8949,892,9536
892,9588,892,8204
892,6848,892,6132
892,6361,892,5902
892,4851,892,4879
892,6081,892,7005
892,5954,892,5670
892,7668,892,8051
892,6952,892,5978
892,7023,892,8305
892,8717,892,8304
892,9511,892,10559
892,10865,892,12373
892,12120,892,11123
892,9843,892,9461
893,10611,893,10227
893,8332,893,8585
893,9277,893,8745
893,7386,893,6513
893,7535,893,7204
893,6259,893,6386
893,7491,893,7361
893,6439,893,6898
893,8335,893,8026
893,8792,893,9023
893,10150,893,10304
893,10098,893,12145
893,19003,893,24091
893,24811,893,23326
893,26272,893,24403
893,19028,893,15217
893,15215,893,15213
894,13990,894,12734
894,12836,894,11122
894,8895,894,9177
894,10302,894,9765
894,10559,894,10712
894,10354,894,9125
894,8228,894,8792
894,10661,894,10817
894,10510,894,10203
894,11200,894,11638
894,11149,894,11280
894,13734,894,16500
894,16753,894,17905
894,20846,894,21437
894,18238,894,14829
894,13806,894,12964
894,11330,895,10276
895,10223,895,8895
895,7410,895,7257
895,7820,895,8077
895,7258,895,6926
895,8844,895,8564
895,7256,895,6976
895,8485,895,8691
895,7664,895,7410
895,9176,895,9050
895,8130,895,8075
895,9588,895,9713
895,10582,895,11351
895,14271,895,15551
895,15267,895,14960
895,12682,895,12804
895,12322,895,10734
895,10738,896,10021
896,8921,896,8535
896,9201,896,8640
896,7384,896,8665
896,8975,896,8613
896,8308,896,8640
896,9076,896,7643
896,6977,896,7922
896,7869,896,7921
896,7102,896,7178
896,8025,896,8307
896,7975,896,6924
896,8307,896,9611
896,9482,896,7742
896,9533,896,9789
896,7512,896,6948
896,7078,896,7976
896,7846,897,7974
897,8331,897,7742
897,6466,897,7078
897,7279,897,5954
897,6538,897,7209
897,9328,897,9999
897,9609,897,9845
897,10200,897,10327
897,9868,897,9971
897,10350,897,10353
897,8872,897,11379
897,18496,897,30906
897,59164,897,110669
897,190876,897,266829
897,304896,897,300161
897,261400,897,213045
897,181554,897,156545
898,137677,898,121735
898,105302,898,90807
898,83511,898,74786
898,64904,898,59633
898,56252,898,48776
898,41379,898,37616
898,36103,898,31573
898,27530,898,26378
898,27171,898,25787
898,22334,898,20315
898,20999,898,19287
898,20848,898,30806
898,48959,898,79052
898,115689,898,147283
898,172188,898,165528
898,143054,898,120478
898,109007,898,94344
899,80314,899,68568
899,62570,899,56278
899,49773,899,46604
899,43146,899,37386
899,33266,899,30090
899,27173,899,25434
899,22259,899,19111
899,20082,899,18700
899,17085,899,16522
899,14730,899,12737
899,11634,899,11379
899,16063,899,18519
899,23994,899,37077
899,52358,899,63472
899,73298,899,72502
899,68078,899,58811
899,47344,899,40430
900,34773,900,29091
900,25325,900,21385
900,19387,900,16985
900,12863,900,10406
900,11121,900,9098
900,8022,900,9231
900,11277,900,10384
900,8511,900,8791
900,10507,900,9688
900,9254,900,10329
900,10378,900,8229
900,8664,900,10041
900,13553,900,17340
900,20390,900,21897
900,24892,900,24814
900,20311,900,17730
900,17959,901,16320
901,13094,901,10839
901,9662,901,8436
901,7386,901,7669
901,8309,901,7052
901,6032,901,6898
901,5568,901,5134
901,5772,901,5512
901,5923,901,5725
901,6720,901,7359
901,7307,901,8306
901,8385,901,7488
901,7718,901,7873
901,7746,901,9283
901,11711,901,11451
901,9509,901,8434
901,9940,901,9201
901,7055,902,5539
902,4108,902,4442
902,4187,902,3011
902,3086,902,3855
902,2625,902,3395
902,5592,902,7537
902,7560,902,7462
902,9664,902,12198
902,11712,902,12323
902,12889,902,11178
902,9052,902,8565
902,9637,902,8768
902,6747,902,6975
902,8279,902,7764
902,7028,902,6999
902,6717,902,6082
902,5595,902,5104
902,5108,903,4598
903,4033,903,3392
903,3774,903,4184
903,3679,903,4598
903,5595,903,5564
903,5595,903,6999
903,9485,903,8868
903,9024,903,9383
903,11144,903,11248
903,9411,903,9711
903,11378,903,10049
903,7613,903,7231
903,9047,903,10327
903,10403,903,10812
903,12041,903,12067
903,10478,903,9944
903,9021,903,8077
904,7840,904,6850
904,6951,904,7842
904,7771,904,8281
904,8768,904,10766
904,10995,904,12270
904,13785,904,13454
904,12327,904,11714
904,12582,904,11712
904,9456,904,7564
904,7235,904,6516
904,4747,904,4700
904,4672,904,4341
904,4675,904,6513
904,7591,904,7440
904,7206,904,8384
904,9226,904,9614
904,9381,904,8025
905,8794,905,8307
905,7693,905,8021
905,8461,905,9769
905,10120,905,9765
905,8922,905,8283
905,8997,905,9817
905,9918,905,8769
905,7742,905,6589
905,6721,905,6519
905,5670,905,5390
905,7023,905,8002
905,6692,905,5495
905,7715,905,11094
905,12171,905,12755
905,11915,905,9505
905,7998,905,8046
905,7641,906,7949
906,7538,906,7204
906,7616,906,7691
906,6641,906,6797
906,8563,906,8840
906,7870,906,7232
906,6516,906,5723
906,4853,906,3701
906,4518,906,4136
906,4239,906,5411
906,4365,906,3266
906,3086,906,3674
906,4571,906,6637
906,7899,906,9327
906,12117,906,12910
906,11990,906,12299
906,12865,906,12170
906,12610,907,9868
907,9178,907,9616
907,7795,907,6618
907,8052,907,9154
907,7005,907,5466
907,5976,907,5236
907,5388,907,5181
907,7055,907,7820
907,10125,907,13297
907,15014,907,17086
907,16653,907,15782
907,16525,907,15909
907,15191,907,14963
907,15988,907,17624
907,17469,907,16089
907,15012,907,13785
907,11425,907,10304
908,11047,908,11276
908,10507,908,9662
908,9561,908,8945
908,7486,908,6973
908,9150,908,8718
908,7387,908,6437
908,7129,908,7255
908,7564,908,8207
908,11145,908,13938
908,14732,908,14680
908,15320,908,17112
908,15655,908,13556
908,14833,908,16241
908,15832,908,14116
908,14705,908,13989
908,11967,908,9920
908,9713,908,8716
909,9279,909,8841
909,8103,909,7413
909,6156,909,5926
909,6974,909,7617
909,7438,909,8974
909,9408,909,7672
909,7848,909,7617
909,9685,909,11736
909,10713,909,11814
909,14807,909,14754
909,13015,909,11609
909,11072,909,11429
909,12864,909,12582
909,12042,909,11913
909,10761,909,10251
909,9843,909,8282
909,7130,910,6055
910,5362,910,5134
910,4648,910,4595
910,4725,910,5902
910,5645,910,6053
910,6718,910,6538
910,6874,910,6208
910,7130,910,6285
910,6848,910,7435
910,8589,910,8384
910,9384,910,10074
910,10202,910,9818
910,8537,910,6593
910,7309,910,8507
910,7922,910,7406
910,7821,910,7233
910,5699,910,5213
910,5385,911,6467
911,7489,911,7207
911,7283,911,7435
911,6797,911,6620
911,8077,911,8874
911,8538,911,7792
911,7820,911,7900
911,8435,911,8178
911,9026,911,8690
911,7460,911,7152
911,7972,911,6771
911,5287,911,6130
911,7327,911,5847
911,4723,911,5409
911,6792,911,5747
911,5056,911,5645
911,5209,911,5567
912,7385,912,8050
912,7156,912,6595
912,7514,912,6694
912,6641,912,7998
912,8230,912,8768
912,10506,912,9635
912,9099,912,9182
912,8894,912,8153
912,8359,912,6874
912,6977,912,8128
912,5800,912,5439
912,7794,912,8381
912,6671,912,5568
912,5698,912,5389
912,5237,912,4725
912,5591,912,7309
912,7947,913,7158
913,7362,913,7206
913,7283,913,8688
913,8361,913,8461
913,7793,913,7689
913,7692,913,7847
913,6338,913,5977
913,6438,913,5289
913,4673,913,4775
913,5313,913,5364
913,5032,913,5671
913,5929,913,5105
913,4545,913,5080
913,6435,913,7181
913,7079,913,7050
913,7074,913,7233
913,7053,913,5719
913,7486,914,8279
914,8204,914,8026
914,8204,914,8381
914,7951,914,7591
914,7233,914,5873
914,4748,914,4619
914,5773,914,5515
914,4878,914,5721
914,6131,914,5335
914,3448,914,3289
914,3802,914,4233
914,4724,914,4416
914,4671,914,4928
914,4776,914,4187
914,5721,914,7210
914,5644,914,4622
914,5007,914,4315
915,5466,915,6385
915,6182,915,6208
915,6363,915,6131
915,6513,915,6333
915,5007,915,5007
915,6259,915,5597
915,4724,915,4594
915,5440,915,5260
915,4392,915,4724
915,4750,915,4726
915,6282,915,6619
915,7131,915,9123
915,8819,915,7664
915,9484,915,10199
915,9304,915,7867
915,8509,915,9485
915,9431,915,7768
916,7585,916,6360
916,5387,916,6311
916,6923,916,6743
916,5643,916,5568
916,5872,916,5566
916,5183,916,5952
916,6339,916,6336
916,6488,916,6334
916,6946,916,6823
916,6207,916,5876
916,7589,916,9686
916,10046,916,8792
916,9482,916,9633
916,7770,916,7490
916,7765,916,7488
916,7103,916,7794
916,7822,917,6694
917,5620,917,6900
917,7691,917,7358
917,7309,917,6386
917,5614,917,6794
917,5976,917,4724
917,5565,917,6132
917,6057,917,5441
917,5670,917,6056
917,6006,917,6360
917,8255,917,8767
917,9920,917,12068
917,15369,917,14268
917,13214,917,12675
917,12906,917,10938
917,9072,917,9996
917,9737,917,7511
918,7203,918,7104
918,7154,918,6746
918,6308,918,6948
918,8610,918,10044
918,10178,918,11020
918,12479,918,11580
918,9098,918,9965
918,12170,918,11225
918,9124,918,9636
918,10740,918,12479
918,12274,918,11583
918,14730,918,14266
918,12960,918,12090
918,12087,918,12041
918,12017,918,12323
918,11731,918,10325
918,10149,918,10254
919,10792,919,10150
919,8868,919,11275
919,13400,919,12274
919,11227,919,11865
919,12913,919,13629
919,12709,919,11864
919,14984,919,18034
919,27068,919,47521
919,94651,919,184994
919,354543,919,623030
919,929177,919,1197768
919,1449370,919,1691626
919,1925992,919,2163305
919,2330861,919,2355049
919,2244530,919,2079409
919,1933162,919,1831529
919,1751650,920,1667479
920,1587044,920,1523453
920,1464373,920,1408129
920,1358645,920,1301169
920,1238344,920,1183895
920,1134823,920,1088283
920,1035650,920,987187
920,947308,920,898816
920,856938,920,834870
920,823042,920,844824
920,900840,920,981175
920,1081037,920,1191884
920,1331559,920,1488946
920,1660335,920,1826819
920,1947723,920,1957608
920,1861454,920,1713663
920,1586077,920,1489303
921,1415908,921,1348661
921,1276927,921,1202069
921,1134920,921,1059589
921,997068,921,946741
921,887398,921,834923
921,792503,921,749109
921,701160,921,654547
921,625206,921,598195
921,569274,921,548663
921,546512,921,549791
921,552755,921,578383
921,626053,921,685620
921,755123,921,849349
921,959457,921,1052311
921,1101925,921,1083465
921,1007253,921,907822
921,805911,922,712212
922,633366,922,554700
922,476905,922,408734
922,356662,922,318497
922,286806,922,260869
922,247354,922,240906
922,232202,922,221347
922,217709,922,220400
922,219013,922,209669
922,205059,922,203727
922,207367,922,209285
922,205773,922,211080
922,226335,922,243507
922,264115,922,283825
922,309012,922,332721
922,354943,922,348897
922,324886,922,296501
922,268977,923,240281
923,210283,923,179303
923,151969,923,127596
923,108117,923,91020
923,80214,923,75091
923,71385,923,67491
923,64291,923,63066
923,69179,923,69409
923,67821,923,64186
923,63237,923,63345
923,65721,923,67896
923,69285,923,73378
923,80263,923,87737
923,96947,923,100408
923,100147,923,94667
923,77953,923,54152
923,34179,923,18696
924,10687,924,6412
924,4035,924,3650
924,4495,924,6825
924,10692,924,20698
924,34981,924,54256
924,76393,924,101586
924,123884,924,139804
924,156746,924,162253
924,161736,924,159387
924,155362,924,141187
924,124720,924,109163
924,98765,924,88967
924,80776,924,70255
924,64237,924,57376
924,51211,924,44477
924,39585,924,32804
924,25607,925,18007
925,15063,925,15550
925,14654,925,13939
925,15375,925,19546
925,23465,925,28580
925,35155,925,42117
925,53128,925,66360
925,77190,925,86660
925,96900,925,99611
925,100405,925,98611
925,95516,925,87634
925,83514,925,78265
925,75885,925,72892
925,69308,925,68052
925,67208,925,61833
925,59499,925,54586
925,47651,925,40506
926,39302,926,38256
926,41866,926,46449
926,55560,926,65980
926,80162,926,92885
926,106501,926,118380
926,127416,926,131943
926,134046,926,126852
926,112460,926,90755
926,68586,926,45600
926,24607,926,11991
926,6259,926,3394
926,1712,926,814
926,432,926,330
926,508,926,1120
926,1968,926,3602
926,5519,926,7794
926,11272,927,14502
927,16960,927,21386
927,27348,927,32907
927,37718,927,40634
927,45573,927,49563
927,53229,927,55070
927,57885,927,56913
927,54944,927,49897
927,44578,927,35228
927,22255,927,13424
927,8923,927,6028
927,4673,927,3422
927,2165,927,2550
927,1913,927,1684
927,2936,927,3291
927,3959,927,3574
927,2547,927,3188
928,2166,928,3418
928,4187,928,4697
928,5184,928,5235
928,8557,928,11147
928,10659,928,10891
928,11601,928,10321
928,8097,928,6667
928,5516,928,2803
928,1145,928,966
928,1299,928,992
928,637,928,1018
928,1782,928,3395
928,7640,928,15629
928,29294,928,46450
928,65184,928,81820
928,97590,928,105295
928,110412,928,110210
929,108158,929,96902
929,82868,929,70766
929,63418,929,51105
929,39385,929,29886
929,23971,929,17367
929,13913,929,9865
929,8232,929,6283
929,6055,929,5543
929,4752,929,4882
929,3730,929,4316
929,6799,929,9180
929,11172,929,15602
929,21822,929,28912
929,35463,929,44709
929,53918,929,61398
929,65516,929,67664
929,70019,930,69840
930,69890,930,66412
930,65211,930,61065
930,58121,930,55459
930,55178,930,53051
930,49289,930,45371
930,41765,930,36645
930,34057,930,31600
930,28603,930,25792
930,23920,930,25125
930,30144,930,34545
930,40049,930,45754
930,52973,930,59736
930,66825,930,67309
930,68562,930,65848
930,59581,930,47775
930,35642,930,20998
931,9427,931,4441
931,3340,931,1174
931,764,931,663
931,534,931,560
931,305,931,636
931,763,931,1402
931,2501,931,3599
931,5133,931,6745
931,10228,931,14627
931,20309,931,24129
931,25988,931,27271
931,30599,931,33316
931,34849,931,36049
931,36411,931,33005
931,28477,931,24097
931,18489,931,13347
931,7738,932,5667
932,4673,932,2272
932,1761,932,1403
932,1273,932,1708
932,1350,932,840
932,660,932,1273
932,1503,932,1199
932,1733,932,1836
932,1299,932,1886
932,3292,932,3626
932,3343,932,5567
932,5490,932,5159
932,5873,932,6716
932,7510,932,6818
932,5770,932,5412
932,6279,932,4850
932,2956,932,1883
933,2907,933,2040
933,1964,933,1962
933,3012,933,4880
933,9739,933,16269
933,26022,933,37337
933,48854,933,60345
933,73503,933,79646
933,82637,933,85431
933,87477,933,82539
933,72963,933,62699
933,54048,933,42835
933,30268,933,21873
933,17366,933,13734
933,10895,933,8206
933,7924,933,6492
933,5031,933,4418
933,5263,934,4650
934,5905,934,6773
934,8588,934,10945
934,13248,934,16832
934,24334,934,30117
934,34622,934,39969
934,46753,934,50309
934,54585,934,56248
934,57558,934,55146
934,53228,934,51462
934,52767,934,48980
934,44734,934,42480
934,42530,934,40793
934,37695,934,33497
934,31292,934,27454
934,23560,934,20924
934,19647,934,17699
935,16112,935,16419
935,18084,935,18446
935,20131,935,22461
935,25354,935,27225
935,27964,935,29959
935,30706,935,27091
935,21978,935,16931
935,12474,935,7462
935,4083,935,3060
935,1579,935,1632
935,1145,935,1021
935,916,935,789
935,891,935,2294
935,5082,935,9327
935,16031,935,21790
935,27246,935,28245
935,28657,936,31620
936,37180,936,39997
936,40992,936,44060
936,45602,936,42606
936,41633,936,40816
936,37767,936,31291
936,25637,936,19492
936,14882,936,11403
936,8280,936,6541
936,4183,936,2217
936,2141,936,1836
936,1300,936,1556
936,1454,936,2372
936,3288,936,4517
936,6253,936,9069
936,12221,936,11173
936,9688,936,9762
937,10866,937,9429
937,8461,937,8484
937,10048,937,10788
937,11609,937,12787
937,14554,937,14884
937,14193,937,13733
937,13962,937,12374
937,9535,937,7921
937,7974,937,8689
937,10300,937,9661
937,10842,937,13120
937,17114,937,22256
937,30010,937,39101
937,51230,937,64668
937,74732,937,80774
937,85607,937,85534
937,84508,938,80283
938,72144,938,61778
938,54589,938,45473
938,35567,938,25508
938,18981,938,15069
938,10841,938,8181
938,7177,938,6233
938,6897,938,5312
938,5491,938,4851
938,6233,938,8052
938,9970,938,13961
938,17313,938,19133
938,24408,938,31193
938,36900,938,42783
938,49926,938,55122
938,57122,938,56171
938,57681,938,54639
939,52026,939,50567
939,48902,939,42863
939,39921,939,36414
939,33570,939,30189
939,26940,939,24023
939,22003,939,17830
939,15424,939,13888
939,13860,939,12298
939,9994,939,8715
939,9942,939,10786
939,10894,939,9639
939,9893,939,11095
939,11659,939,11685
939,12914,939,13578
939,10989,939,8050
939,7562,939,5105
939,3188,940,2882
940,1935,940,1045
940,585,940,484
940,1631,940,1069
940,484,940,637
940,1223,940,1094
940,1273,940,1732
940,3776,940,5954
940,8999,940,11685
940,13961,940,16316
940,17699,940,20309
940,25402,940,25534
940,22309,940,18238
940,18393,940,17236
940,13706,940,9687
940,6947,940,5211
940,3955,940,2498
941,2500,941,2602
941,1607,941,1199
941,1095,941,1428
941,1885,941,1245
941,1428,941,1249
941,1834,941,2574
941,2984,941,2805
941,2548,941,2806
941,4084,941,5132
941,5824,941,7433
941,8485,941,8358
941,9332,941,11886
941,13605,941,14781
941,15119,941,16752
941,18132,941,17132
941,15498,941,14299
942,16342,942,15090
942,13424,942,13783
942,16087,942,16980
942,17569,942,21210
942,28221,942,31549
942,35901,942,40458
942,46578,942,48445
942,52951,942,56788
942,56404,942,51976
942,48469,942,43833
942,40022,942,32314
942,23945,942,18185
942,17166,942,12504
942,7232,942,5519
942,5365,942,4750
942,4444,942,3675
942,4647,943,6564
943,7490,943,8307
943,9589,943,12557
943,16625,943,19772
943,22971,943,26094
943,30705,943,34800
943,40175,943,42608
943,42609,943,41505
943,43041,943,40587
943,37462,943,34364
943,33852,943,28425
943,22744,943,20490
943,20365,943,17777
943,14039,943,10813
943,12606,943,13530
943,10406,943,8356
943,7025,943,5260
944,4828,944,4212
944,5108,944,5441
944,4900,944,4390
944,4546,944,4697
944,3799,944,3369
944,4364,944,5006
944,4622,944,4211
944,3570,944,2984
944,2320,944,2063
944,1603,944,1296
944,788,944,764
944,842,944,917
944,941,944,839
944,1654,944,1987
944,2554,944,2653
944,4187,944,5645
944,6718,945,8998
945,11888,945,13017
945,12940,945,15139
945,16931,945,17548
945,15907,945,15240
945,13834,945,10685
945,9330,945,7408
945,6201,945,3802
945,3393,945,2244
945,2369,945,2318
945,2552,945,1864
945,1734,945,1708
945,1632,945,2115
945,2708,945,2473
945,2628,945,3801
945,5205,945,5873
945,6414,945,7103
946,8202,946,8661
946,8100,946,9586
946,11580,946,13862
946,15241,946,15857
946,18188,946,20027
946,20155,946,21744
946,23179,946,24382
946,24125,946,22203
946,22256,946,21592
946,21977,946,21517
946,22284,946,21827
946,22129,946,23796
946,27939,946,30908
946,34232,946,37668
946,39844,946,40459
946,42632,946,42885
946,42455,947,41354
947,37229,947,34726
947,33953,947,29038
947,22046,947,16700
947,13731,947,10712
947,7103,947,6029
947,6031,947,4675
947,4495,947,5774
947,6132,947,6466
947,6797,947,7845
947,10916,947,13170
947,16473,947,18137
947,21976,947,25869
947,30394,947,32747
947,36463,947,37354
947,37743,947,38048
947,37894,948,34645
948,30165,948,27044
948,24891,948,20077
948,15903,948,13605
948,12839,948,11914
948,11045,948,9714
948,8256,948,6721
948,4954,948,4467
948,4622,948,4366
948,3676,948,4086
948,4317,948,2958
948,2676,948,2856
948,3903,948,3522
948,2957,948,3341
948,3904,948,3242
948,3346,948,3422
948,3366,948,3369
949,2957,949,3419
949,3699,949,2347
949,1170,949,1246
949,1681,949,1807
949,1887,949,1605
949,2297,949,2784
949,2752,949,2677
949,4265,949,6207
949,7002,949,7846
949,10889,949,11581
949,11837,949,13324
949,15445,949,14983
949,14093,949,13297
949,13857,949,11581
949,9764,949,9405
949,9428,949,7872
949,6130,950,3725
950,3470,950,3701
950,2984,950,2804
950,3830,950,3957
950,2805,950,3269
950,4799,950,5366
950,5111,950,5084
950,8536,950,10328
950,10195,950,11785
950,14037,950,14706
950,14247,950,15984
950,19697,950,22408
950,22744,950,22358
950,25248,950,26738
950,26329,950,26713
950,29350,950,29555
950,28400,950,29193
951,31649,951,28400
951,24892,951,25916
951,27171,951,27094
951,27297,951,26303
951,26403,951,25533
951,26944,951,28966
951,29502,951,29117
951,29728,951,29449
951,30882,951,28963
951,26763,951,24894
951,23741,951,19107
951,15476,951,13833
951,12909,951,10328
951,8540,951,9484
951,10119,951,9969
951,9354,951,8383
952,9177,952,7972
952,7284,952,8923
952,12149,952,13785
952,14296,952,17677
952,21720,952,24380
952,24252,952,24945
952,27375,952,27557
952,27506,952,26528
952,25942,952,22513
952,18951,952,18032
952,17829,952,15451
952,11581,952,8309
952,6544,952,5545
952,4518,952,4544
952,5975,952,5129
952,4106,952,3727
952,4366,953,3190
953,2268,953,2243
953,2777,953,3802
953,4212,953,3216
953,2932,953,3190
953,2526,953,3111
953,3448,953,3677
953,3036,953,2268
953,2163,953,3806
953,3674,953,2728
953,2805,953,2368
953,1909,953,1936
953,2602,953,3090
953,3164,953,2704
953,3215,953,4261
953,4797,953,7536
953,9100,953,7743
954,8206,954,10687
954,13372,954,13964
954,12298,954,13349
954,16369,954,16161
954,14346,954,13091
954,11585,954,10379
954,9973,954,8279
954,8588,954,8615
954,6540,954,4699
954,5157,954,4443
954,3803,954,3344
954,3367,954,3801
954,4776,954,3830
954,4418,954,6183
954,7566,954,9305
954,11580,954,15141
955,16856,955,18753
955,22052,955,22231
955,22103,955,21949
955,25330,955,27067
955,26174,955,24713
955,27657,955,27682
955,24560,955,24712
955,27019,955,28991
955,27786,955,26400
955,27480,955,27404
955,26992,955,25457
955,23948,955,23590
955,23234,955,23310
955,26555,955,27884
955,30370,955,37021
955,44473,955,46673
955,44805,956,39790
956,37820,956,36798
956,33085,956,27095
956,26559,956,23539
956,19825,956,15984
956,13786,956,12199
956,9690,956,8767
956,9378,956,9457
956,7409,956,6515
956,8179,956,8973
956,9844,956,9456
956,12402,956,12531
956,11328,956,13887
956,16982,956,19850
956,20824,956,24018
956,30444,956,32950
956,32676,956,31368
957,30341,957,25712
957,20873,957,16701
957,14834,957,15064
957,12351,957,8179
957,8101,957,7972
957,6644,957,4876
957,4489,957,4748
957,3546,957,1959
957,2808,957,2961
957,3575,957,3010
957,3084,957,2885
957,2679,957,2499
957,3063,957,3369
957,3700,957,3675
957,4366,957,5029
957,5082,957,4876
958,5027,958,5054
958,4133,958,4388
958,5593,958,5362
958,5361,958,4567
958,5259,958,5850
958,4417,958,4136
958,4540,958,4827
958,5340,958,6310
958,6923,958,7819
958,7818,958,9663
958,12733,958,14320
958,13021,958,13299
958,14630,958,13629
958,12426,958,11892
958,12225,958,12043
958,9943,958,9994
958,10584,959,8050
959,6387,959,6281
959,7054,959,5874
959,4342,959,4468
959,5390,959,5977
959,6104,959,6952
959,9280,959,8975
959,8077,959,10072
959,14504,959,16626
959,17752,959,20207
959,22388,959,22435
959,24509,959,25738
959,28272,959,28144
959,26734,959,26790
959,30985,959,31648
959,29782,959,29883
959,32083,959,29834
960,26631,960,26123
960,27865,960,25970
960,24000,960,21337
960,19933,960,20287
960,18392,960,17519
960,18135,960,19081
960,17596,960,15910
960,19083,960,19672
960,17009,960,16345
960,17956,960,17059
960,12861,960,12327
960,13172,960,11687
960,9609,960,9665
960,10380,960,8716
960,9406,960,8640
960,7613,960,7510
961,7690,961,7613
961,8865,961,8048
961,5467,961,7440
961,11226,961,10817
961,8767,961,9839
961,11813,961,12505
961,12709,961,12887
961,15066,961,15604
961,13376,961,11787
961,10709,961,9711
961,7997,961,8151
961,9127,961,8330
961,5029,961,4466
961,4492,961,3548
961,3624,961,4160
961,3830,961,3393
961,2472,962,2367
962,3242,962,3135
962,3035,962,3035
962,2496,962,2395
962,2192,962,2421
962,3136,962,3241
962,2755,962,2317
962,2984,962,3446
962,4184,962,4393
962,5337,962,5108
962,5722,962,6745
962,6742,962,6795
962,6440,962,8458
962,9869,962,9023
962,8026,962,8074
962,9102,962,9815
962,10072,963,10019
963,11300,963,11301
963,12429,963,13397
963,14626,963,15319
963,13939,963,12655
963,15293,963,14989
963,14222,963,15268
963,15652,963,13635
963,11864,963,10970
963,12018,963,10944
963,7794,963,7950
963,8846,963,8331
963,7128,963,6847
963,7972,963,9276
963,10122,963,10889
963,13759,963,16061
963,15272,963,16192
964,21152,964,22616
964,23202,964,24945
964,26762,964,26147
964,27582,964,28759
964,29755,964,29425
964,27400,964,25945
964,27606,964,28017
964,25149,964,22795
964,24945,964,23919
964,22721,964,21281
964,21053,964,20590
964,18724,964,17137
964,18800,964,18979
964,14601,964,15395
964,17979,964,17572
964,14628,964,12758
965,12884,965,13195
965,13400,965,10919
965,10149,965,11169
965,10048,965,8585
965,10402,965,9228
965,7208,965,7203
965,9841,965,8690
965,7537,965,6409
965,6950,965,7488
965,5823,965,6109
965,6515,965,6284
965,5619,965,6667
965,8227,965,9484
965,9534,965,9665
965,10713,965,11609
965,11812,965,12528
965,12813,966,11992
966,11250,966,11225
966,12374,966,11299
966,8461,966,6486
966,6356,966,5925
966,4082,966,4340
966,5157,966,3851
966,4061,966,4648
966,4362,966,3985
966,3190,966,4112
966,3958,966,3216
966,2604,966,3167
966,4007,966,4698
966,4749,966,4393
966,4748,966,5463
966,5721,966,5692
966,7305,967,6898
967,6435,967,7408
967,8771,967,9151
967,9046,967,8971
967,8768,967,7411
967,7284,967,7309
967,7973,967,8124
967,8945,967,10432
967,10352,967,9532
967,10609,967,11506
967,12915,967,12119
967,12352,967,12809
967,15931,967,16421
967,14269,967,13963
967,16192,967,16266
967,14373,967,15320
967,14808,967,14014
968,13635,968,14446
968,13451,968,12019
968,11021,968,10225
968,9788,968,9228
968,9099,968,7975
968,8537,968,10150
968,10429,968,9996
968,11633,968,15344
968,16317,968,16365
968,18622,968,21286
968,20770,968,21437
968,25020,968,25889
968,27452,968,28530
968,29117,968,26248
968,24586,968,25717
968,26252,968,24842
969,22644,969,22152
969,21618,969,18755
969,17957,969,16880
969,17699,969,17624
969,16779,969,16649
969,16980,969,17701
969,18799,969,20128
969,21719,969,21078
969,17773,969,17724
969,20591,969,21232
969,20672,969,21718
969,22175,969,21565
969,21177,969,22786
969,24944,969,22284
969,20515,969,21745
969,23917,969,26272
970,26149,970,21949
970,19488,970,20389
970,22819,970,22254
970,23198,970,23254
970,19692,970,20410
970,23561,970,24224
970,25656,970,24969
970,25992,970,27993
970,26193,970,25348
970,24510,970,24766
970,24790,970,23945
970,20821,970,19749
970,21921,970,19797
970,19233,970,19308
970,15495,970,11967
970,12271,970,11942
970,9126,971,10200
971,12762,971,12425
971,12119,971,11786
971,12067,971,10147
971,11832,971,13012
971,13063,971,13707
971,14219,971,12784
971,14833,971,16008
971,15629,971,15088
971,14318,971,13400
971,14470,971,16468
971,16238,971,16420
971,15396,971,15910
971,16932,971,17800
971,18469,971,18234
971,18850,971,19106
971,19516,972,19774
972,20950,972,20053
972,17725,972,16802
972,18930,972,20236
972,19134,972,17880
972,19821,972,20542
972,20978,972,20311
972,21129,972,19185
972,18286,972,17746
972,19337,972,17395
972,15011,972,15809
972,16597,972,15242
972,15674,972,15422
972,15756,972,17006
972,14091,972,14451
972,16935,972,17546
972,16728,972,16934
973,18854,973,19053
973,18058,973,18951
973,22511,973,22412
973,19979,973,22485
973,25890,973,25759
973,24788,973,25152
973,27884,973,28556
973,25916,973,25740
973,25657,973,21618
973,18699,973,17648
973,18826,973,17777
973,15780,973,13194
973,13939,973,13936
973,11631,973,10892
973,12707,973,12760
973,11582,973,11195
974,10891,974,11094
974,10505,974,9867
974,9020,974,7720
974,6821,974,7538
974,8099,974,8564
974,7052,974,5695
974,6742,974,7333
974,6796,974,6131
974,6029,974,5926
974,6360,974,7407
974,7412,974,7379
974,6285,974,6665
974,7335,974,6104
974,6328,974,6945
974,6566,974,6538
974,7588,974,6692
975,7409,975,7721
975,6356,975,6234
975,8046,975,7821
975,6438,975,5389
975,4726,975,5289
975,5413,975,5644
975,7308,975,6545
975,5288,975,4647
975,5386,975,4699
975,4470,975,4929
975,5952,975,5746
975,3931,975,3418
975,5157,975,5232
975,5262,975,6128
975,7562,975,6414
975,5927,975,7180
976,7894,976,10175
976,10355,976,10967
976,13728,976,13170
976,12633,976,13373
976,14809,976,14754
976,14398,976,14293
976,15754,976,14987
976,13683,976,14348
976,17061,976,17802
976,16472,976,16214
976,17317,976,16496
976,15270,976,16419
976,18031,976,17497
976,17521,976,17547
976,18800,976,18237
976,18289,976,18365
976,18622,977,17523
977,16778,977,15138
977,14575,977,14424
977,13298,977,12734
977,14449,977,15215
977,13144,977,14424
977,16191,977,16266
977,14425,977,14115
977,15828,977,15343
977,14500,977,15241
977,16726,977,18803
977,21714,977,27682
977,46263,977,80922
977,150373,977,267214
977,422601,977,562121
977,641177,977,630936
977,559260,978,479693
978,421910,978,377189
978,337774,978,307330
978,279835,978,255132
978,239415,978,222468
978,201966,978,185707
978,173112,978,157267
978,145415,978,134309
978,126498,978,116794
978,109088,978,105047
978,99314,978,90786
978,87093,978,86740
978,89374,978,97385
978,125648,978,179762
978,248291,978,329321
978,397641,978,413515
978,393141,979,346185
979,297960,979,262990
979,246890,979,227182
979,201732,979,183382
979,172060,979,159829
979,147643,979,138399
979,129826,979,116280
979,105506,979,101563
979,100642,979,92657
979,83851,979,80593
979,80515,979,77910
979,75249,979,68950
979,67489,979,67283
979,72608,979,82255
979,102810,979,125131
979,147069,979,167171
979,175231,979,163020
980,151917,980,141701
980,132945,980,122706
980,112775,980,101588
980,92011,980,78088
980,65239,980,56333
980,47545,980,40453
980,34822,980,33444
980,32749,980,29526
980,26148,980,27912
980,32318,980,31266
980,31576,980,36720
980,41479,980,38764
980,41222,980,45012
980,49389,980,51871
980,59015,980,67331
980,73656,980,72198
981,69611,981,69358
981,67590,981,63190
981,59068,981,54484
981,50056,981,42325
981,38590,981,36464
981,32546,981,29194
981,26277,981,22077
981,23461,981,23664
981,23483,981,22489
981,23179,981,22537
981,21105,981,23590
981,25381,981,22384
981,21464,981,23408
981,25123,981,23487
981,24483,981,27940
981,29963,981,29599
982,28145,982,29189
982,30447,982,29375
982,28396,982,25071
982,23046,982,20337
982,15728,982,12967
982,10895,982,10250
982,8768,982,8768
982,9512,982,10712
982,10945,982,12631
982,18004,982,20772
982,25356,982,29964
982,32574,982,32954
982,31960,982,31217
982,30809,982,27326
982,23075,982,19107
982,18006,982,17268
983,15549,983,13527
983,12223,983,10556
983,9405,983,9535
983,9102,983,8386
983,6130,983,4979
983,5160,983,5441
983,5722,983,5181
983,5159,983,5744
983,5643,983,5595
983,7179,983,9968
983,10174,983,11989
983,13167,983,13938
983,15679,983,16495
983,17749,983,17445
983,16294,983,15880
983,16109,983,13861
984,11065,984,9512
984,11660,984,12762
984,12379,984,11762
984,11712,984,10889
984,11248,984,9896
984,8792,984,9330
984,9152,984,6847
984,6926,984,8380
984,9430,984,11688
984,15573,984,16090
984,15192,984,17338
984,20793,984,20617
984,19134,984,16674
984,16163,984,14220
984,12812,984,11865
984,9843,984,7130
984,5929,985,5647
985,6951,985,5617
985,5593,985,6313
985,8305,985,7770
985,7615,985,8738
985,12397,985,12349
985,13422,985,15421
985,17675,985,18313
985,19032,985,21977
985,25022,985,25996
985,25944,985,26071
985,27272,985,25758
985,25507,985,24308
985,23488,985,21540
985,18314,985,16980
985,15269,985,12401
985,11893,986,12226
986,12043,986,11431
986,10405,986,10943
986,11736,986,11072
986,10280,986,11634
986,12813,986,12683
986,11943,986,12193
986,13193,986,12273
986,12018,986,13863
986,15421,986,14193
986,13861,986,15114
986,16806,986,17239
986,15246,986,14601
986,15033,986,14625
986,12248,986,9584
986,9382,986,9407
986,8101,987,6897
987,7975,987,8867
987,7844,987,9148
987,11862,987,13937
987,15551,987,17137
987,20081,987,20951
987,21234,987,20028
987,19516,987,17699
987,14268,987,13142
987,12912,987,10993
987,9152,987,7745
987,7923,987,6874
987,5927,987,6205
987,7152,987,5594
987,5489,987,4773
987,4570,987,4955
987,4466,988,4721
988,6080,988,5438
988,4825,988,5748
988,6260,988,7126
988,8307,988,9585
988,11656,988,10968
988,12122,988,11785
988,12325,988,12481
988,13191,988,12966
988,12453,988,10306
988,8076,988,8667
988,10023,988,9559
988,9510,988,9686
988,9972,988,9816
988,7950,988,8354
988,9073,988,8688
988,7767,989,8305
989,9634,989,8513
989,8945,989,9097
989,10356,989,10329
989,11581,989,11787
989,13319,989,13877
989,14886,989,15704
989,15754,989,12274
989,9688,989,9639
989,9176,989,7792
989,5952,989,5621
989,6109,989,6490
989,7538,989,7921
989,8561,989,8637
989,10144,989,11605
989,13321,989,15777
989,17545,990,16779
990,19335,990,21385
990,21695,990,22256
990,23817,990,24176
990,23615,990,22256
990,21542,990,20642
990,19667,990,18543
990,18568,990,15577
990,13145,990,13323
990,12532,990,10994
990,9228,990,8896
990,8202,990,8276
990,8715,990,8330
990,8484,990,10706
990,10455,990,10530
990,10350,990,11889
990,12042,991,10992
991,10737,991,10585
991,12145,991,12936
991,13297,991,12891
991,11763,991,12603
991,14552,991,12785
991,13299,991,15576
991,15499,991,13042
991,11456,991,11378
991,10892,991,8231
991,7078,991,7131
991,7768,991,7462
991,8538,991,8307
991,9666,991,11813
991,11529,991,13706
991,18056,991,18418
991,15833,992,15551
992,16266,992,13629
992,11483,992,11993
992,13246,992,11685
992,8793,992,7183
992,8103,992,7747
992,6410,992,5440
992,5570,992,5748
992,5494,992,4852
992,5464,992,5032
992,5798,992,5263
992,5132,992,5929
992,6772,992,6592
992,8202,992,9048
992,9585,992,10150
992,12172,992,13452
992,13886,993,13194
993,15039,993,14937
993,12500,993,12271
993,12554,993,10583
993,8895,993,8842
993,9021,993,8589
993,8921,993,8819
993,9793,993,9686
993,8383,993,8433
993,8999,993,9383
993,9101,993,9867
993,8997,993,9123
993,10991,993,11661
993,11786,993,13223
993,14604,993,15398
993,18136,993,17642
993,16471,994,16904
994,18291,994,16165
994,13426,994,11482
994,11993,994,11223
994,10124,994,10274
994,10917,994,10098
994,9893,994,9865
994,9843,994,10891
994,10788,994,11838
994,13499,994,15292
994,17214,994,17006
994,18266,994,19722
994,20695,994,20286
994,22074,994,22920
994,22868,994,23354
994,25759,994,25890
994,23151,995,20845
995,20613,995,17495
995,13577,995,13398
995,14270,995,12553
995,8920,995,7947
995,8073,995,9125
995,10662,995,9665
995,9485,995,9380
995,9230,995,10609
995,10326,995,10428
995,11403,995,9739
995,10329,995,10789
995,11403,995,10555
995,12553,995,12555
995,11428,995,12069
995,14218,995,13374
995,12990,996,13757
996,14090,996,13374
996,10787,996,9149
996,9637,996,11047
996,9767,996,9484
996,9304,996,8822
996,8356,996,7411
996,9382,996,7997
996,8076,996,9254
996,10687,996,12965
996,12429,996,12423
996,13219,996,13145
996,11506,996,10683
996,10198,996,9893
996,8610,996,8352
996,10430,996,9405
996,7972,997,7588
997,8025,997,7438
997,8152,997,6362
997,5719,997,6105
997,5952,997,6718
997,6824,997,5927
997,6233,997,6540
997,7437,997,7514
997,7561,997,10121
997,12375,997,12195
997,12630,997,13526
997,14576,997,14808
997,13348,997,14317
997,15806,997,13067
997,9432,997,9790
997,11379,997,11888
997,10838,998,9716
998,10353,998,10300
998,9614,998,9689
998,9844,998,10381
998,11019,998,10304
998,12196,998,12043
998,10375,998,10481
998,11354,998,12656
998,11961,998,10839
998,12449,998,13298
998,12837,998,12531
998,12529,998,12809
998,13065,998,13966
998,13604,998,12249
998,12169,998,11991
998,11684,998,11172
998,9457,999,10279
999,11534,999,11765
999,12554,999,12632
999,15857,999,16088
999,15397,999,15290
999,17904,999,19159
999,19312,999,17804
999,18419,999,19235
999,18853,999,17622
999,17007,999,16575
999,15959,999,15347
999,14142,999,13192
999,12070,999,12043
999,10812,999,9508
999,9049,999,7027
999,7411,999,7820
999,7023,1000,7897
1000,9225,1000,9740
1000,9533,1000,9100
1000,9918,1000,10610
1000,9459,1000,10380
1000,11689,1000,13271
1000,14374,1000,10685
1000,11223,1000,11480
1000,10969,1000,11194
1000,11120,1000,10635
1000,9328,1000,10022
1000,11273,1000,10355
1000,10891,1000,11427
1000,12837,1000,11401
1000,9329,1000,8790
1000,10278,1000,10171
1000,8535,1001,8587
1001,8993,1001,8767
1001,8870,1001,7968
1001,9664,1001,9992
1001,8691,1001,9381
1001,11762,1001,12683
1001,10198,1001,7971
1001,9739,1001,9278
1001,8331,1001,7335
1001,6844,1001,5286
1001,4776,1001,6357
1001,6950,1001,5902
1001,7310,1001,8001
1001,8790,1001,7487
1001,7259,1001,7586
1001,9660,1001,9431
1001,9020,1002,8484
1002,9893,1002,10019
1002,10687,1002,12376
1002,13372,1002,12299
1002,11453,1002,13604
1002,16165,1002,14681
1002,12658,1002,13834
1002,13965,1002,13321
1002,13251,1002,11918
1002,11710,1002,10637
1002,10046,1002,9918
1002,11582,1002,11790
1002,10097,1002,10019
1002,10252,1002,10508
1002,10686,1002,10352
1002,10661,1002,10968
1002,10686,1003,9841
1003,10071,1003,10534
1003,10584,1003,12146
1003,13782,1003,13784
1003,13144,1003,13525
1003,14143,1003,13961
1003,12865,1003,13142
1003,13271,1003,11914
1003,11147,1003,12141
1003,12786,1003,13325
1003,13042,1003,12045
1003,12552,1003,12911
1003,14397,1003,14524
1003,15447,1003,16753
1003,17624,1003,17315
1003,19928,1003,21591
1003,19975,1004,19261
1004,20286,1004,19187
1004,16291,1004,16346
1004,18751,1004,18701
1004,17034,1004,16370
1004,15781,1004,14038
1004,11147,1004,10508
1004,11251,1004,9970
1004,9766,1004,9943
1004,11142,1004,10023
1004,8304,1004,8232
1004,8893,1004,9175
1004,9303,1004,9638
1004,9508,1004,9023
1004,10098,1004,11480
1004,12607,1004,11558
1005,10307,1005,10990
1005,12759,1005,11737
1005,9923,1005,9610
1005,10738,1005,11072
1005,10993,1005,10687
1005,10992,1005,11378
1005,12223,1005,9431
1005,9637,1005,10306
1005,10917,1005,10661
1005,10380,1005,9510
1005,9024,1005,9280
1005,10458,1005,8407
1005,7562,1005,9152
1005,10248,1005,11580
1005,11245,1005,10196
1005,12268,1005,13832
1006,12350,1006,11481
1006,11786,1006,10249
1006,8972,1006,8972
1006,8618,1006,8870
1006,8512,1006,7358
1006,7408,1006,7717
1006,8284,1006,8437
1006,9177,1006,7358
1006,5850,1006,6617
1006,8846,1006,9354
1006,8947,1006,8817
1006,10172,1006,10634
1006,12069,1006,12427
1006,13528,1006,13552
1006,13602,1006,14884
1006,16267,1006,16062
1007,15190,1007,13732
1007,13170,1007,12943
1007,13045,1007,11861
1007,12042,1007,11478
1007,10945,1007,11147
1007,11072,1007,10071
1007,9506,1007,9456
1007,11686,1007,11042
1007,9792,1007,10097
1007,11763,1007,11454
1007,10765,1007,11477
1007,13531,1007,14396
1007,13988,1007,13041
1007,13018,1007,13608
1007,13454,1007,13376
1007,14270,1007,14937
1008,13886,1008,13424
1008,13990,1008,13655
1008,13605,1008,14037
1008,15345,1008,14346
1008,12658,1008,12965
1008,13655,1008,12553
1008,13627,1008,13864
1008,13374,1008,12402
1008,12247,1008,11736
1008,13094,1008,13503
1008,12505,1008,12302
1008,12990,1008,15114
1008,13656,1008,12095
1008,13985,1008,14013
1008,12554,1008,11710
1008,13327,1008,12812
1009,9843,1009,7565
1009,9274,1009,10380
1009,9871,1009,8924
1009,9128,1009,9302
1009,9638,1009,7998
1009,8307,1009,9969
1009,9380,1009,8048
1009,9176,1009,8795
1009,9584,1009,9739
1009,11658,1009,11609
1009,9485,1009,8817
1009,11658,1009,11353
1009,10791,1009,10942
1009,11686,1009,12218
1009,11787,1009,11426
1009,12171,1010,12529
1010,12502,1010,11071
1010,11121,1010,12348
1010,11993,1010,10892
1010,13320,1010,12555
1010,11325,1010,11146
1010,11762,1010,11918
1010,11765,1010,11073
1010,11508,1010,11865
1010,11889,1010,12041
1010,14473,1010,14063
1010,13170,1010,13271
1010,13502,1010,13781
1010,12631,1010,13528
1010,14244,1010,11988
1010,12529,1010,13887
1010,13194,1011,11994
1011,12019,1011,12528
1011,13064,1011,10813
1011,10431,1011,12043
1011,13397,1011,14399
1011,15628,1011,15575
1011,16675,1011,17469
1011,15625,1011,15140
1011,18515,1011,18569
1011,17643,1011,15399
1011,17573,1011,17906
1011,16726,1011,15986
1011,15986,1011,14475
1011,14220,1011,14779
1011,15471,1011,14014
1011,12249,1011,12193
1011,15219,1012,14887
1012,13579,1012,13141
1012,15834,1012,15601
1012,13454,1012,12328
1012,14398,1012,16498
1012,15243,1012,15037
1012,15473,1012,14143
1012,14067,1012,13962
1012,14908,1012,15192
1012,14650,1012,14679
1012,15856,1012,17545
1012,16497,1012,14963
1012,15934,1012,16828
1012,15013,1012,12660
1012,12476,1012,13246
1012,13173,1012,13374
1012,15911,1013,15855
1013,14807,1013,13810
1013,14503,1013,13322
1013,12763,1013,12760
1013,14783,1013,15881
1013,14552,1013,13760
1013,16193,1013,15675
1013,14629,1013,14120
1013,14247,1013,13298
1013,12811,1013,11786
1013,13045,1013,12298
1013,10066,1013,9691
1013,10997,1013,11735
1013,9918,1013,7921
1013,7894,1013,8410
1013,9279,1013,9512
1014,10356,1014,11405
1014,11145,1014,11329
1014,11606,1014,12147
1014,11353,1014,11198
1014,11738,1014,12557
1014,12401,1014,10942
1014,10941,1014,11658
1014,11402,1014,10864
1014,12324,1014,12404
1014,10739,1014,10610
1014,12324,1014,11995
1014,10789,1014,10432
1014,11507,1014,10914
1014,9427,1014,10611
1014,11554,1014,10657
1014,11118,1014,11040
1015,10429,1015,8973
1015,8437,1015,9918
1015,11381,1015,10380
1015,8923,1015,8971
1015,10688,1015,10813
1015,10047,1015,11479
1015,11580,1015,10533
1015,10250,1015,10556
1015,11966,1015,11095
1015,10686,1015,10740
1015,11581,1015,11839
1015,11940,1015,10941
1015,11508,1015,11838
1015,10356,1015,9919
1015,13347,1015,13242
1015,11554,1015,12221
1016,15959,1016,15548
1016,13551,1016,15422
1016,16291,1016,14679
1016,13602,1016,14218
1016,17010,1016,16369
1016,13733,1016,12272
1016,14475,1016,13402
1016,12017,1016,13681
1016,12656,1016,11045
1016,11685,1016,12681
1016,13529,1016,12580
1016,11352,1016,13016
1016,14783,1016,12196
1016,12043,1016,12661
1016,13324,1016,13066
1016,12351,1017,12453
1017,14758,1017,16343
1017,15985,1017,15781
1017,14705,1017,14988
1017,14067,1017,12990
1017,12221,1017,12990
1017,14630,1017,14933
1017,14960,1017,14630
1017,13526,1017,12912
1017,13965,1017,15012
1017,13936,1017,14474
1017,15681,1017,15369
1017,13963,1017,14474
1017,16088,1017,15729
1017,15573,1017,14805
1017,14393,1017,15498
1017,15625,1018,14526
1018,13630,1018,14370
1018,13503,1018,12457
1018,12658,1018,13094
1018,12453,1018,11351
1018,12298,1018,10406
1018,9614,1018,10226
1018,10787,1018,11199
1018,11250,1018,10994
1018,12837,1018,12427
1018,9943,1018,9048
1018,11377,1018,10659
1018,9304,1018,9688
1018,10966,1018,10943
1018,12735,1018,14266
1018,14370,1018,13682
1018,15495,1019,15627
1019,15524,1019,15191
1019,15627,1019,14322
1019,13605,1019,12709
1019,11685,1019,11607
1019,13578,1019,13015
1019,11067,1019,10837
1019,12582,1019,12143
1019,11150,1019,10456
1019,12861,1019,12707
1019,10866,1019,11837
1019,12889,1019,13322
1019,13550,1019,11582
1019,12474,1019,12476
1019,14727,1019,14986
1019,15804,1019,15242
1020,13529,1020,14702
1020,18083,1020,16241
1020,11989,1020,11249
1020,13962,1020,14169
1020,12708,1020,11915
1020,13067,1020,12965
1020,12095,1020,14012
1020,16494,1020,15319
1020,14449,1020,13760
1020,15343,1020,14375
1020,13376,1020,14907
1020,16419,1020,16982
1020,16753,1020,15144
1020,15239,1020,15707
1020,15521,1020,16316
1020,17086,1020,15752
1021,14040,1021,14601
1021,18312,1021,16288
1021,12837,1021,12578
1021,15804,1021,15268
1021,13243,1021,12272
1021,12811,1021,12939
1021,12476,1021,12756
1021,14214,1021,14246
1021,13733,1021,12042
1021,12964,1021,13170
1021,12119,1021,11455
1021,13910,1021,13890
1021,13323,1021,13346
1021,14679,1021,16115
1021,15574,1021,15192
1021,16495,1022,17031
1022,16188,1022,14935
1022,16391,1022,16853
1022,15625,1022,13632
1022,15012,1022,15578
1022,14220,1022,13553
1022,15472,1022,14168
1022,12991,1022,12504
1022,13729,1022,13268
1022,12298,1022,12451
1022,12885,1022,11660
1022,11250,1022,12628
1022,14218,1022,14167
1022,12912,1022,13168
1022,14625,1022,13373
1022,11146,1022,11914
1022,12273,1023,12551
1023,11657,1023,10434
1023,10994,1023,10559
1023,10533,1023,9280
1023,9607,1023,9046
1023,9304,1023,9716
1023,11199,1023,9124
1023,9739,1023,11477
1023,12553,1023,11225
1023,10941,1023,11662
1023,12607,1023,11968
1023,12763,1023,13837
1023,13706,1023,12297
1023,13888,1023,14882
1023,13528,1023,13524
1023,13140,1023,12781
1024,14113,1024,13321
1024,13243,1024,13451
1024,13604,1024,12017
1024,11351,1024,10763
1024,11045,1024,11173
1024,10970,1024,10610
1024,12018,1024,12861
1024,10993,1024,9531
1024,10250,1024,10403
1024,10841,1024,10945
1024,10915,1024,11814
1024,13808,1024,13606
1024,14501,1024,13830
1024,13090,1024,12607
1024,14703,1024,14627
1024,13655,1024,12685
1025,14812,1025,15040
1025,13376,1025,12554
1025,13734,1025,13068
1025,11299,1025,11787
1025,12476,1025,11735
1025,12349,1025,12556
1025,14319,1025,15294
1025,14118,1025,12685
1025,14911,1025,15726
1025,14268,1025,14578
1025,16446,1025,15782
1025,13092,1025,13040
1025,15164,1025,15780
1025,13757,1025,13012
1025,14504,1025,14910
1025,13067,1026,12043
1026,13246,1026,13040
1026,12503,1026,12684
1026,13475,1026,12783
1026,11507,1026,10097
1026,10429,1026,11815
1026,13451,1026,13811
1026,14244,1026,13068
1026,11609,1026,11813
1026,12453,1026,13427
1026,14604,1026,14091
1026,13887,1026,14600
1026,11967,1026,12732
1026,15524,1026,14805
1026,12554,1026,12016
1026,12707,1026,12578
1026,13169,1027,13781
1027,14962,1027,13578
1027,12730,1027,12144
1027,12531,1027,12529
1027,11868,1027,11683
1027,10483,1027,9075
1027,9485,1027,11323
1027,12197,1027,10713
1027,10479,1027,12043
1027,13653,1027,12730
1027,12043,1027,11506
1027,11480,1027,12119
1027,11579,1027,11379
1027,13500,1027,13602
1027,11861,1027,10888
1027,13423,1027,14703
1028,13735,1028,15115
1028,16982,1028,15650
1028,14140,1028,13681
1028,15240,1028,14939
1028,15960,1028,15168
1028,14858,1028,14677
1028,14169,1028,15370
1028,15958,1028,14346
1028,14834,1028,14705
1028,14733,1028,15726
1028,14347,1028,13040
1028,13219,1028,12889
1028,12275,1028,10737
1028,12708,1028,13147
1028,12098,1028,13013
1028,13884,1028,12599
1029,12120,1029,12221
1029,12914,1029,12219
1029,13475,1029,14528
1029,14729,1029,14422
1029,15037,1029,14093
1029,13345,1029,13962
1029,14910,1029,13862
1029,13913,1029,14066
1029,14578,1029,14836
1029,15499,1029,14193
1029,13555,1029,13632
1029,14529,1029,14528
1029,12811,1029,11121
1029,13218,1029,16215
1029,16062,1029,15344
1029,17545,1030,18877
1030,16520,1030,14856
1030,15907,1030,16828
1030,15523,1030,15269
1030,16143,1030,16296
1030,14984,1030,14524
1030,16343,1030,14600
1030,13652,1030,13527
1030,14656,1030,15370
1030,14322,1030,12145
1030,11940,1030,10484
1030,10635,1030,10811
1030,13474,1030,13679
1030,10763,1030,10943
1030,13242,1030,12964
1030,11989,1030,13296
1030,14090,1031,13422
1031,12754,1031,12835
1031,13913,1031,13606
1031,12171,1031,11353
1031,11636,1031,11202
1031,10689,1031,9892
1031,9380,1031,10122
1031,10787,1031,11482
1031,12122,1031,12914
1031,12149,1031,11124
1031,11273,1031,13146
1031,12427,1031,11146
1031,12069,1031,11196
1031,11097,1031,10327
1031,11398,1031,10943
1031,8843,1031,9101
1032,9686,1032,9200
1032,9557,1032,9635
1032,10046,1032,9177
1032,9560,1032,8867
1032,9102,1032,9278
1032,8048,1032,7562
1032,8895,1032,9588
1032,9385,1032,9096
1032,9737,1032,9842
1032,10200,1032,9841
1032,9817,1032,9149
1032,8845,1032,9023
1032,10022,1032,9096
1032,8945,1032,9434
1032,9766,1032,11403
1032,12199,1032,10738
1033,11606,1033,11864
1033,9994,1033,9148
1033,11248,1033,12376
1033,10736,1033,10688
1033,11636,1033,10379
1033,9177,1033,9944
1033,11096,1033,9715
1033,8588,1033,9535
1033,9866,1033,8408
1033,8305,1033,9305
1033,10993,1033,11812
1033,11456,1033,10327
1033,11121,1033,10862
1033,10763,1033,10125
1033,11454,1033,12349
1033,11533,1034,11681
1034,13040,1034,13500
1034,14578,1034,14654
1034,15167,1034,15064
1034,14780,1034,14324
1034,15067,1034,13577
1034,11609,1034,12967
1034,14193,1034,13863
1034,12840,1034,13377
1034,14832,1034,15396
1034,14935,1034,14576
1034,15243,1034,14629
1034,13196,1034,11813
1034,13552,1034,13731
1034,13274,1034,12680
1034,13241,1034,12554
1035,12067,1035,13093
1035,15599,1035,16267
1035,14680,1035,14091
1035,15292,1035,16193
1035,14937,1035,12353
1035,12964,1035,13197
1035,12275,1035,11021
1035,11888,1035,12864
1035,12454,1035,11688
1035,12196,1035,12016
1035,11477,1035,12041
1035,12814,1035,13246
1035,12992,1035,14039
1035,17187,1035,19824
1035,22507,1035,28881
1035,36820,1035,39123
1036,36847,1036,35439
1036,34469,1036,29833
1036,25533,1036,23329
1036,25045,1036,24560
1036,21695,1036,21923
1036,21361,1036,19672
1036,16858,1036,15422
1036,17086,1036,16570
1036,15035,1036,14143
1036,15344,1036,15881
1036,15011,1036,14681
1036,15783,1036,17162
1036,14908,1036,14273
1036,17749,1036,19491
1036,21234,1036,26096
1036,29777,1037,26579
1037,22612,1037,23428
1037,27582,1037,25070
1037,21130,1037,19004
1037,19414,1037,19287
1037,17059,1037,16264
1037,16981,1037,17930
1037,18752,1037,17675
1037,15267,1037,13656
1037,13222,1037,13989
1037,14425,1037,14400
1037,12297,1037,12303
1037,13448,1037,12171
1037,12196,1037,12809
1037,16038,1037,18033
1037,16725,1037,18518
1038,21128,1038,18669
1038,16036,1038,16499
1038,17264,1038,17365
1038,15806,1038,14242
1038,15395,1038,15011
1038,14013,1038,13066
1038,13578,1038,12299
1038,12194,1038,11477
1038,11890,1038,12349
1038,11046,1038,11431
1038,13835,1038,14630
1038,12783,1038,12300
1038,13630,1038,12196
1038,12275,1038,13962
1038,15242,1038,15063
1038,14451,1038,15522
1039,16420,1039,14810
1039,13348,1039,13499
1039,14728,1039,15417
1039,14806,1039,14319
1039,14298,1039,13679
1039,13198,1039,11888
1039,12582,1039,12350
1039,10764,1039,9894
1039,10662,1039,11019
1039,12400,1039,12634
1039,12302,1039,11146
1039,11351,1039,10661
1039,11557,1039,11198
1039,11195,1039,10480
1039,11327,1039,11305
1039,9794,1040,8381
1040,9430,1040,10632
1040,10992,1040,10711
1040,11892,1040,11657
1040,9688,1040,8459
1040,10764,1040,10944
1040,10407,1040,10148
1040,10456,1040,9997
1040,9972,1040,10533
1040,10790,1040,10202
1040,8308,1040,8689
1040,12529,1040,11838
1040,9584,1040,9996
1040,9740,1040,9844
1040,11914,1040,13783
1040,13914,1040,11403
1041,9817,1041,10637
1041,12171,1041,10403
1041,9228,1041,9869
1041,9660,1041,8615
1041,8254,1041,8564
1041,8686,1041,7410
1041,7486,1041,8535
1041,10814,1041,8921
1041,8025,1041,7973
1041,9458,1041,10710
1041,9482,1041,7358
1041,9023,1041,10658
1041,11326,1041,10508
1041,11250,1041,12174
1041,10636,1041,10838
1041,11686,1041,11606
1042,12096,1042,11454
1042,12349,1042,12505
1042,11892,1042,11662
1042,12502,1042,12454
1042,10248,1042,10122
1042,11174,1042,11584
1042,10507,1042,9357
1042,10484,1042,11146
1042,10582,1042,11762
1042,12378,1042,12349
1042,11916,1042,12603
1042,13959,1042,12736
1042,12223,1042,11988
1042,12122,1042,12247
1042,11814,1042,11583
1042,12838,1043,12810
1043,11425,1043,9333
1043,10484,1043,11507
1043,11479,1043,11122
1043,11558,1043,10507
1043,9458,1043,9714
1043,11864,1043,12993
1043,12252,1043,11095
1043,12248,1043,11248
1043,9610,1043,10506
1043,11122,1043,10888
1043,11302,1043,13295
1043,14397,1043,11945
1043,12480,1043,13298
1043,13527,1043,12864
1043,12736,1043,11943
1044,12193,1044,13298
1044,12710,1044,10916
1044,11558,1044,11837
1044,12477,1044,12147
1044,11836,1044,10198
1044,10967,1044,11531
1044,11174,1044,10353
1044,9511,1044,9970
1044,9763,1044,9357
1044,9380,1044,10225
1044,9890,1044,9151
1044,8509,1044,8457
1044,9792,1044,11942
1044,10660,1044,9308
1044,10536,1044,12684
1044,11662,1045,10076
1045,10996,1045,10175
1045,8920,1045,8586
1045,9561,1045,9765
1045,8563,1045,9716
1045,10427,1045,9560
1045,8768,1045,8665
1045,8532,1045,8102
1045,8154,1045,8434
1045,10530,1045,10124
1045,8898,1045,8793
1045,10612,1045,10482
1045,10838,1045,9915
1045,10634,1045,11198
1045,10323,1045,10380
1045,11426,1045,12013
1046,12784,1046,11425
1046,12760,1046,11503
1046,9560,1046,7867
1046,8970,1046,9636
1046,9227,1046,9200
1046,9330,1046,8793
1046,8640,1046,8459
1046,8536,1046,9329
1046,9842,1046,9916
1046,10150,1046,8359
1046,8078,1046,9022
1046,10073,1046,11223
1046,11277,1046,10405
1046,11433,1046,11454
1046,11557,1046,11581
1046,11376,1046,11068
1047,10383,1047,10428
1047,12528,1047,12278
1047,10712,1047,10249
1047,10968,1047,11146
1047,10634,1047,9433
1047,9508,1047,8768
1047,8921,1047,10738
1047,12015,1047,12148
1047,10788,1047,9046
1047,9610,1047,11198
1047,11481,1047,11250
1047,11709,1047,12173
1047,10866,1047,9892
1047,11964,1047,12680
1047,11066,1047,9863
1047,11811,1048,13067
1048,11301,1048,8638
1048,10353,1048,10380
1048,9534,1048,9510
1048,12119,1048,10201
1048,9409,1048,8869
1048,10868,1048,11864
1048,10815,1048,9940
1048,10659,1048,10942
1048,10711,1048,10559
1048,11631,1048,11430
1048,10712,1048,10915
1048,11631,1048,13219
1048,11175,1048,9173
1048,9379,1048,9638
1048,10509,1048,9866
1049,9559,1049,9943
1049,8460,1049,9228
1049,11326,1049,11375
1049,9765,1049,9253
1049,9303,1049,9356
1049,8716,1049,8002
1049,8742,1049,9454
1049,8976,1049,8436
1049,8307,1049,9022
1049,8766,1049,8460
1049,9430,1049,10201
1049,9407,1049,7588
1049,9127,1049,9076
1049,8229,1049,7154
1049,8149,1049,8715
1049,8560,1050,8048
1050,8688,1050,9762
1050,10429,1050,9177
1050,10284,1050,10712
1050,10276,1050,9842
1050,9074,1050,9557
1050,10331,1050,9432
1050,9663,1050,10202
1050,9126,1050,8255
1050,8767,1050,9353
1050,9482,1050,9302
1050,9739,1050,9306
1050,7284,1050,8279
1050,9250,1050,7795
1050,7333,1050,7793
1050,7872,1050,7769
1051,6232,1051,7079
1051,9227,1051,8405
1051,7867,1051,8228
1051,9510,1051,8691
1051,7311,1051,7206
1051,8892,1051,8820
1051,8077,1051,8893
1051,9533,1051,8251
1051,9177,1051,9971
1051,10355,1051,11455
1051,11250,1051,10023
1051,10224,1051,9893
1051,9124,1051,8996
1051,11250,1051,11173
1051,9893,1051,9892
1051,9817,1052,9791
1052,9355,1052,10048
1052,10581,1052,10355
1052,9561,1052,9410
1052,10533,1052,10253
1052,9792,1052,9790
1052,10479,1052,9386
1052,7848,1052,9051
1052,10920,1052,11561
1052,10353,1052,9327
1052,10277,1052,9586
1052,9279,1052,10354
1052,11173,1052,10173
1052,8514,1052,9252
1052,11554,1052,11278
1052,9660,1052,9507
1052,10917,1053,10556
1053,9225,1053,8870
1053,10098,1053,10920
1053,10225,1053,9050
1053,10303,1053,12020
1053,10379,1053,11554
1053,12553,1053,11299
1053,8641,1053,8384
1053,9401,1053,9277
1053,8920,1053,8817
1053,10838,1053,10995
1053,9099,1053,10047
1053,10405,1053,10355
1053,9768,1053,9640
1053,9743,1053,10711
1053,9434,1053,8075
1054,10404,1054,10047
1054,9098,1054,9926
1054,10174,1054,9892
1054,8050,1054,7105
1054,8741,1054,9227
1054,8281,1054,8356
1054,9815,1054,9662
1054,9227,1054,9456
1054,8305,1054,9868
1054,11528,1054,10352
1054,10149,1054,9408
1054,8180,1054,9356
1054,10099,1054,8233
1054,7232,1054,7666
1054,8945,1054,9482
1054,8923,1055,8150
1055,9350,1055,9435
1055,7898,1055,7358
1055,9355,1055,9718
1055,9637,1055,8664
1055,8560,1055,9485
1055,8949,1055,9357
1055,9382,1055,8255
1055,7845,1055,7691
1055,7259,1055,6515
1055,7054,1055,7435
1055,8075,1055,7922
1055,8638,1055,9612
1055,9714,1055,8227
1055,6334,1055,7384
1055,8641,1055,10048
1056,9431,1056,9869
1056,10661,1056,10837
1056,7715,1056,8380
1056,11016,1056,9737
1056,7817,1056,8769
1056,9717,1056,9356
1056,8997,1056,8994
1056,10330,1056,9306
1056,8664,1056,9049
1056,10100,1056,10250
1056,8845,1056,7895
1056,8716,1056,9256
1056,9612,1056,9867
1056,11272,1056,10152
1056,9461,1056,11378
1056,11094,1057,10969
1057,9843,1057,9614
1057,9662,1057,9791
1057,8330,1057,8202
1057,8666,1057,9664
1057,9486,1057,9330
1057,10121,1057,10074
1057,8540,1057,8998
1057,9789,1057,9715
1057,10715,1057,10535
1057,10404,1057,10840
1057,9843,1057,9100
1057,10687,1057,10225
1057,8408,1057,8381
1057,9842,1057,10943
1057,10021,1057,8383
1058,8820,1058,10612
1058,11401,1058,9816
1058,9227,1058,8025
1058,8510,1058,9205
1058,10098,1058,9559
1058,8763,1058,8230
1058,8054,1058,7820
1058,8484,1058,8359
1058,8155,1058,8665
1058,7693,1058,7639
1058,9251,1058,8949
1058,6467,1058,6029
1058,8666,1058,9379
1058,7694,1058,7538
1058,9203,1058,10094
1058,8177,1059,7408
1059,8512,1059,9026
1059,8509,1059,7540
1059,9177,1059,10764
1059,7898,1059,7464
1059,9176,1059,7308
1059,6875,1059,6822
1059,7947,1059,9103
1059,8640,1059,7438
1059,8278,1059,8613
1059,7512,1059,7105
1059,9407,1059,9099
1059,8099,1059,8712
1059,8841,1059,8509
1059,8794,1059,9816
1059,9587,1059,9047
1060,8891,1060,7924
1060,8998,1060,9201
1060,8791,1060,7950
1060,9460,1060,10377
1060,9612,1060,8893
1060,9765,1060,8641
1060,7947,1060,8762
1060,9379,1060,9329
1060,7360,1060,6131
1060,8124,1060,8972
1060,7356,1060,6487
1060,8563,1060,9304
1060,6127,1060,6049
1060,9739,1060,10202
1060,8562,1060,9693
1060,11046,1061,10328
1061,10634,1061,11888
1061,11175,1061,8718
1061,8819,1061,9992
1061,10535,1061,9897
1061,8589,1061,9458
1061,10634,1061,8538
1061,8764,1061,10021
1061,9688,1061,8131
1061,7051,1061,8381
1061,10737,1061,9843
1061,7438,1061,8436
1061,9815,1061,10455
1061,11017,1061,10150
1061,10611,1061,9712
1061,10482,1061,11711
1062,11810,1062,9353
1062,8176,1062,8792
1062,9202,1062,8763
1062,9229,1062,10172
1062,9768,1062,8412
1062,8258,1062,9559
1062,10763,1062,9377
1062,8178,1062,8021
1062,9663,1062,8793
1062,8233,1062,8305
1062,9252,1062,8283
1062,7461,1062,8204
1062,9587,1062,9816
1062,9409,1062,9305
1062,9407,1062,9306
1062,8847,1063,8509
1063,10147,1063,9051
1063,8691,1063,9154
1063,9178,1063,9101
1063,8924,1063,8358
1063,9071,1063,8560
1063,7410,1063,8097
1063,7643,1063,7361
1063,6592,1063,6975
1063,7563,1063,7386
1063,8229,1063,10710
1063,15625,1063,20567
1063,24044,1063,25198
1063,24580,1063,24174
1063,21255,1063,18723
1063,18645,1063,17722
1064,16753,1064,16573
1064,15983,1064,14066
1064,12504,1064,11890
1064,12861,1064,11531
1064,10430,1064,9176
1064,10122,1064,11249
1064,10355,1064,10326
1064,11149,1064,10839
1064,8384,1064,8767
1064,11017,1064,12246
1064,12348,1064,13472
1064,15624,1064,19338
1064,19927,1064,18619
1064,19516,1064,17875
1064,13964,1064,12477
1064,15087,1065,15350
1065,13810,1065,12913
1065,12628,1065,11122
1065,10331,1065,10584
1065,11429,1065,9075
1065,8922,1065,8791
1065,10172,1065,10151
1065,9841,1065,8871
1065,9793,1065,10226
1065,9433,1065,8896
1065,8919,1065,10815
1065,10993,1065,10584
1065,12630,1065,11941
1065,10968,1065,11939
1065,12503,1065,12789
1065,12476,1065,11660
1066,12709,1066,13124
1066,11375,1066,10687
1066,13398,1066,13196
1066,10842,1066,8741
1066,9357,1066,10255
1066,8997,1066,7821
1066,7744,1066,8563
1066,9534,1066,9762
1066,10481,1066,10866
1066,10379,1066,9299
1066,9685,1066,9764
1066,9612,1066,9534
1066,10099,1066,10970
1066,10505,1066,10403
1066,10991,1066,10865
1067,8412,1067,9560
1067,11227,1067,11377
1067,9919,1067,9457
1067,10966,1067,12123
1067,11170,1067,10227
1067,11631,1067,12760
1067,10405,1067,7718
1067,8206,1067,8564
1067,8378,1067,7999
1067,8767,1067,8922
1067,9686,1067,9610
1067,8230,1067,6847
1067,6870,1067,6872
1067,8945,1067,8973
1067,9051,1067,8996
1067,8509,1068,7792
1068,8023,1068,8283
1068,9047,1068,8104
1068,7411,1068,6642
1068,7534,1068,8511
1068,8048,1068,8101
1068,9407,1068,10791
1068,9869,1068,7976
1068,7487,1068,8232
1068,8255,1068,8435
1068,10764,1068,9383
1068,8152,1068,8741
1068,9970,1068,10386
1068,9511,1068,10355
1068,10688,1068,9230
1068,8996,1068,9027
1069,9970,1069,10253
1069,9792,1069,8384
1069,8052,1069,9532
1069,9429,1069,9176
1069,9506,1069,9203
1069,8358,1069,8411
1069,8694,1069,9407
1069,8767,1069,7513
1069,8460,1069,9633
1069,9863,1069,9454
1069,10428,1069,11681
1069,13552,1069,14268
1069,13601,1069,13680
1069,14451,1069,14143
1069,15782,1069,15166
1069,12784,1070,11787
1070,13759,1070,13705
1070,11303,1070,10280
1070,12990,1070,13093
1070,12330,1070,10865
1070,10201,1070,11426
1070,11378,1070,9994
1070,9817,1070,9967
1070,9455,1070,9919
1070,10608,1070,9951
1070,10916,1070,11070
1070,13931,1070,14576
1070,12860,1070,12754
1070,13989,1070,13912
1070,12169,1070,11392
1070,12887,1070,13169
1071,13348,1071,11812
1071,10358,1071,9997
1071,11376,1071,11376
1071,10047,1071,9098
1071,7362,1071,7230
1071,9484,1071,9639
1071,7565,1071,5824
1071,7359,1071,8618
1071,9225,1071,8231
1071,9459,1071,9326
1071,7614,1071,8513
1071,10276,1071,10862
1071,9688,1071,9864
1071,12044,1071,12914
1071,12962,1071,12193
1071,11273,1072,10686
1072,10556,1072,13117
1072,13783,1072,12199
1072,9609,1072,8586
1072,11071,1072,10813
1072,8893,1072,8941
1072,10813,1072,9766
1072,9304,1072,8791
1072,8919,1072,7971
1072,6848,1072,7024
1072,9024,1072,10100
1072,10354,1072,9768
1072,10022,1072,9765
1072,10301,1072,9252
1072,10275,1072,9582
1072,9274,1072,9226
1073,10557,1073,10688
1073,9229,1073,9178
1073,11709,1073,11431
1073,9179,1073,7873
1073,9559,1073,8793
1073,7025,1073,8023
1073,9663,1073,9278
1073,7359,1073,6210
1073,8515,1073,9613
1073,9564,1073,7716
1073,8588,1073,9584
1073,9125,1073,9866
1073,11353,1073,12097
1073,13014,1073,14113
1073,15853,1073,14855
1074,14372,1074,16039
1074,15576,1074,15447
1074,12424,1074,10252
1074,10815,1074,12271
1074,11325,1074,11044
1074,11505,1074,11327
1074,9508,1074,8409
1074,8922,1074,9894
1074,9662,1074,9992
1074,9687,1074,8535
1074,9125,1074,9765
1074,9766,1074,10226
1074,8354,1074,8584
1074,12681,1074,14292
1074,12863,1074,12116
1074,15238,1075,15368
1075,13347,1075,12756
1075,14469,1075,13168
1075,11604,1075,11379
1075,12147,1075,11454
1075,10227,1075,10352
1075,11326,1075,10378
1075,9557,1075,9969
1075,11453,1075,11909
1075,11123,1075,11200
1075,11276,1075,10178
1075,9636,1075,8844
1075,9357,1075,10378
1075,11047,1075,11378
1075,12603,1075,13374
1075,15062,1075,15748
1076,17463,1076,19592
1076,18106,1076,14883
1076,12939,1076,11404
1076,11298,1076,11889
1076,12963,1076,12631
1076,11247,1076,10329
1076,11939,1076,11785
1076,10299,1076,8922
1076,8872,1076,8484
1076,8357,1076,8306
1076,9843,1076,9844
1076,9127,1076,9379
1076,9843,1076,10584
1076,10173,1076,12092
1076,12782,1076,12374
1076,12451,1077,14522
1077,16697,1077,14063
1077,11272,1077,11017
1077,12961,1077,11554
1077,9154,1077,9302
1077,9047,1077,7691
1077,7971,1077,8816
1077,7566,1077,8791
1077,8177,1077,8104
1077,9229,1077,9329
1077,8176,1077,9102
1077,8919,1077,7332
1077,5849,1077,7741
1077,7746,1077,7592
1077,7846,1077,8487
1077,9732,1078,10428
1078,9279,1078,9200
1078,10200,1078,9741
1078,9048,1078,8173
1078,10123,1078,11710
1078,10097,1078,6645
1078,7460,1078,10199
1078,10124,1078,9021
1078,9736,1078,9922
1078,8510,1078,8155
1078,8509,1078,7383
1078,6771,1078,7588
1078,10021,1078,9283
1078,8613,1078,8437
1078,8616,1078,10100
1078,10124,1078,10356
1079,9843,1079,8537
1079,8972,1079,8999
1079,8436,1079,8360
1079,9480,1079,9482
1079,9609,1079,9743
1079,9586,1079,8306
1079,9281,1079,10047
1079,8536,1079,8997
1079,9639,1079,9534
1079,8664,1079,8919
1079,10428,1079,9839
1079,9019,1079,9381
1079,10049,1079,9740
1079,8639,1079,8793
1079,10380,1079,10455
1079,10196,1080,10788
1080,10332,1080,9456
1080,10178,1080,11121
1080,11584,1080,10332
1080,9870,1080,9688
1080,10095,1080,10838
1080,8996,1080,8024
1080,9610,1080,9663
1080,7896,1080,8639
1080,9841,1080,9486
1080,9280,1080,10176
1080,10584,1080,9306
1080,7717,1080,8843
1080,10579,1080,8918
1080,8690,1080,8718
1080,9842,1080,9331
1081,8051,1081,9173
1081,11915,1081,10941
1081,7721,1081,7561
1081,9101,1081,10043
1081,10017,1081,10020
1081,9662,1081,8382
1081,7895,1081,8663
1081,9791,1081,8614
1081,7641,1081,7998
1081,9070,1081,8458
1081,6158,1081,7256
1081,8793,1081,7976
1081,6594,1081,8407
1081,10202,1081,8561
1081,7307,1081,8742
1082,8869,1082,8072
1082,8562,1082,9257
1082,9637,1082,9353
1082,8482,1082,7767
1082,8919,1082,6463
1082,5519,1082,6260
1082,8768,1082,8230
1082,6797,1082,6642
1082,8586,1082,7693
1082,6258,1082,6743
1082,8332,1082,7692
1082,7516,1082,8331
1082,10071,1082,10526
1082,8895,1082,8458
1082,9381,1082,8359
1082,7720,1083,7001
1083,7721,1083,8461
1083,8182,1083,7564
1083,7614,1083,7770
1083,7945,1083,8128
1083,8230,1083,8458
1083,8051,1083,7488
1083,8025,1083,8767
1083,6794,1083,7029
1083,8870,1083,8768
1083,8563,1083,7768
1083,7972,1083,8408
1083,8842,1083,8742
1083,8026,1083,8870
1083,8181,1083,8843
1083,9615,1083,9252
1084,8590,1084,9048
1084,10532,1084,9508
1084,7338,1084,7896
1084,9995,1084,9560
1084,7974,1084,6616
1084,7899,1084,8486
1084,7564,1084,7053
1084,6798,1084,7127
1084,7283,1084,8768
1084,9921,1084,9510
1084,8154,1084,8460
1084,10303,1084,8537
1084,7565,1084,8487
1084,9611,1084,9355
1084,9713,1084,9839
1085,10560,1085,9585
1085,8970,1085,10124
1085,11352,1085,8922
1085,8332,1085,8795
1085,10918,1085,10300
1085,8483,1085,7643
1085,8818,1085,8997
1085,8738,1085,7717
1085,9559,1085,7613
1085,7054,1085,8511
1085,9793,1085,7871
1085,7590,1085,9150
1085,9175,1085,8334
1085,8510,1085,9664
1085,10051,1085,8179
1085,7691,1086,9096
1086,9968,1086,9097
1086,9486,1086,10713
1086,10736,1086,9000
1086,7538,1086,7947
1086,8204,1086,7180
1086,8333,1086,8357
1086,9098,1086,7690
1086,7412,1086,6797
1086,7181,1086,6618
1086,5388,1086,5695
1086,6668,1086,7433
1086,7233,1086,8151
1086,7334,1086,6849
1086,6542,1086,7077
1086,8025,1087,8255
1087,6949,1087,7617
1087,8715,1087,7918
1087,7102,1087,7951
1087,8153,1087,6593
1087,5646,1087,5084
1087,6027,1087,6080
1087,6823,1087,7692
1087,9073,1087,8484
1087,8691,1087,8947
1087,9791,1087,9819
1087,8843,1087,8411
1087,8561,1087,9278
1087,9458,1087,9662
1087,10124,1087,8997
1087,8332,1087,8484
1088,8947,1088,8308
1088,7717,1088,6947
1088,8357,1088,8305
1088,8383,1088,8279
1088,8537,1088,9203
1088,9385,1088,9151
1088,9126,1088,8359
1088,7898,1088,7591
1088,8000,1088,9280
1088,9790,1088,9461
1088,8688,1088,8744
1088,8229,1088,7719
1088,9790,1088,9967
1088,10354,1088,9508
1088,11146,1088,10685
1088,9200,1089,8458
1089,9713,1089,9713
1089,9506,1089,10531
1089,11733,1089,10609
1089,10453,1089,10022
1089,10176,1089,10047
1089,8819,1089,8512
1089,9380,1089,9896
1089,8485,1089,8280
1089,9021,1089,8638
1089,9178,1089,11634
1089,15985,1089,21645
1089,30956,1089,49209
1089,74680,1089,94436
1089,100660,1089,95796
1089,83818,1090,70203
1090,64085,1090,58069
1090,54125,1090,47857
1090,42194,1090,37564
1090,36102,1090,32929
1090,30424,1090,25861
1090,23356,1090,22770
1090,22638,1090,21438
1090,20491,1090,18697
1090,17644,1090,16292
1090,15911,1090,16932
1090,17752,1090,19363
1090,23896,1090,32162
1090,45292,1090,56250
1090,65950,1090,69738
1090,62058,1090,51433
1091,48185,1091,42403
1091,37204,1091,34262
1091,33698,1091,29323
1091,24608,1091,23667
1091,24686,1091,22639
1091,19031,1091,17366
1091,19083,1091,18673
1091,16930,1091,16139
1091,15988,1091,16702
1091,15859,1091,14143
1091,14167,1091,15091
1091,15014,1091,16168
1091,21051,1091,28120
1091,30724,1091,30933
1091,30472,1091,26631
1092,25097,1092,25197
1092,25278,1092,23125
1092,20106,1092,18597
1092,19287,1092,17702
1092,14756,1092,14116
1092,13221,1092,12121
1092,11970,1092,11686
1092,12246,1092,12965
1092,11762,1092,9739
1092,11069,1092,10120
1092,9458,1092,10583
1092,12966,1092,12839
1092,10429,1092,10636
1092,13579,1092,15574
1092,14832,1092,15393
1092,16034,1093,14347
1093,12758,1093,13324
1093,15090,1093,14036
1093,13198,1093,13244
1093,12784,1093,11939
1093,12145,1093,11226
1093,11713,1093,11122
1093,10099,1093,10481
1093,11609,1093,9739
1093,7464,1093,8051
1093,10022,1093,10482
1093,9610,1093,9100
1093,10252,1093,11713
1093,11556,1093,12427
1093,14421,1093,14089
1093,14449,1094,14649
1094,14526,1094,13528
1094,12630,1094,11096
1094,11483,1094,11866
1094,11149,1094,10661
1094,11197,1094,12017
1094,10942,1094,9229
1094,9790,1094,10357
1094,7818,1094,7000
1094,7774,1094,7027
1094,7439,1094,7489
1094,7817,1094,7696
1094,8202,1094,10456
1094,12324,1094,10173
1094,9917,1094,12017
1094,13834,1094,13831
1095,14679,1095,13885
1095,13526,1095,12351
1095,11281,1095,10300
1095,11071,1095,9944
1095,8769,1095,8410
1095,9689,1095,7974
1095,6643,1095,7663
1095,9330,1095,8358
1095,8027,1095,7384
1095,9380,1095,8763
1095,8049,1095,8716
1095,10097,1095,10046
1095,10175,1095,10839
1095,11760,1095,13190
1095,14163,1095,13729
1096,12170,1096,13678
1096,13963,1096,12860
1096,12989,1096,12733
1096,9740,1096,10149
1096,11526,1096,10507
1096,9229,1096,8436
1096,8589,1096,9176
1096,9584,1096,8383
1096,8538,1096,8540
1096,8155,1096,9588
1096,8946,1096,7337
1096,7237,1096,7615
1096,9230,1096,10507
1096,10458,1096,11297
1096,13477,1096,12962
1096,11684,1097,12787
1097,14039,1097,11530
1097,9483,1097,10481
1097,11456,1097,10096
1097,8302,1097,8794
1097,9174,1097,8127
1097,8053,1097,7283
1097,7721,1097,7362
1097,7362,1097,7644
1097,7155,1097,8410
1097,8412,1097,7438
1097,8359,1097,8330
1097,8845,1097,7973
1097,8051,1097,8917
1097,11301,1097,11966
1097,12089,1098,12271
1098,10916,1098,11275
1098,12837,1098,11202
1098,9051,1098,8331
1098,9408,1098,9637
1098,9281,1098,7849
1098,7976,1098,8818
1098,7717,1098,7409
1098,8433,1098,8330
1098,7407,1098,7228
1098,8532,1098,8613
1098,7997,1098,8382
1098,9048,1098,8206
1098,7028,1098,7847
1098,9613,1098,11479
1098,9406,1098,8844
1099,9382,1099,8537
1099,7639,1099,7640
1099,9098,1099,9791
1099,9358,1099,7973
1099,7308,1099,5925
1099,5516,1099,7411
1099,7945,1099,6563
1099,6360,1099,7076
1099,7921,1099,7898
1099,6465,1099,6027
1099,7848,1099,9076
1099,8690,1099,7203
1099,9152,1099,8456
1099,7641,1099,8207
1099,8973,1099,9971
1100,9380,1100,7818
1100,7052,1100,6668
1100,6951,1100,7305
1100,8945,1100,8306
1100,8022,1100,6821
1100,6844,1100,6414
1100,7103,1100,7587
1100,7438,1100,7490
1100,7387,1100,7055
1100,7923,1100,8175
1100,7949,1100,7463
1100,8001,1100,7899
1100,8281,1100,7769
1100,9841,1100,10151
1100,9050,1100,9048
1100,10273,1101,9612
1101,8378,1101,8152
1101,8431,1101,8027
1101,8894,1101,8872
1101,9331,1101,9792
1101,9046,1101,7971
1101,9407,1101,10582
1101,9789,1101,9360
1101,9075,1101,8433
1101,7333,1101,7614
1101,8304,1101,9072
1101,7255,1101,6744
1101,8306,1101,8691
1101,8458,1101,8612
1101,9869,1101,9512
1101,8329,1102,8588
1102,11017,1102,10868
1102,8385,1102,7820
1102,8585,1102,7741
1102,6776,1102,7591
1102,9304,1102,7950
1102,6973,1102,6871
1102,8948,1102,9992
1102,9512,1102,7947
1102,7770,1102,7842
1102,7846,1102,8715
1102,10611,1102,9485
1102,7615,1102,7180
1102,7870,1102,8483
1102,8435,1102,7692
1102,8128,1103,9123
1103,9253,1103,9508
1103,9457,1103,9356
1103,8920,1103,7538
1103,7336,1103,6670
1103,6973,1103,8204
1103,8176,1103,7586
1103,8001,1103,8817
1103,8282,1103,6848
1103,6848,1103,6692
1103,8305,1103,8843
1103,8126,1103,7793
1103,8742,1103,9764
1103,9279,1103,8536
1103,10149,1103,10663
1103,8281,1103,7381
1104,9148,1104,9840
1104,10044,1104,9021
1104,8432,1104,7100
1104,6463,1104,7665
1104,8842,1104,8791
1104,7259,1104,6615
1104,7462,1104,6876
1104,7053,1104,6999
1104,6773,1104,6742
1104,6874,1104,7000
1104,8128,1104,8000
1104,7693,1104,8718
1104,9947,1104,10151
1104,8688,1104,7434
1104,8434,1104,8945
1105,8026,1105,7178
1105,7433,1105,8230
1105,7153,1105,6283
1105,5515,1105,6053
1105,6974,1105,6002
1105,6311,1105,6539
1105,6287,1105,6668
1105,7462,1105,6979
1105,7259,1105,7385
1105,8207,1105,8586
1105,8381,1105,8717
1105,9099,1105,10358
1105,10326,1105,10097
1105,10967,1105,10632
1105,9939,1105,8972
1106,10740,1106,11887
1106,10331,1106,9024
1106,9583,1106,10380
1106,9278,1106,8356
1106,8974,1106,8946
1106,9127,1106,8692
1106,8508,1106,8307
1106,7412,1106,7693
1106,7694,1106,8024
1106,7206,1106,7285
1106,7691,1106,7668
1106,8948,1106,9535
1106,11145,1106,10149
1106,9230,1106,10176
1106,11250,1106,10840
1106,8844,1107,9179
1107,9843,1107,10458
1107,9636,1107,8383
1107,8078,1107,7744
1107,7232,1107,8203
1107,9074,1107,8073
1107,6181,1107,5364
1107,5492,1107,4876
1107,4187,1107,5132
1107,6974,1107,6773
1107,5646,1107,5901
1107,7000,1107,6154
1107,5105,1107,8101
1107,10228,1107,9126
1107,7743,1107,8385
1107,9124,1108,8383
1108,7260,1108,6054
1108,7591,1108,8048
1108,6742,1108,6160
1108,7717,1108,6744
1108,6307,1108,7337
1108,8436,1108,7640
1108,7539,1108,7897
1108,7638,1108,6821
1108,5209,1108,5490
1108,6667,1108,7638
1108,7027,1108,7207
1108,7518,1108,7668
1108,6670,1108,6259
1108,7643,1108,7282
1108,6080,1109,5571
1109,6512,1109,7693
1109,6310,1109,5439
1109,6312,1109,6461
1109,7079,1109,7564
1109,8484,1109,8587
1109,8536,1109,7873
1109,7717,1109,7282
1109,6641,1109,6567
1109,6848,1109,6950
1109,7435,1109,6745
1109,8153,1109,8130
1109,6900,1109,6030
1109,7131,1109,8205
1109,7565,1109,7742
1109,7387,1109,7001
1110,6924,1110,6693
1110,6951,1110,6564
1110,6182,1110,5720
1110,6848,1110,7054
1110,5977,1110,6076
1110,7076,1110,6951
1110,6895,1110,6720
1110,8228,1110,7898
1110,6720,1110,6206
1110,7334,1110,7103
1110,7358,1110,6927
1110,8180,1110,7386
1110,5233,1110,6361
1110,7384,1110,6513
1110,5927,1110,6411
1111,8256,1111,7512
1111,5927,1111,6590
1111,7461,1111,7283
1111,7078,1111,6461
1111,7308,1111,7642
1111,7284,1111,6950
1111,7026,1111,7359
1111,7590,1111,6870
1111,6774,1111,5978
1111,6544,1111,7308
1111,7742,1111,7108
1111,7384,1111,7612
1111,7306,1111,7256
1111,6922,1111,7999
1111,8973,1111,8027
1112,6720,1112,5951
1112,6105,1112,5902
1112,5798,1112,5569
1112,6568,1112,6205
1112,5365,1112,7056
1112,7770,1112,7668
1112,7413,1112,7336
1112,7666,1112,6744
1112,6770,1112,7947
1112,8280,1112,7821
1112,7151,1112,6742
1112,6922,1112,6490
1112,6463,1112,6460
1112,7461,1112,7588
1112,7692,1112,7537
1112,7819,1113,6312
1113,5927,1113,6641
1113,7515,1113,7463
1113,8204,1113,6590
1113,6743,1113,7359
1113,6539,1113,5825
1113,5720,1113,5284
1113,5849,1113,6183
1113,7205,1113,7538
1113,6845,1113,6131
1113,7510,1113,8077
1113,8155,1113,8255
1113,7977,1113,7947
1113,7592,1113,8103
1113,9126,1113,8818
1113,7539,1114,6897
1114,9098,1114,8921
1114,7308,1114,7001
1114,6970,1114,7774
1114,7433,1114,7513
1114,7769,1114,6821
1114,6285,1114,6413
1114,7254,1114,6848
1114,6821,1114,6414
1114,6770,1114,7358
1114,8099,1114,7131
1114,7103,1114,6667
1114,6104,1114,5949
1114,6820,1114,6926
1114,6825,1114,6977
1114,8307,1115,7719
1115,7052,1115,6390
1115,6412,1115,6596
1115,5391,1115,4263
1115,5260,1115,6460
1115,5874,1115,7437
1115,8714,1115,7204
1115,6746,1115,7307
1115,8207,1115,7589
1115,6640,1115,6027
1115,6134,1115,5878
1115,6439,1115,6491
1115,6794,1115,6256
1115,5977,1115,6771
1115,7410,1115,8205
1115,8589,1116,7332
1116,7766,1116,8868
1116,8127,1116,7436
1116,8742,1116,7739
1116,6899,1116,7488
1116,8511,1116,7434
1116,6848,1116,7207
1116,9458,1116,8078
1116,6669,1116,6183
1116,7077,1116,6870
1116,6182,1116,6615
1116,6896,1116,7260
1116,7489,1116,7336
1116,9075,1116,8207
1116,6873,1116,7182
1116,7231,1117,8051
1117,8381,1117,7842
1117,8177,1117,7845
1117,7488,1117,6922
1117,7462,1117,6797
1117,7025,1117,7024
1117,6719,1117,7077
1117,6847,1117,5542
1117,5413,1117,7465
1117,7463,1117,5263
1117,6052,1117,8534
1117,7105,1117,7027
1117,10485,1117,9687
1117,8077,1117,7718
1117,8306,1117,10303
1117,11757,1117,14138
1118,17442,1118,17157
1118,16285,1118,13604
1118,12913,1118,13321
1118,11529,1118,11122
1118,10532,1118,10863
1118,9385,1118,9049
1118,10402,1118,10250
1118,8842,1118,9151
1118,9434,1118,10124
1118,9381,1118,7920
1118,8099,1118,9051
1118,9022,1118,7616
1118,8256,1118,9637
1118,9869,1118,9660
1118,11633,1118,12782
1119,13932,1119,15622
1119,15650,1119,13524
1119,13164,1119,12707
1119,13454,1119,10865
1119,9275,1119,9354
1119,10637,1119,10301
1119,9615,1119,8949
1119,9788,1119,9895
1119,9384,1119,7920
1119,7922,1119,7972
1119,7999,1119,6874
1119,6694,1119,6618
1119,6285,1119,6747
1119,8664,1119,8946
1119,8791,1119,9919
1120,10737,1120,11275
1120,10993,1120,10863
1120,10915,1120,9558
1120,8638,1120,8945
1120,9765,1120,9613
1120,9384,1120,8286
1120,8254,1120,8255
1120,8769,1120,9078
1120,8566,1120,7950
1120,8463,1120,7897
1120,8231,1120,8331
1120,6871,1120,6285
1120,8687,1120,8920
1120,8566,1120,8359
1120,9358,1120,10967
1121,8790,1121,7511
1121,9532,1121,10787
1121,10890,1121,10407
1121,10095,1121,9152
1121,7970,1121,7001
1121,7769,1121,8919
1121,8485,1121,7488
1121,6900,1121,7562
1121,7460,1121,6927
1121,6951,1121,6951
1121,6566,1121,7077
1121,7717,1121,8793
1121,8304,1121,9406
1121,13657,1121,18005
1121,26505,1121,42814
1122,64593,1122,85685
1122,99177,1122,96082
1122,86019,1122,73069
1122,63470,1122,55789
1122,51690,1122,47216
1122,42814,1122,39509
1122,38537,1122,36949
1122,32729,1122,29297
1122,27632,1122,25867
1122,22562,1122,19899
1122,20335,1122,19287
1122,17238,1122,14297
1122,15676,1122,17010
1122,17445,1122,19209
1122,26737,1122,38279
1123,49826,1123,59524
1123,70887,1123,73606
1123,67640,1123,58963
1123,53382,1123,48211
1123,44422,1123,38433
1123,35668,1123,33902
1123,29936,1123,25843
1123,24895,1123,22258
1123,19365,1123,16831
1123,17800,1123,16780
1123,16220,1123,14247
1123,15140,1123,14345
1123,13221,1123,12554
1123,14426,1123,14220
1123,14526,1123,18338
1124,25580,1124,31086
1124,31830,1124,31520
1124,31725,1124,28726
1124,25250,1124,24714
1124,27070,1124,26711
1124,22922,1124,20593
1124,20972,1124,19390
1124,16653,1124,13450
1124,12913,1124,13194
1124,11406,1124,10688
1124,11174,1124,8895
1124,7998,1124,6923
1124,6926,1124,9049
1124,9329,1124,8153
1124,9355,1124,10461
1124,9869,1125,9382
1125,12194,1125,14651
1125,12042,1125,12326
1125,13760,1125,12451
1125,12219,1125,13758
1125,14422,1125,12815
1125,11072,1125,11123
1125,10765,1125,10072
1125,8512,1125,7514
1125,8307,1125,9051
1125,7206,1125,6897
1125,7156,1125,6999
1125,6588,1125,7000
1125,7436,1125,7643
1125,7281,1125,6950
1125,7945,1126,7947
1126,7872,1126,8358
1126,9201,1126,9945
1126,8154,1126,7516
1126,7975,1126,7849
1126,6339,1126,7003
1126,9101,1126,8458
1126,6182,1126,5978
1126,7102,1126,6923
1126,7589,1126,6157
1126,4774,1126,4801
1126,5316,1126,6257
1126,6127,1126,4493
1126,4824,1126,5541
1126,6235,1126,6208
1126,7001,1127,7897
1127,7666,1127,7976
1127,7926,1127,7870
1127,8765,1127,8944
1127,7946,1127,7537
1127,8024,1127,8744
1127,8384,1127,8816
1127,8000,1127,7310
1127,6618,1127,6442
1127,6874,1127,5722
1127,5490,1127,6616
1127,6493,1127,5162
1127,4698,1127,4287
1127,5209,1127,5899
1127,6696,1127,7744
1127,8022,1128,8661
1128,10275,1128,11911
1128,12912,1128,12196
1128,10966,1128,10919
1128,10966,1128,10276
1128,9458,1128,9075
1128,9073,1128,9281
1128,8254,1128,8791
1128,8610,1128,7821
1128,6901,1128,6235
1128,6849,1128,6361
1128,6182,1128,6461
1128,7948,1128,7997
1128,6800,1128,6947
1128,8769,1128,9176
1128,8026,1129,8380
1129,11143,1129,10759
1129,9943,1129,9534
1129,9662,1129,9866
1129,10454,1129,11122
1129,11967,1129,9968
1129,8768,1129,8205
1129,8309,1129,7486
1129,6107,1129,5416
1129,7462,1129,7334
1129,6898,1129,7078
1129,7105,1129,6873
1129,8102,1129,8152
1129,7204,1129,7385
1129,8818,1129,8615
1129,9074,1130,10430
1130,12271,1130,12475
1130,11862,1130,10608
1130,11505,1130,11377
1130,10431,1130,10457
1130,10969,1130,10226
1130,11145,1130,11198
1130,8717,1130,7128
1130,8792,1130,8410
1130,8564,1130,7463
1130,6772,1130,5774
1130,5900,1130,5362
1130,5003,1130,6235
1130,6314,1130,6824
1130,6308,1130,7844
1130,8743,1131,9200
1131,9867,1131,9226
1131,8665,1131,8328
1131,9917,1131,9252
1131,7646,1131,7108
1131,7769,1131,8997
1131,7795,1131,8022
1131,8718,1131,8307
1131,7104,1131,5694
1131,7177,1131,6973
1131,6233,1131,4927
1131,5082,1131,5622
1131,5159,1131,4724
1131,7409,1131,7645
1131,6950,1131,7487
1131,9409,1132,9636
1132,8717,1132,8226
1132,8893,1132,8688
1132,7537,1132,8225
1132,9894,1132,8538
1132,6690,1132,6386
1132,8434,1132,8540
1132,6850,1132,5901
1132,6798,1132,6567
1132,5160,1132,5925
1132,6668,1132,6699
1132,6127,1132,5337
1132,5131,1132,4419
1132,5056,1132,5571
1132,6259,1132,6460
1132,6079,1133,6286
1133,6894,1133,7076
1133,7540,1133,7692
1133,8180,1133,8741
1133,8765,1133,8127
1133,7974,1133,7769
1133,6132,1133,6977
1133,9585,1133,9306
1133,7330,1133,6875
1133,8131,1133,8331
1133,6417,1133,6031
1133,6771,1133,6798
1133,6513,1133,5925
1133,6411,1133,7871
1133,7593,1133,6797
1133,7589,1134,8841
1134,8202,1134,8252
1134,9482,1134,9741
1134,9942,1134,9334
1134,10306,1134,10048
1134,8206,1134,6798
1134,6668,1134,6566
1134,7026,1134,7233
1134,8077,1134,7922
1134,6926,1134,6056
1134,7080,1134,6388
1134,6461,1134,7027
1134,6795,1134,5774
1134,6696,1134,6797
1134,6745,1134,6897
1134,7920,1135,8665
1135,9329,1135,8638
1135,7665,1135,7336
1135,8358,1135,8716
1135,7156,1135,7483
1135,9155,1135,7819
1135,6593,1135,6744
1135,7593,1135,6358
1135,6618,1135,5467
1135,5414,1135,5619
1135,5313,1135,4852
1135,6462,1135,8152
1135,6973,1135,5898
1135,6667,1135,6950
1135,7076,1135,5819
1135,6336,1136,6489
1136,7641,1136,8279
1136,8868,1136,8971
1136,8101,1136,7409
1136,7234,1136,6488
1136,5901,1136,5237
1136,6255,1136,6640
1136,6133,1136,5667
1136,5006,1136,5007
1136,5670,1136,5135
1136,4747,1136,5186
1136,4929,1136,5671
1136,6977,1136,7440
1136,7591,1136,6566
1136,6975,1136,8127
1136,7152,1137,7158
1137,7638,1137,7639
1137,7257,1137,7228
1137,8077,1137,7771
1137,7205,1137,6921
1137,8207,1137,7897
1137,6416,1137,6130
1137,6259,1137,6084
1137,6692,1137,6540
1137,6001,1137,5157
1137,4593,1137,4800
1137,5160,1137,5463
1137,6028,1137,5312
1137,5949,1137,5851
1137,5978,1137,5903
1137,6464,1138,7488
1138,6696,1138,7025
1138,8383,1138,8207
1138,7155,1138,6873
1138,7743,1138,8099
1138,7591,1138,6054
1138,7054,1138,7591
1138,6717,1138,6695
1138,7542,1138,6670
1138,5926,1138,5338
1138,6438,1138,6619
1138,5824,1138,4954
1138,5493,1138,5930
1138,6434,1138,6692
1138,7155,1138,6977
1139,5569,1139,6000
1139,7586,1139,7717
1139,7435,1139,8074
1139,9152,1139,7360
1139,6360,1139,6309
1139,6542,1139,6026
1139,5463,1139,5647
1139,6158,1139,6540
1139,6338,1139,6030
1139,5875,1139,5418
1139,5007,1139,5928
1139,7361,1139,7744
1139,6746,1139,6441
1139,7258,1139,6850
1139,5338,1139,5107
1140,6695,1140,7128
1140,6796,1140,7361
1140,8645,1140,8532
1140,7820,1140,6951
1140,8151,1140,7434
1140,6437,1140,7232
1140,8076,1140,7537
1140,6005,1140,6259
1140,7871,1140,8279
1140,6310,1140,5442
1140,5391,1140,5669
1140,5873,1140,6181
1140,6948,1140,7101
1140,7259,1140,7127
1140,7154,1140,6026
1141,6338,1141,6311
1141,7972,1141,7817
1141,8204,1141,8229
1141,8026,1141,7052
1141,6899,1141,6902
1141,6005,1141,5109
1141,5440,1141,7024
1141,8458,1141,7334
1141,5390,1141,4392
1141,5414,1141,6593
1141,5365,1141,4826
1141,5926,1141,5926
1141,7053,1141,8716
1141,8791,1141,8331
1141,8923,1141,11195
1142,12241,1142,11683
1142,10508,1142,10815
1142,10993,1142,9869
1142,9306,1142,9431
1142,10790,1142,9457
1142,9405,1142,9866
1142,10687,1142,10690
1142,8513,1142,7205
1142,7949,1142,8766
1142,7899,1142,6516
1142,6695,1142,6004
1142,6900,1142,8076
1142,8562,1142,9126
1142,9356,1142,9942
1142,12146,1142,13397
1143,12707,1143,12347
1143,11834,1143,12349
1143,13171,1143,12374
1143,12657,1143,12093
1143,10683,1143,10478
1143,12044,1143,11503
1143,10072,1143,11609
1143,13628,1143,12836
1143,10659,1143,9661
1143,10661,1143,15601
1143,25635,1143,43809
1143,85436,1143,170762
1143,312151,1143,509393
1143,744289,1143,987392
1143,1225137,1143,1451289
1144,1638139,1144,1763299
1144,1762836,1144,1632322
1144,1477578,1144,1353337
1144,1254655,1144,1178770
1144,1113675,1144,1040558
1144,968802,1144,912150
1144,867047,1144,818865
1144,771277,1144,729526
1144,690815,1144,646018
1144,610566,1144,584121
1144,566837,1144,571626
1144,592212,1144,634219
1144,699034,1144,781671
1144,875594,1144,991380
1144,1112878,1144,1249684
1145,1375101,1145,1468645
1145,1487659,1145,1420212
1145,1302701,1145,1185660
1145,1091989,1145,1019237
1145,951936,1145,890803
1145,841366,1145,791190
1145,737971,1145,692074
1145,655261,1145,620982
1145,581839,1145,546329
1145,522371,1145,497796
1145,474090,1145,463393
1145,461955,1145,467689
1145,475575,1145,483022
1145,493772,1145,514534
1145,551015,1146,598705
1146,649599,1146,686586
1146,699085,1146,680241
1146,651003,1146,623232
1146,594966,1146,568829
1146,548354,1146,529203
1146,504446,1146,472087
1146,440475,1146,403658
1146,364164,1146,329956
1146,299318,1146,264781
1146,238138,1146,215173
1146,198615,1146,185814
1146,179338,1146,171808
1146,171910,1146,177211
1146,179260,1146,183147
1146,195888,1147,210405
1147,226405,1147,238437
1147,252342,1147,254047
1147,248449,1147,243711
1147,242739,1147,237184
1147,228581,1147,222388
1147,217981,1147,205235
1147,190540,1147,176439
1147,162156,1147,143642
1147,127569,1147,111983
1147,98671,1147,87149
1147,81237,1147,76658
1147,73072,1147,67620
1147,66593,1147,67721
1147,71280,1147,73914
1147,76246,1148,80185
1148,87504,1148,91367
1148,94362,1148,96618
1148,99639,1148,95575
1148,90041,1148,85282
1148,87324,1148,85921
1148,83488,1148,79776
1148,77677,1148,72867
1148,67387,1148,59295
1148,51617,1148,41302
1148,28807,1148,20742
1148,16470,1148,12578
1148,8716,1148,7539
1148,7057,1148,7053
1148,10510,1148,16983
1148,23278,1149,31391
1149,42018,1149,56224
1149,67542,1149,75913
1149,88296,1149,95924
1149,101637,1149,100967
1149,98075,1149,91541
1149,87583,1149,81289
1149,75143,1149,67743
1149,60649,1149,50616
1149,42300,1149,35746
1149,29038,1149,22439
1149,18240,1149,16342
1149,13960,1149,13885
1149,14015,1149,14631
1149,17013,1149,20312
1149,25406,1150,31090
1150,38538,1150,45371
1150,51953,1150,56556
1150,61216,1150,65489
1150,69150,1150,68996
1150,69043,1150,65998
1150,62753,1150,57453
1150,53453,1150,47338
1150,41785,1150,38764
1150,35819,1150,32598
1150,30957,1150,29730
1150,30856,1150,31678
1150,28066,1150,26322
1150,27070,1150,26967
1150,28963,1150,28835
1151,31627,1151,34799
1151,39586,1151,45346
1151,55892,1151,62063
1151,69026,1151,77163
1151,85738,1151,87688
1151,89501,1151,86018
1151,81029,1151,72429
1151,60881,1151,45441
1151,34031,1151,23381
1151,14424,1151,9842
1151,8177,1151,6057
1151,4494,1151,4214
1151,2982,1151,3445
1151,4059,1151,5085
1151,6594,1151,8541
1152,10917,1152,14298
1152,20056,1152,25661
1152,30192,1152,35283
1152,41070,1152,45394
1152,49770,1152,51106
1152,51074,1152,48671
1152,44089,1152,36693
1152,31162,1152,22560
1152,14777,1152,11968
1152,11963,1152,9557
1152,6669,1152,4290
1152,4341,1152,4008
1152,3523,1152,3623
1152,3957,1152,4416
1152,5413,1152,7335
1153,8948,1153,8025
1153,9405,1153,11712
1153,12557,1153,12555
1153,12451,1153,13346
1153,14650,1153,14192
1153,12143,1153,11888
1153,13679,1153,12863
1153,11219,1153,8998
1153,7690,1153,5694
1153,3727,1153,1962
1153,2678,1153,3065
1153,2246,1153,1736
1153,2217,1153,1884
1153,2297,1153,3751
1153,4597,1154,7336
1154,12070,1154,18570
1154,26299,1154,34539
1154,41197,1154,48463
1154,55584,1154,58114
1154,56658,1154,53404
1154,52508,1154,49337
1154,44065,1154,34467
1154,29038,1154,24458
1154,17751,1154,11683
1154,10197,1154,8252
1154,5388,1154,4543
1154,5057,1154,3830
1154,3804,1154,4852
1154,6464,1154,7819
1154,7971,1155,10760
1155,16599,1155,21745
1155,25071,1155,30881
1155,37614,1155,42501
1155,45601,1155,47469
1155,48674,1155,44501
1155,40227,1155,36106
1155,34719,1155,29784
1155,23638,1155,20822
1155,20311,1155,18055
1155,16367,1155,15137
1155,16500,1155,17341
1155,16930,1155,16958
1155,18084,1155,17777
1155,17341,1155,17316
1155,20287,1156,23052
1156,23331,1156,25657
1156,32498,1156,37075
1156,39435,1156,42811
1156,47906,1156,48648
1156,48188,1156,46012
1156,43345,1156,36948
1156,29032,1156,21663
1156,17264,1156,12888
1156,9076,1156,4826
1156,3982,1156,3574
1156,2809,1156,1299
1156,1400,1156,2193
1156,2808,1156,3552
1156,3749,1156,4468
1156,5188,1157,7028
1157,10738,1157,13424
1157,15959,1157,18622
1157,24096,1157,27581
1157,26863,1157,26223
1157,28396,1157,27658
1157,25096,1157,20003
1157,15572,1157,11377
1157,8432,1157,5079
1157,4622,1157,3288
1157,2707,1157,2757
1157,1989,1157,1834
1157,1836,1157,2630
1157,2960,1157,2958
1157,3573,1157,4137
1158,5464,1158,5235
1158,5825,1158,6616
1158,8279,1158,8765
1158,8000,1158,8278
1158,8380,1158,8204
1158,8484,1158,8663
1158,8638,1158,7514
1158,6385,1158,6205
1158,7464,1158,5744
1158,4262,1158,3292
1158,3370,1158,3905
1158,3293,1158,3523
1158,2907,1158,2835
1158,2395,1158,3112
1158,4237,1158,7715
1159,10684,1159,14424
1159,20767,1159,26321
1159,31397,1159,37818
1159,42115,1159,42686
1159,40326,1159,38664
1159,39274,1159,35950
1159,31163,1159,27552
1159,23843,1159,18673
1159,14397,1159,11276
1159,9661,1159,8024
1159,4928,1159,5825
1159,6312,1159,4957
1159,5106,1159,5287
1159,7487,1159,10378
1159,14217,1160,19055
1160,27451,1160,35127
1160,43065,1160,49540
1160,53455,1160,53738
1160,52693,1160,53201
1160,52794,1160,48799
1160,43783,1160,39739
1160,38535,1160,33645
1160,27251,1160,24971
1160,25966,1160,23330
1160,20290,1160,19186
1160,18904,1160,16984
1160,15370,1160,15116
1160,16062,1160,15783
1160,16653,1160,18750
1160,20875,1161,22770
1161,26250,1161,31936
1161,38356,1161,40376
1161,39893,1161,36901
1161,37460,1161,37309
1161,37056,1161,34875
1161,33415,1161,28350
1161,22280,1161,18824
1161,15525,1161,10920
1161,7361,1161,5236
1161,4801,1161,4033
1161,4009,1161,2193
1161,2116,1161,2397
1161,2219,1161,2578
1161,3928,1161,5540
1161,6180,1162,6616
1162,10558,1162,14497
1162,17489,1162,20589
1162,23277,1162,24817
1162,25203,1162,27351
1162,27862,1162,24917
1162,21284,1162,19085
1162,16393,1162,10458
1162,9383,1162,9917
1162,8434,1162,5313
1162,3828,1162,2932
1162,2859,1162,1735
1162,2502,1162,2910
1162,3496,1162,3037
1162,3393,1162,3651
1163,5517,1163,6998
1163,7126,1163,8378
1163,9662,1163,10811
1163,10427,1163,9099
1163,9688,1163,9992
1163,10326,1163,10839
1163,10172,1163,9814
1163,10023,1163,9817
1163,9203,1163,7666
1163,6284,1163,6514
1163,7130,1163,6129
1163,5874,1163,6185
1163,6465,1163,5622
1163,5545,1163,6800
1163,10048,1163,12249
1164,13759,1164,19130
1164,24662,1164,28940
1164,31214,1164,32033
1164,36026,1164,38843
1164,38023,1164,37130
1164,37411,1164,34412
1164,31237,1164,26453
1164,23971,1164,20056
1164,16062,1164,11097
1164,9815,1164,8640
1164,6389,1164,6131
1164,7488,1164,7333
1164,5978,1164,5491
1164,7949,1164,9049
1164,10228,1165,11712
1165,14886,1165,17007
1165,18980,1165,21895
1165,26380,1165,28911
1165,30983,1165,34415
1165,36769,1165,35211
1165,32060,1165,30041
1165,28044,1165,24534
1165,21694,1165,19107
1165,19161,1165,16931
1165,15271,1165,12992
1165,11454,1165,9870
1165,10229,1165,11145
1165,12450,1165,11892
1165,10095,1165,10607
1165,13347,1166,12738
1166,12197,1166,13626
1166,15525,1166,15806
1166,15505,1166,15675
1166,17287,1166,17136
1166,15342,1166,14089
1166,13523,1166,12068
1166,8767,1166,7947
1166,7255,1166,5826
1166,4340,1166,4060
1166,2652,1166,1938
1166,2629,1166,2295
1166,1784,1166,1274
1166,1326,1166,1119
1166,1758,1166,2266
1166,2726,1167,4723
1167,6389,1167,7716
1167,8920,1167,9817
1167,12276,1167,13657
1167,13679,1167,14162
1167,16598,1167,15908
1167,12425,1167,9099
1167,8920,1167,7153
1167,5365,1167,4596
1167,4135,1167,3955
1167,3011,1167,2959
1167,2803,1167,2677
1167,2065,1167,2116
1167,2653,1167,3110
1167,4085,1167,4085
1168,4316,1168,5001
1168,5032,1168,6003
1168,7513,1168,7667
1168,6619,1168,6798
1168,7613,1168,9098
1168,8257,1168,7868
1168,8843,1168,9228
1168,7361,1168,6466
1168,8362,1168,7104
1168,6026,1168,5537
1168,5773,1168,7054
1168,5900,1168,4543
1168,5517,1168,6977
1168,8026,1168,9306
1168,11659,1168,13245
1169,14065,1169,16807
1169,20872,1169,22052
1169,23587,1169,27481
1169,31882,1169,33136
1169,31627,1169,30985
1169,30911,1169,28886
1169,24535,1169,21746
1169,19672,1169,17417
1169,15473,1169,13351
1169,12554,1169,8767
1169,6567,1169,6923
1169,7565,1169,6537
1169,5110,1169,5339
1169,7488,1169,8796
1169,9280,1170,10252
1170,15242,1170,18826
1170,17981,1170,19747
1170,26249,1170,28912
1170,28963,1170,29348
1170,31470,1170,30727
1170,27504,1170,25094
1170,23074,1170,18645
1170,16758,1170,16474
1170,15418,1170,13347
1170,11275,1170,9995
1170,10099,1170,10277
1170,8894,1170,8818
1170,9280,1170,9686
1170,8692,1170,10200
1170,12683,1171,12275
1171,9789,1171,9431
1171,10099,1171,11173
1171,12049,1171,12529
1171,11939,1171,11399
1171,9503,1171,9278
1171,9484,1171,7279
1171,5493,1171,6079
1171,5976,1171,4776
1171,5058,1171,5543
1171,5389,1171,3883
1171,2655,1171,2935
1171,3445,1171,3473
1171,2041,1171,1657
1171,2292,1171,4417
1172,4469,1172,4594
1172,6386,1172,6539
1172,8969,1172,9992
1172,11477,1172,12531
1172,12299,1172,13248
1172,14446,1172,13474
1172,11763,1172,10990
1172,9869,1172,8408
1172,7614,1172,6899
1172,5209,1172,4339
1172,2832,1172,2806
1172,3314,1172,2963
1172,3164,1172,2755
1172,4034,1172,3444
1172,3165,1172,3059
1173,5157,1173,6054
1173,6617,1173,8586
1173,9481,1173,8969
1173,8844,1173,10046
1173,10790,1173,10969
1173,9278,1173,8868
1173,11582,1173,11632
1173,9024,1173,8462
1173,10684,1173,11200
1173,10148,1173,8077
1173,8536,1173,10353
1173,10228,1173,9179
1173,10455,1173,11093
1173,10044,1173,11199
1173,13681,1174,15500
1174,15425,1174,18366
1174,22284,1174,23768
1174,23845,1174,24662
1174,27175,1174,26995
1174,24533,1174,23510
1174,24176,1174,22538
1174,19185,1174,18163
1174,17295,1174,16010
1174,14144,1174,11786
1174,10401,1174,9662
1174,8815,1174,7718
1174,6873,1174,5722
1174,6414,1174,7616
1174,9485,1174,9050
1175,9610,1175,10177
1175,12326,1175,13116
1175,14065,1175,17035
1175,21488,1175,22876
1175,22997,1175,23797
1175,24378,1175,22922
1175,22769,1175,22130
1175,20972,1175,18392
1175,15909,1175,12426
1175,11198,1175,10457
1175,8590,1175,7050
1175,7462,1175,7611
1175,8206,1175,9101
1175,7847,1175,6258
1175,5443,1175,6920
1176,7615,1176,8947
1176,7253,1176,7969
1176,8789,1176,9913
1176,8948,1176,9046
1176,10076,1176,8460
1176,6766,1176,8228
1176,9203,1176,8153
1176,5951,1176,5288
1176,5006,1176,3443
1176,3549,1176,3726
1176,3829,1176,3315
1176,3801,1176,3774
1176,4444,1176,3268
1176,2985,1176,3599
1176,5080,1177,5543
1177,4417,1177,6055
1177,9512,1177,9455
1177,8970,1177,9101
1177,10815,1177,11120
1177,9687,1177,10454
1177,12169,1177,12223
1177,11222,1177,10096
1177,9839,1177,8205
1177,6234,1177,6487
1177,6790,1177,6001
1177,5287,1177,4850
1177,4340,1177,4847
1177,3648,1177,2243
1177,3268,1177,4470
1177,4365,1178,5083
1178,7436,1178,8279
1178,9101,1178,8920
1178,9815,1178,10508
1178,10149,1178,11072
1178,12682,1178,13169
1178,12580,1178,13165
1178,14963,1178,13605
1178,11174,1178,10941
1178,11685,1178,12249
1178,12532,1178,11939
1178,12528,1178,11658
1178,9892,1178,9126
1178,9613,1178,10203
1178,10920,1178,12121
1179,13631,1179,15167
1179,16984,1179,17704
1179,19850,1179,20697
1179,22155,1179,20901
1179,21898,1179,22205
1179,20233,1179,19235
1179,20028,1179,19440
1179,16877,1179,15986
1179,18132,1179,16218
1179,13089,1179,11402
1179,10918,1179,9997
1179,7437,1179,6695
1179,9226,1179,9972
1179,8126,1179,7925
1179,9586,1180,9709
1180,9510,1180,13067
1180,18362,1180,20896
1180,24126,1180,26167
1180,27173,1180,24173
1180,23659,1180,24893
1180,26635,1180,24761
1180,21745,1180,20669
1180,22538,1180,19439
1180,14831,1180,11560
1180,10225,1180,10277
1180,9507,1180,8049
1180,7486,1180,6589
1180,5772,1180,5796
1180,5723,1180,5672
1180,6078,1181,6666
1181,8177,1181,9074
1181,9149,1181,11172
1181,13142,1181,11962
1181,9586,1181,9561
1181,10099,1181,9433
1181,9585,1181,9020
1181,8410,1181,8791
1181,8407,1181,6693
1181,5749,1181,5313
1181,4981,1181,5028
1181,5414,1181,4417
1181,4212,1181,4057
1181,3803,1181,3160
1181,3013,1181,4056
1182,4978,1182,5491
1182,5825,1182,6257
1182,8124,1182,9923
1182,11143,1182,11967
1182,12426,1182,11608
1182,11297,1182,11374
1182,11402,1182,12274
1182,11941,1182,11275
1182,10736,1182,10813
1182,9635,1182,8078
1182,7897,1182,7947
1182,6974,1182,4647
1182,5032,1182,4804
1182,3956,1182,4111
1182,4928,1182,5493
1183,6262,1183,6541
1183,7489,1183,7716
1183,7512,1183,8358
1183,10145,1183,10840
1183,10610,1183,11146
1183,14037,1183,15883
1183,13884,1183,13630
1183,15626,1183,16317
1183,14373,1183,13045
1183,14857,1183,14451
1183,12633,1183,11659
1183,13041,1183,11661
1183,10100,1183,11656
1183,12836,1183,12762
1183,12760,1184,13911
1184,15220,1184,15422
1184,15781,1184,16648
1184,18699,1184,19080
1184,17468,1184,17803
1184,19646,1184,19850
1184,18079,1184,16392
1184,18084,1184,17139
1184,14605,1184,12296
1184,11964,1184,10763
1184,9458,1184,9404
1184,8895,1184,8434
1184,8049,1184,7153
1184,7642,1184,8458
1184,9180,1184,8383
1185,9562,1185,9995
1185,10380,1185,10378
1185,11451,1185,11325
1185,11609,1185,13171
1185,13912,1185,13911
1185,13812,1185,15649
1185,17703,1185,16775
1185,13963,1185,13601
1185,13758,1185,11659
1185,10102,1185,8637
1185,8382,1185,8099
1185,7718,1185,6618
1185,6536,1185,5824
1185,5081,1185,6566
1185,7666,1185,6078
1186,5258,1186,5976
1186,7308,1186,7946
1186,7637,1186,7997
1186,8122,1186,5877
1186,6849,1186,7233
1186,7543,1186,5618
1186,5642,1186,5978
1186,6208,1186,6617
1186,4599,1186,3518
1186,4774,1186,5979
1186,5005,1186,4262
1186,5386,1186,5543
1186,5670,1186,5773
1186,6231,1186,7846
1186,8258,1187,7845
1187,7180,1187,6158
1187,6695,1187,7050
1187,7970,1187,10250
1187,10274,1187,9175
1187,9153,1187,10919
1187,10580,1187,9766
1187,10659,1187,10863
1187,9842,1187,9534
1187,9713,1187,9124
1187,9122,1187,9685
1187,9176,1187,7920
1187,7488,1187,7101
1187,7462,1187,7130
1187,5902,1187,6642
1188,8282,1188,9074
1188,9074,1188,9146
1188,10528,1188,11967
1188,11735,1188,11554
1188,12887,1188,14474
1188,15984,1188,15599
1188,16725,1188,17368
1188,16192,1188,17189
1188,19362,1188,17086
1188,14962,1188,15957
1188,17955,1188,16270
1188,12886,1188,13910
1188,16704,1188,15908
1188,14170,1188,14628
1188,15295,1189,14220
1189,14603,1189,16601
1189,18593,1189,17905
1189,16799,1189,15752
1189,15627,1189,14705
1189,13251,1189,14911
1189,17216,1189,16216
1189,16167,1189,15476
1189,14424,1189,13529
1189,12991,1189,13067
1189,14782,1189,13143
1189,10766,1189,9253
1189,9047,1189,9839
1189,8839,1189,7080
1189,8536,1189,8820
1189,8687,1190,8664
1190,10814,1190,11173
1190,9766,1190,9637
1190,12377,1190,12044
1190,11071,1190,10405
1190,12402,1190,13115
1190,13630,1190,12992
1190,12500,1190,11326
1190,10971,1190,10378
1190,10968,1190,11325
1190,10072,1190,10022
1190,9790,1190,7691
1190,5899,1190,5517
1190,5975,1190,5697
1190,4622,1190,5697
1191,5644,1191,4160
1191,4188,1191,4369
1191,4493,1191,4903
1191,5264,1191,5491
1191,7897,1191,7564
1191,5389,1191,5541
1191,6283,1191,5720
1191,5286,1191,5848
1191,6974,1191,5979
1191,5745,1191,5621
1191,6387,1191,6614
1191,5642,1191,4720
1191,5287,1191,6154
1191,5311,1191,4671
1191,6152,1192,7074
1192,6949,1192,7330
1192,8047,1192,7819
1192,7900,1192,8079
1192,8743,1192,9356
1192,7796,1192,7511
1192,10686,1192,11966
1192,11452,1192,11736
1192,13811,1192,12837
1192,10582,1192,10433
1192,11632,1192,10148
1192,8125,1192,7386
1192,7666,1192,7796
1192,5925,1192,5593
1192,6615,1192,8203
1193,7973,1193,6565
1193,6542,1193,7617
1193,8331,1193,8946
1193,9381,1193,9102
1193,10482,1193,13144
1193,15701,1193,15289
1193,14013,1193,14958
1193,18620,1193,19954
1193,19821,1193,21026
1193,22431,1193,22995
1193,22179,1193,22380
1193,24276,1193,25889
1193,27784,1193,27192
1193,27987,1193,28835
1193,30342,1193,30882
1194,32795,1194,30880
1194,30216,1194,31319
1194,33771,1194,33159
1194,32215,1194,33469
1194,37002,1194,36386
1194,36076,1194,35591
1194,39634,1194,41968
1194,39254,1194,35871
1194,36384,1194,37948
1194,36566,1194,32752
1194,35157,1194,37818
1194,35925,1194,36540
1194,35363,1194,31165
1194,29804,1194,29319
1194,32060,1195,31828
1195,30266,1195,30114
1195,29627,1195,29215
1195,29061,1195,26809
1195,30063,1195,31492
1195,29731,1195,27885
1195,28472,1195,27758
1195,27788,1195,30108
1195,31469,1195,28549
1195,26861,1195,28580
1195,30958,1195,29244
1195,27197,1195,25688
1195,25964,1195,24793
1195,22610,1195,20821
1195,20056,1195,20466
1196,19670,1196,17956
1196,17518,1196,15060
1196,14704,1196,14090
1196,14962,1196,15447
1196,16445,1196,14473
1196,17264,1196,18287
1196,17338,1196,16496
1196,16954,1196,16135
1196,16112,1196,15675
1196,17446,1196,16114
1196,13528,1196,13628
1196,15677,1196,15473
1196,15524,1196,15239
1196,15166,1196,14395
1196,11836,1197,11354
1197,13832,1197,14473
1197,14678,1197,13938
1197,16189,1197,16316
1197,15138,1197,16601
1197,16906,1197,15268
1197,15524,1197,16548
1197,18877,1197,18929
1197,18190,1197,15676
1197,16547,1197,16546
1197,14165,1197,14680
1197,16242,1197,16168
1197,14088,1197,12810
1197,13093,1197,14424
1197,13346,1197,11862
1198,12119,1198,11581
1198,10046,1198,10303
1198,11581,1198,10531
1198,10508,1198,12173
1198,14576,1198,16242
1198,13731,1198,14706
1198,17368,1198,15961
1198,15471,1198,15370
1198,16984,1198,17059
1198,15933,1198,16777
1198,16571,1198,16366
1198,15828,1198,17214
1198,16646,1198,15168
1198,13708,1198,15063
1198,16318,1199,13836
1199,12939,1199,13731
1199,13835,1199,12581
1199,12681,1199,12889
1199,14859,1199,13733
1199,12656,1199,11633
1199,13579,1199,13454
1199,10637,1199,11452
1199,11789,1199,10560
1199,9458,1199,10281
1199,12632,1199,12786
1199,11201,1199,10228
1199,10814,1199,9971
1199,8334,1199,8203
1199,8303,1199,9277
1199,8974,1200,8181
1200,10200,1200,9741
1200,9405,1200,9175
1200,10200,1200,10634
1200,10814,1200,10046
1200,10455,1200,11349
1200,11428,1200,10610
1200,10914,1200,10127
1200,8356,1200,9326
1200,10201,1200,9587
1200,9331,1200,8559
1200,6980,1200,7051
1200,7412,1200,7567
1200,8205,1200,7029
1200,6282,1200,6106
1201,6128,1201,6872
1201,6640,1201,6588
1201,6412,1201,7638
1201,6466,1201,5797
1201,7642,1201,8892
1201,7873,1201,6718
1201,6513,1201,7306
1201,8641,1201,10431
1201,10789,1201,8896
1201,7948,1201,9024
1201,10350,1201,8919
1201,8051,1201,10406
1201,15525,1201,18368
1201,24429,1201,47059
1201,92392,1202,150557
1202,223848,1202,305636
1202,377110,1202,398255
1202,369611,1202,332031
1202,304206,1202,280499
1202,257867,1202,232706
1202,214760,1202,198687
1202,191287,1202,182554
1202,168117,1202,154989
1202,145053,1202,135305
1202,132458,1202,128009
1202,121661,1202,112420
1202,107014,1202,102380
1202,101459,1202,107243
1202,122449,1202,144104
1203,178511,1203,225150
1203,279472,1203,326012
1203,350924,1203,337710
1203,303715,1203,276609
1203,260355,1203,240793
1203,222644,1203,208668
1203,197557,1203,187090
1203,177902,1203,167762
1203,156166,1203,147666
1203,139219,1203,130565
1203,125755,1203,122015
1203,116489,1203,108065
1203,105940,1203,102842
1203,98899,1203,99923
1203,103865,1204,107273
1204,122320,1204,138851
1204,157439,1204,170341
1204,171497,1204,161639
1204,146126,1204,131890
1204,129564,1204,128720
1204,123372,1204,116973
1204,115919,1204,114054
1204,108374,1204,100130
1204,95519,1204,89426
1204,82923,1204,76321
1204,69102,1204,60833
1204,55431,1204,51643
1204,49826,1204,46063
1204,41277,1204,39816
1205,40989,1205,42811
1205,47338,1205,50822
1205,57425,1205,56782
1205,52868,1205,50208
1205,52048,1205,52025
1205,50851,1205,50515
1205,53462,1205,52077
1205,51463,1205,51337
1205,51356,1205,46219
1205,43505,1205,41636
1205,39026,1205,33649
1205,29630,1205,26481
1205,25300,1205,21029
1205,17571,1205,17983
1205,18138,1206,17776
1206,18336,1206,19491
1206,18108,1206,17904
1206,18851,1206,21383
1206,22512,1206,21108
1206,19566,1206,19826
1206,20849,1206,22183
1206,21922,1206,20823
1206,20822,1206,20132
1206,18823,1206,19058
1206,20185,1206,21309
1206,19981,1206,18186
1206,15860,1206,13860
1206,12632,1206,11045
1206,11143,1206,10407
1207,9789,1207,10018
1207,10434,1207,10968
1207,10658,1207,10733
1207,11174,1207,12147
1207,14553,1207,16574
1207,20718,1207,23637
1207,23178,1207,23332
1207,26532,1207,28348
1207,28116,1207,28118
1207,28604,1207,27271
1207,24944,1207,21871
1207,21332,1207,20181
1207,17571,1207,15243
1207,14525,1207,12299
1207,10610,1208,10045
1208,10789,1208,10734
1208,9073,1208,11072
1208,13606,1208,13682
1208,13530,1208,14170
1208,16395,1208,17878
1208,18519,1208,20007
1208,24100,1208,24790
1208,24864,1208,25351
1208,28037,1208,27553
1208,24765,1208,23020
1208,23505,1208,25558
1208,21464,1208,17799
1208,18057,1208,18389
1208,15113,1208,14116
1209,16320,1209,16037
1209,14551,1209,14782
1209,15294,1209,12863
1209,12503,1209,12859
1209,15729,1209,16726
1209,15497,1209,16189
1209,16677,1209,18570
1209,19417,1209,19591
1209,22745,1209,22743
1209,21387,1209,19517
1209,19491,1209,19877
1209,17343,1209,14599
1209,15446,1209,14446
1209,12858,1209,11199
1209,8614,1210,6771
1210,6591,1210,7304
1210,7971,1210,6538
1210,5338,1210,5673
1210,7184,1210,7257
1210,7384,1210,7641
1210,9099,1210,10608
1210,12734,1210,14038
1210,14807,1210,15116
1210,15139,1210,15678
1210,15422,1210,14477
1210,11763,1210,11019
1210,12273,1210,12247
1210,11329,1210,9485
1210,8815,1210,7868
1211,6128,1211,4957
1211,5236,1211,4952
1211,4518,1211,4748
1211,4468,1211,4953
1211,5699,1211,5211
1211,5567,1211,6105
1211,5746,1211,7256
1211,8154,1211,7436
1211,7615,1211,8944
1211,9046,1211,10481
1211,9302,1211,7870
1211,10965,1211,13527
1211,11381,1211,9611
1211,10405,1211,10150
1211,7432,1212,6491
1212,7950,1212,8920
1212,7848,1212,8767
1212,9664,1212,8408
1212,6619,1212,8282
1212,10407,1212,10535
1212,10126,1212,11943
1212,13936,1212,15474
1212,16217,1212,19108
1212,21537,1212,21412
1212,20824,1212,20081
1212,20952,1212,19978
1212,17678,1212,15984
1212,14680,1212,14449
1212,15140,1212,14117
1213,14424,1213,13633
1213,12019,1213,10098
1213,10660,1213,10634
1213,8511,1213,8432
1213,8945,1213,10173
1213,11121,1213,11221
1213,12812,1213,14628
1213,15577,1213,16574
1213,18927,1213,18702
1213,18189,1213,19515
1213,20975,1213,20772
1213,18391,1213,17827
1213,17213,1213,16037
1213,15088,1213,14886
1213,15445,1214,14246
1214,13170,1214,12706
1214,12837,1214,12448
1214,11606,1214,12192
1214,13676,1214,12656
1214,10967,1214,11149
1214,11992,1214,12248
1214,10636,1214,9274
1214,10353,1214,10122
1214,9583,1214,11505
1214,15572,1214,14347
1214,13221,1214,15499
1214,15551,1214,13395
1214,11738,1214,9737
1214,10224,1214,8817
1215,7594,1215,6821
1215,6565,1215,7103
1215,5207,1215,4439
1215,5258,1215,5362
1215,5594,1215,5952
1215,7640,1215,6488
1215,6309,1215,6769
1215,8279,1215,9404
1215,8461,1215,9147
1215,11148,1215,10611
1215,9918,1215,9277
1215,10120,1215,10661
1215,8307,1215,7513
1215,8921,1215,8508
1215,6897,1216,5902
1216,5823,1216,5183
1216,4672,1216,5975
1216,6282,1216,6744
1216,6413,1216,5441
1216,6463,1216,6358
1216,5799,1216,4878
1216,6080,1216,6926
1216,8128,1216,10051
1216,9537,1216,7689
1216,8615,1216,9636
1216,11511,1216,11735
1216,10608,1216,9995
1216,10559,1216,11099
1216,10149,1216,10300
1217,11093,1217,10021
1217,8126,1217,8484
1217,9122,1217,10022
1217,10327,1217,8226
1217,7695,1217,7463
1217,7333,1217,8896
1217,11226,1217,10072
1217,9177,1217,10253
1217,14009,1217,13885
1217,12424,1217,13628
1217,16853,1217,17060
1217,16113,1217,17035
1217,18953,1217,16984
1217,14448,1217,14626
1217,16574,1218,16265
1218,13836,1218,12809
1218,14831,1218,15910
1218,14039,1218,12121
1218,11505,1218,11118
1218,10458,1218,10126
1218,12554,1218,13118
1218,12018,1218,11149
1218,13450,1218,14807
1218,15141,1218,15832
1218,18978,1218,18648
1218,17293,1218,17239
1218,18620,1218,18493
1218,16111,1218,16472
1218,17699,1218,16752
1219,13734,1219,12966
1219,14833,1219,15985
1219,13528,1219,11457
1219,14145,1219,13655
1219,10583,1219,9379
1219,9918,1219,11325
1219,9892,1219,9791
1219,10327,1219,10866
1219,10478,1219,9480
1219,10201,1219,9765
1219,12094,1219,13477
1219,13430,1219,13425
1219,12297,1219,9969
1219,11043,1219,9865
1219,8612,1220,8999
1220,10736,1220,10763
1220,7744,1220,7025
1220,8278,1220,8152
1220,6949,1220,5107
1220,5927,1220,5696
1220,5901,1220,6054
1220,5850,1220,5902
1220,5208,1220,6386
1220,7871,1220,7666
1220,8100,1220,8846
1220,10352,1220,10660
1220,9791,1220,8689
1220,9814,1220,11223
1220,10378,1220,8001
1221,8328,1221,8693
1221,9713,1221,9534
1221,7458,1221,6511
1221,6129,1221,6722
1221,6416,1221,5339
1221,4056,1221,5056
1221,6256,1221,6233
1221,5465,1221,4774
1221,5624,1221,6717
1221,6796,1221,7026
1221,9995,1221,11582
1221,9918,1221,8973
1221,11373,1221,13040
1221,12734,1221,11506
1222,11888,1222,10867
1222,10277,1222,11124
1222,11790,1222,11556
1222,11173,1222,10480
1222,10172,1222,9514
1222,9998,1222,9332
1222,9203,1222,8484
1222,8408,1222,7331
1222,9533,1222,10019
1222,9382,1222,10993
1222,12045,1222,13013
1222,12479,1222,12427
1222,14117,1222,16110
1222,15064,1222,15389
1222,17958,1223,17418
1223,15986,1223,15320
1223,13528,1223,11428
1223,10713,1223,11477
1223,12197,1223,12478
1223,11092,1223,9178
1223,8561,1223,7661
1223,7180,1223,8024
1223,11940,1223,11736
1223,11147,1223,10329
1223,11762,1223,13015
1223,12990,1223,11839
1223,12812,1223,14577
1223,14576,1223,13936
1223,14831,1223,15268
1224,13960,1224,13091
1224,13682,1224,14322
1224,13036,1224,11247
1224,10609,1224,10100
1224,10224,1224,9814
1224,9459,1224,9098
1224,9148,1224,7744
1224,8229,1224,8792
1224,8002,1224,7590
1224,9328,1224,9174
1224,7794,1224,7077
1224,8102,1224,9355
1224,8357,1224,8051
1224,8408,1224,8099
1224,8897,1225,9794
1225,9072,1225,9607
1225,9483,1225,7640
1225,7027,1225,7488
1225,7793,1225,7565
1225,6129,1225,5564
1225,5463,1225,4929
1225,5033,1225,5107
1225,4567,1225,5034
1225,7127,1225,6235
1225,6825,1225,7182
1225,8333,1225,7230
1225,8355,1225,9487
1225,9330,1225,8485
1225,8483,1225,9530
1226,10863,1226,11275
1226,9994,1226,8816
1226,9506,1226,9379
1226,7028,1226,5543
1226,5977,1226,6181
1226,7334,1226,8052
1226,6926,1226,6720
1226,6696,1226,5693
1226,6924,1226,8178
1226,8892,1226,7898
1226,6692,1226,6153
1226,7562,1226,8944
1226,11042,1226,11814
1226,11225,1226,11734
1226,13552,1227,12555
1227,11762,1227,11374
1227,12707,1227,11303
1227,9816,1227,11018
1227,10662,1227,9767
1227,9687,1227,10379
1227,11020,1227,11072
1227,10196,1227,11584
1227,10479,1227,9997
1227,11711,1227,13171
1227,13270,1227,12709
1227,12708,1227,13427
1227,14627,1227,14830
1227,13914,1227,12685
1227,15090,1228,15397
1228,13886,1228,14116
1228,16369,1228,16241
1228,14066,1228,13961
1228,16135,1228,14525
1228,10889,1228,10864
1228,11969,1228,11148
1228,10916,1228,11917
1228,11476,1228,9554
1228,8945,1228,9865
1228,10560,1228,10711
1228,9789,1228,9358
1228,10638,1228,12016
1228,12426,1228,11582
1228,14115,1228,14759
1229,11916,1229,11455
1229,13500,1229,15344
1229,14013,1229,13526
1229,15166,1229,13452
1229,9921,1229,8847
1229,8485,1229,7874
1229,6512,1229,5822
1229,6923,1229,8460
1229,8842,1229,7974
1229,9177,1229,10097
1229,10101,1229,8078
1229,8233,1229,8486
1229,8615,1229,7898
1229,8972,1229,8460
1229,7795,1230,7563
1230,8844,1230,9147
1230,8431,1230,7973
1230,7970,1230,7097
1230,7205,1230,7511
1230,7231,1230,6361
1230,5438,1230,5692
1230,6205,1230,6670
1230,6000,1230,5872
1230,6363,1230,5722
1230,5901,1230,6362
1230,8153,1230,7205
1230,6414,1230,8050
1230,9891,1230,9204
1230,8586,1230,8947
1231,10072,1231,9460
1231,9229,1231,10663
1231,11456,1231,9995
1231,8335,1231,8866
1231,9640,1231,9591
1231,7901,1231,8131
1231,8742,1231,8667
1231,8252,1231,7004
1231,6923,1231,7670
1231,7720,1231,5827
1231,7382,1231,8458
1231,8410,1231,7283
1231,8406,1231,10762
1231,10048,1231,9329
1231,10687,1232,10584
1232,10685,1232,11249
1232,11735,1232,10125
1232,10254,1232,11837
1232,13375,1232,12067
1232,10893,1232,10762
1232,11864,1232,11888
1232,10764,1232,9306
1232,10121,1232,13246
1232,11887,1232,9816
1232,10865,1232,11892
1232,11046,1232,11759
1232,13398,1232,13246
1232,12378,1232,11894
1232,12580,1233,11992
1233,13144,1233,14247
1233,14427,1233,13473
1233,13580,1233,14398
1233,14400,1233,13453
1233,12477,1233,12478
1233,12378,1233,12502
1233,11201,1233,10096
1233,10814,1233,11250
1233,8967,1233,7434
1233,10250,1233,10069
1233,8202,1233,8434
1233,8508,1233,8124
1233,8511,1233,8997
1233,10915,1233,10843
1234,10147,1234,11149
1234,13094,1234,12017
1234,11813,1234,11429
1234,13349,1234,12633
1234,10560,1234,11149
1234,12194,1234,10583
1234,10482,1234,10303
1234,9861,1234,10689
1234,9075,1234,7692
1234,8380,1234,7869
1234,6592,1234,9404
1234,10530,1234,9102
1234,7332,1234,6848
1234,8408,1234,8434
1234,7820,1235,9202
1235,10252,1235,9509
1235,8231,1235,7512
1235,8766,1235,8357
1235,7819,1235,8872
1235,9689,1235,9023
1235,9328,1235,9408
1235,9639,1235,8382
1235,8050,1235,8256
1235,6690,1235,6565
1235,8355,1235,9050
1235,8533,1235,8151
1235,7076,1235,7257
1235,8103,1235,7719
1235,7202,1236,6769
1236,7359,1236,9073
1236,9509,1236,9613
1236,10635,1236,10405
1236,9893,1236,10175
1236,12121,1236,10714
1236,9408,1236,10227
1236,10892,1236,9435
1236,7999,1236,9484
1236,11531,1236,9302
1236,7204,1236,8563
1236,10024,1236,9228
1236,9256,1236,8484
1236,9741,1236,10378
1236,10251,1236,8815
1237,9737,1237,9894
1237,9482,1237,10896
1237,13018,1237,13324
1237,11529,1237,11324
1237,12223,1237,11687
1237,12582,1237,12174
1237,12860,1237,11554
1237,11146,1237,11916
1237,12709,1237,12633
1237,12504,1237,12478
1237,10764,1237,10124
1237,9870,1237,10302
1237,13216,1237,12576
1237,9638,1237,9636
1237,11354,1238,12734
1238,12582,1238,12533
1238,14703,1238,15548
1238,14016,1238,13070
1238,14119,1238,13268
1238,12141,1238,12066
1238,13991,1238,16065
1238,15163,1238,13425
1238,12579,1238,12067
1238,11994,1238,10664
1238,11018,1238,10867
1238,8746,1238,8739
1238,9381,1238,10786
1238,9713,1238,9078
1238,9483,1238,9304
1239,8792,1239,9869
1239,10739,1239,10325
1239,9687,1239,9254
1239,10046,1239,10224
1239,8739,1239,9428
1239,11349,1239,10968
1239,8997,1239,9892
1239,10791,1239,9407
1239,8330,1239,8792
1239,8664,1239,7487
1239,6876,1239,6976
1239,7047,1239,7590
1239,6744,1239,7389
1239,8001,1239,6874
1240,6873,1240,6387
1240,8020,1240,9460
1240,8101,1240,7794
1240,8717,1240,9047
1240,8101,1240,9380
1240,8973,1240,7561
1240,6973,1240,7383
1240,6768,1240,6361
1240,6847,1240,7028
1240,7870,1240,6540
1240,6568,1240,7052
1240,8025,1240,8638
1240,8020,1240,8561
1240,8229,1240,8535
1240,8075,1241,7998
1241,10558,1241,10459
1241,9508,1241,8893
1241,9586,1241,10300
1241,10227,1241,9790
1241,9150,1241,8815
1241,9333,1241,9734
1241,10508,1241,11200
1241,11966,1241,11456
1241,10714,1241,10328
1241,10638,1241,10560
1241,10891,1241,10176
1241,9380,1241,8381
1241,10253,1241,10842
1241,10301,1242,9842
1242,10350,1242,10611
1242,11582,1242,12812
1242,11328,1242,10606
1242,10633,1242,11197
1242,14218,1242,15061
1242,14089,1242,12809
1242,13630,1242,15038
1242,15217,1242,15114
1242,16423,1242,16061
1242,13732,1242,13218
1242,15040,1242,14348
1242,11377,1242,10659
1242,12145,1242,12808
1242,11584,1242,11453
1243,12244,1243,12447
1243,11965,1243,13269
1243,14860,1243,16366
1243,15984,1243,15291
1243,15958,1243,14935
1243,12582,1243,12019
1243,13014,1243,13066
1243,12453,1243,11761
1243,12607,1243,11965
1243,9687,1243,10814
1243,11325,1243,11071
1243,11250,1243,10659
1243,12118,1243,11251
1243,10582,1243,11172
1243,10275,1244,8177
1244,7793,1244,8586
1244,10687,1244,11963
1244,11940,1244,10942
1244,12348,1244,11476
1244,9382,1244,10095
1244,12144,1244,12482
1244,10714,1244,10224
1244,12425,1244,12070
1244,11251,1244,10405
1244,10842,1244,9715
1244,8612,1244,8331
1244,9305,1244,9120
1244,8409,1244,8129
1244,9585,1245,9077
1245,7793,1245,7199
1245,8870,1245,9100
1245,8820,1245,8480
1245,10074,1245,8438
1245,8153,1245,10329
1245,11172,1245,10534
1245,11275,1245,10227
1245,9867,1245,9918
1245,9508,1245,8098
1245,7745,1245,8792
1245,9329,1245,9251
1245,10377,1245,11988
1245,11379,1245,11017
1245,11885,1245,11861
1246,10277,1246,9714
1246,10530,1246,9686
1246,10376,1246,10326
1246,11097,1246,11300
1246,10634,1246,10689
1246,11453,1246,11659
1246,12659,1246,12398
1246,13858,1246,13938
1246,12274,1246,10912
1246,12889,1246,13399
1246,12785,1246,11840
1246,12990,1246,12605
1246,11837,1246,12654
1246,14293,1246,13501
1247,12530,1247,12785
1247,12353,1247,10711
1247,10585,1247,10605
1247,12220,1247,12556
1247,11200,1247,12835
1247,14552,1247,14218
1247,13117,1247,13989
1247,14882,1247,13529
1247,12302,1247,11325
1247,12480,1247,13092
1247,13885,1247,12809
1247,13171,1247,12838
1247,14316,1247,14809
1247,14372,1247,13067
1247,13250,1248,13911
1248,14271,1248,15061
1248,14424,1248,13478
1248,15319,1248,14730
1248,11531,1248,12071
1248,12273,1248,12068
1248,13067,1248,12145
1248,11402,1248,10967
1248,11121,1248,11093
1248,12606,1248,12605
1248,11657,1248,11734
1248,11454,1248,10200
1248,10686,1248,12017
1248,12531,1248,11097
1248,10584,1248,11073
1249,11866,1249,12327
1249,11605,1249,9788
1249,9356,1249,10998
1249,12225,1249,10712
1249,10146,1249,9151
1249,9201,1249,9203
1249,10608,1249,10994
1249,8587,1249,8022
1249,9718,1249,11657
1249,11625,1249,11327
1249,12786,1249,11635
1249,9485,1249,9664
1249,11097,1249,11092
1249,10659,1249,10504
1250,10760,1250,8841
1250,6720,1250,6897
1250,8356,1250,9686
1250,10276,1250,9919
1250,9456,1250,8663
1250,8331,1250,8411
1250,9328,1250,9330
1250,10688,1250,9665
1250,9969,1250,10430
1250,10300,1250,10101
1250,10457,1250,11531
1250,11712,1250,9816
1250,10659,1250,12607
1250,12452,1250,11555
1250,12809,1251,11147
1251,9410,1251,11174
1251,12172,1251,12069
1251,12042,1251,12967
1251,13448,1251,11374
1251,9787,1251,11098
1251,12530,1251,14220
1251,14295,1251,14063
1251,15396,1251,14319
1251,13911,1251,13940
1251,14499,1251,14063
1251,14038,1251,13861
1251,15297,1251,15985
1251,16036,1251,16163
1251,19161,1252,19310
1252,16291,1252,16367
1252,17699,1252,17497
1252,15394,1252,15088
1252,17163,1252,16677
1252,15981,1252,16624
1252,17851,1252,19053
1252,18237,1252,17878
1252,17980,1252,18930
1252,20568,1252,18929
1252,18672,1252,21284
1252,22358,1252,21566
1252,21896,1252,21001
1252,19158,1252,19493
1252,21410,1252,21152
1253,19797,1253,18312
1253,18854,1253,18803
1253,18492,1253,17829
1253,17547,1253,16216
1253,16268,1253,17287
1253,18361,1253,17083
1253,15883,1253,16676
1253,16393,1253,16215
1253,14934,1253,16496
1253,19721,1253,18442
1253,15883,1253,14139
1253,15321,1253,16446
1253,16421,1253,16189
1253,16907,1253,17729
1254,16700,1254,14779
1254,14807,1254,14042
1254,12761,1254,14188
1254,15910,1254,15449
1254,14450,1254,13322
1254,14164,1254,13962
1254,12682,1254,12503
1254,14117,1254,13985
1254,11811,1254,10915
1254,13089,1254,15058
1254,13553,1254,11506
1254,12015,1254,13604
1254,14757,1254,13171
1254,13093,1254,12913
1254,12785,1255,12480
1255,11995,1255,12632
1255,12758,1255,10965
1255,11916,1255,13143
1255,12784,1255,11761
1255,12272,1255,11737
1255,10994,1255,11018
1255,12375,1255,11375
1255,9843,1255,10583
1255,10459,1255,9766
1255,9741,1255,8741
1255,9995,1255,10917
1255,9305,1255,10228
1255,12274,1255,12019
1255,12734,1256,13093
1256,12555,1256,11915
1256,11531,1256,11940
1256,13527,1256,12730
1256,12117,1256,12632
1256,13759,1256,12836
1256,11455,1256,11708
1256,14115,1256,13398
1256,12760,1256,12890
1256,13168,1256,11634
1256,10433,1256,9738
1256,12117,1256,12681
1256,11838,1256,12398
1256,13706,1256,12681
1256,13036,1256,12915
1257,13038,1257,12812
1257,11887,1257,10377
1257,11116,1257,12219
1257,11533,1257,11019
1257,10610,1257,10638
1257,11017,1257,11941
1257,13858,1257,13811
1257,11944,1257,12146
1257,13221,1257,13506
1257,12377,1257,12784
1257,12966,1257,12632
1257,13423,1257,13581
1257,13579,1257,12684
1257,14271,1257,14985
1258,13940,1258,12860
1258,13349,1258,14141
1258,15860,1258,14855
1258,13476,1258,13838
1258,14400,1258,12736
1258,11710,1258,11836
1258,12346,1258,12478
1258,11559,1258,12094
1258,13525,1258,12119
1258,10841,1258,10330
1258,12581,1258,11019
1258,11196,1258,12863
1258,13375,1258,11738
1258,10918,1258,10735
1258,11942,1259,11097
1259,10456,1259,9997
1259,9867,1259,9865
1259,9325,1259,9943
1259,12274,1259,11248
1259,8996,1259,9049
1259,11019,1259,10506
1259,10202,1259,10251
1259,9844,1259,10071
1259,10761,1259,11580
1259,13378,1259,13473
1259,13190,1259,11711
1259,11658,1259,11995
1259,10686,1259,9867
1259,12988,1260,15141
1260,16344,1260,18443
1260,23660,1260,27349
1260,29750,1260,32187
1260,32852,1260,28858
1260,26398,1260,24019
1260,24252,1260,24944
1260,22358,1260,20667
1260,21717,1260,23099
1260,22668,1260,18444
1260,17390,1260,16518
1260,15654,1260,15571
1260,17699,1260,17315
1260,18338,1260,18596
1260,18955,1261,19161
1261,19187,1261,21926
1261,27885,1261,31496
1261,34512,1261,35080
1261,33980,1261,30554
1261,28398,1261,29166
1261,29984,1261,28041
1261,25816,1261,23251
1261,24149,1261,23432
1261,20439,1261,20359
1261,21716,1261,22310
1261,20054,1261,19208
1261,21692,1261,20745
1261,20183,1261,20518
1261,22411,1261,21921
1262,21973,1262,22823
1262,25585,1262,25660
1262,26196,1262,26018
1262,27630,1262,26143
1262,24172,1262,23206
1262,23613,1262,22588
1262,20031,1262,21052
1262,21487,1262,18391
1262,19545,1262,21130
1262,20796,1262,18465
1262,18541,1262,18772
1262,19390,1262,16651
1262,15084,1262,14965
1262,17136,1262,16368
1263,15013,1263,16113
1263,19748,1263,18544
1263,18777,1263,19161
1263,21566,1263,18979
1263,16905,1263,16983
1263,17341,1263,15552
1263,15548,1263,15576
1263,17061,1263,17161
1263,15090,1263,12020
1263,12045,1263,12788
1263,10890,1263,11068
1263,12608,1263,14193
1263,14247,1263,12632
1263,12222,1263,13091
1263,12097,1264,11658
1264,13040,1264,12783
1264,11533,1264,12430
1264,14527,1264,12630
1264,11020,1264,13679
1264,13422,1264,11350
1264,9199,1264,9765
1264,11071,1264,9356
1264,9000,1264,9589
1264,9562,1264,8121
1264,8227,1264,8153
1264,8821,1264,9099
1264,8383,1264,7641
1264,10124,1264,10993
1264,9538,1265,7641
1265,8663,1265,8945
1265,8334,1265,9176
1265,9583,1265,8843
1265,7641,1265,8589
1265,8843,1265,7256
1265,7055,1265,10228
1265,11273,1265,9587
1265,9689,1265,9558
1265,10124,1265,9920
1265,9563,1265,9277
1265,10021,1265,10354
1265,9969,1265,10100
1265,10634,1265,10279
1265,10609,1266,11865
1266,12865,1266,12071
1266,12582,1266,12708
1266,11455,1266,9892
1266,10913,1266,10354
1266,10584,1266,10714
1266,10789,1266,10405
1266,10964,1266,11556
1266,10661,1266,10429
1266,12296,1266,13757
1266,11635,1266,10177
1266,11377,1266,11072
1266,11096,1266,10789
1266,12734,1266,13707
1266,12070,1266,11886
1267,12709,1267,12198
1267,11915,1267,11863
1267,11020,1267,10941
1267,10997,1267,10818
1267,12095,1267,12734
1267,11585,1267,11124
1267,12709,1267,13192
1267,11376,1267,11556
1267,13015,1267,13450
1267,12505,1267,11809
1267,12988,1267,13423
1267,11200,1267,11507
1267,13245,1267,13967
1267,12608,1267,12659
1268,13884,1268,12684
1268,11173,1268,9354
1268,11787,1268,11609
1268,12456,1268,12451
1268,12606,1268,12556
1268,11330,1268,11966
1268,12221,1268,11048
1268,11451,1268,11868
1268,11634,1268,12169
1268,10736,1268,9564
1268,10968,1268,10406
1268,9436,1268,9560
1268,10711,1268,10250
1268,9794,1268,10609
1269,10584,1269,9892
1269,10661,1269,10839
1269,10327,1269,9304
1269,7691,1269,8098
1269,10045,1269,8430
1269,6666,1269,7665
1269,9307,1269,10176
1269,10328,1269,10889
1269,11892,1269,10456
1269,8789,1269,8589
1269,8943,1269,8535
1269,8130,1269,9511
1269,9917,1269,8076
1269,7796,1269,9789
1269,11247,1270,9867
1270,9841,1270,10176
1270,10734,1270,9101
1270,9433,1270,11226
1270,11531,1270,9481
1270,7891,1270,9483
1270,9714,1270,8406
1270,7872,1270,9225
1270,10888,1270,9484
1270,8997,1270,9330
1270,9175,1270,9127
1270,9585,1270,9357
1270,11253,1270,10763
1270,8641,1270,9203
1270,11199,1271,10888
1271,8972,1271,9967
1271,12810,1271,11864
1271,11504,1271,12199
1271,13040,1271,12529
1271,9971,1271,9791
1271,10814,1271,10276
1271,9995,1271,9128
1271,10865,1271,11481
1271,10301,1271,9175
1271,9125,1271,9252
1271,8253,1271,8457
1271,11785,1271,13274
1271,12121,1271,13220
1271,16721,1272,15165
1272,14293,1272,14220
1272,14653,1272,15653
1272,13246,1272,11788
1272,11859,1272,13501
1272,12244,1272,11655
1272,12708,1272,12504
1272,11274,1272,10506
1272,11224,1272,11275
1272,11587,1272,11199
1272,12558,1272,13044
1272,11250,1272,11149
1272,12707,1272,12123
1272,11246,1272,12554
1272,14706,1272,14092
1273,10997,1273,11018
1273,12682,1273,12144
1273,11734,1273,12119
1273,13272,1273,10918
1273,9435,1273,11968
1273,12148,1273,11480
1273,11327,1273,11221
1273,12636,1273,11712
1273,10096,1273,9765
1273,11070,1273,11940
1273,10784,1273,10199
1273,11530,1273,11634
1273,11020,1273,10994
1273,10507,1273,10198
1274,8049,1274,7509
1274,10428,1274,11094
1274,9332,1274,8665
1274,10328,1274,10614
1274,10068,1274,10198
1274,10225,1274,9558
1274,10305,1274,10480
1274,10094,1274,8971
1274,8665,1274,8869
1274,9817,1274,8946
1274,9281,1274,8433
1274,9330,1274,9483
1274,9405,1274,8865
1274,7384,1274,7028
1275,7897,1275,9455
1275,9789,1275,9023
1275,8256,1275,8508
1275,10172,1275,8969
1275,8434,1275,9305
1275,10969,1275,10147
1275,8997,1275,9508
1275,10070,1275,9150
1275,8921,1275,8590
1275,9381,1275,8075
1275,8893,1275,10455
1275,10966,1275,10433
1275,9845,1275,9564
1275,9203,1275,8153
1276,9252,1276,10151
1276,9688,1276,8791
1276,8560,1276,8433
1276,10631,1276,10122
1276,8458,1276,8791
1276,9509,1276,8948
1276,7590,1276,8226
1276,10328,1276,9793
1276,8253,1276,8609
1276,9895,1276,10069
1276,9608,1276,8971
1276,9740,1276,10252
1276,10224,1276,11092
1276,11916,1276,10994
1276,9994,1277,10659
1277,12430,1277,10557
1277,8666,1277,9664
1277,11326,1277,10968
1277,10302,1277,10146
1277,10916,1277,11348
1277,9432,1277,10230
1277,11633,1277,11507
1277,10405,1277,9560
1277,11067,1277,11150
1277,9384,1277,9430
1277,10328,1277,11555
1277,11990,1277,10123
1277,10787,1277,9585
1277,8484,1278,9793
1278,10767,1278,10276
1278,9100,1278,8920
1278,10532,1278,10381
1278,9331,1278,9818
1278,10075,1278,9305
1278,9281,1278,9995
1278,9845,1278,9456
1278,9538,1278,9174
1278,9971,1278,10456
1278,8712,1278,7740
1278,9280,1278,10022
1278,8613,1278,8129
1278,9587,1278,8817
1278,7309,1279,7946
1279,9302,1279,9253
1279,8945,1279,9688
1279,9659,1279,9024
1279,8616,1279,8230
1279,8128,1279,7875
1279,6848,1279,6666
1279,7793,1279,7178
1279,5802,1279,6640
1279,8052,1279,7897
1279,8025,1279,8485
1279,9433,1279,9283
1279,8127,1279,7255
1279,8076,1279,7999
1279,7004,1280,6592
1280,7210,1280,7898
1280,7484,1280,8051
1280,9177,1280,8764
1280,8556,1280,6590
1280,6384,1280,7305
1280,7515,1280,7742
1280,7612,1280,6897
1280,6541,1280,7260
1280,7595,1280,8743
1280,8534,1280,7513
1280,8230,1280,8458
1280,8204,1280,8563
1280,10196,1280,10149
1280,7386,1281,6640
1281,9254,1281,9307
1281,8330,1281,7464
1281,9072,1281,9994
1281,8690,1281,8667
1281,8868,1281,8202
1281,6645,1281,7280
1281,8897,1281,8692
1281,7079,1281,6388
1281,8178,1281,7157
1281,8179,1281,8997
1281,8076,1281,7590
1281,8742,1281,9251
1281,10277,1281,10178
1281,8819,1281,9917
1282,11302,1282,10201
1282,10250,1282,10991
1282,10944,1282,11735
1282,10682,1282,9890
1282,11351,1282,12298
1282,11198,1282,10022
1282,11046,1282,10561
1282,9203,1282,8922
1282,10277,1282,11633
1282,11403,1282,9918
1282,11226,1282,11912
1282,9381,1282,7103
1282,8585,1282,9103
1282,9485,1282,8792
1283,9256,1283,9128
1283,9818,1283,10199
1283,10838,1283,10045
1283,9127,1283,8613
1283,8843,1283,8998
1283,8481,1283,8384
1283,10175,1283,9715
1283,9304,1283,9613
1283,9841,1283,9353
1283,8816,1283,9536
1283,10380,1283,8538
1283,7414,1283,9609
1283,11708,1283,9894
1283,9205,1283,9306
1284,9327,1284,10100
1284,9255,1284,7571
1284,7717,1284,9024
1284,9304,1284,9381
1284,10789,1284,9486
1284,8334,1284,10148
1284,9561,1284,7105
1284,6410,1284,7436
1284,7354,1284,6945
1284,8511,1284,7307
1284,7691,1284,6976
1284,7000,1284,7718
1284,8540,1284,8537
1284,7898,1284,7000
1285,7668,1285,9000
1285,9356,1285,6717
1285,8612,1285,8586
1285,7948,1285,8489
1285,6797,1285,6950
1285,7920,1285,8152
1285,9584,1285,9562
1285,9126,1285,8228
1285,9484,1285,9942
1285,9152,1285,8282
1285,8101,1285,8432
1285,7642,1285,6848
1285,7818,1285,7640
1285,6924,1285,8693
1286,10253,1286,8410
1286,7641,1286,9379
1286,11381,1286,11737
1286,10583,1286,8817
1286,10379,1286,9970
1286,9098,1286,8612
1286,10149,1286,10533
1286,9866,1286,9124
1286,10507,1286,10840
1286,9996,1286,9201
1286,9231,1286,8871
1286,8153,1286,7464
1286,7874,1286,8818
1286,7872,1286,8947
1287,9892,1287,11069
1287,11863,1287,10328
1287,9743,1287,8688
1287,8768,1287,10581
1287,10738,1287,10025
1287,9487,1287,9693
1287,12374,1287,11686
1287,9101,1287,9024
1287,11681,1287,10814
1287,8386,1287,8890
1287,10610,1287,10611
1287,11045,1287,10221
1287,11040,1287,12350
1287,13013,1287,14266
1287,16391,1288,15138
1288,12014,1288,12169
1288,14368,1288,14219
1288,13786,1288,12915
1288,13450,1288,13322
1288,12094,1288,10891
1288,11220,1288,10814
1288,10997,1288,10200
1288,10816,1288,12250
1288,11993,1288,11426
1288,11884,1288,10919
1288,10073,1288,8691
1288,9328,1288,10996
1288,10173,1288,12172
1288,14267,1289,13758
1289,13042,1289,11608
1289,11529,1289,11168
1289,10816,1289,10199
1289,10609,1289,9968
1289,8128,1289,7742
1289,8562,1289,9461
1289,9302,1289,8720
1289,8381,1289,8125
1289,7873,1289,9278
1289,10840,1289,10223
1289,8358,1289,8870
1289,9767,1289,9077
1289,7951,1289,9177
1289,10433,1290,9869
1290,8897,1290,8104
1290,9252,1290,9126
1290,7894,1290,8076
1290,9685,1290,10508
1290,9176,1290,8201
1290,9537,1290,9536
1290,9687,1290,8614
1290,8181,1290,8180
1290,7437,1290,8461
1290,10789,1290,9764
1290,7694,1290,8124
1290,9684,1290,8128
1290,8360,1290,7922
1290,7054,1291,7259
1291,7538,1291,8002
1291,8153,1291,8614
1291,6947,1291,6436
1291,8258,1291,8769
1291,7516,1291,7255
1291,7281,1291,8227
1291,9818,1291,10022
1291,9355,1291,9507
1291,9199,1291,9125
1291,10658,1291,10406
1291,9795,1291,8768
1291,8716,1291,8897
1291,8333,1291,9508
1291,9459,1292,8334
1292,7488,1292,6821
1292,7974,1292,10510
1292,9972,1292,8918
1292,12067,1292,11048
1292,8485,1292,8820
1292,8380,1292,9050
1292,8639,1292,7974
1292,9022,1292,9892
1292,9891,1292,9741
1292,10918,1292,10897
1292,10432,1292,9456
1292,10045,1292,9587
1292,8459,1292,8818
1292,11737,1293,11043
1293,9867,1293,9122
1293,10867,1293,11708
1293,11475,1293,11473
1293,11325,1293,10658
1293,10405,1293,10278
1293,10915,1293,9198
1293,8331,1293,8386
1293,8536,1293,9045
1293,9638,1293,8280
1293,7947,1293,8609
1293,7971,1293,8584
1293,8639,1293,8691
1293,8972,1293,9331
1293,13242,1294,14676
1294,13452,1294,12628
1294,12885,1294,11967
1294,11298,1294,11402
1294,11839,1294,10457
1294,9791,1294,9811
1294,10686,1294,10331
1294,9639,1294,9356
1294,8664,1294,10352
1294,11225,1294,9155
1294,9433,1294,9611
1294,8844,1294,8561
1294,9584,1294,9175
1294,8995,1294,10811
1294,12959,1295,12704
1295,10938,1295,10813
1295,10943,1295,10788
1295,11683,1295,12350
1295,12094,1295,11377
1295,8692,1295,7178
1295,8946,1295,10662
1295,10791,1295,9458
1295,9917,1295,10048
1295,9204,1295,8512
1295,9023,1295,9636
1295,8638,1295,8919
1295,10072,1295,9715
1295,9125,1295,9251
1295,10170,1296,10582
1296,9840,1296,10912
1296,11861,1296,11967
1296,10329,1296,9022
1296,10023,1296,11350
1296,9712,1296,10273
1296,12811,1296,11583
1296,8973,1296,8740
1296,10404,1296,11404
1296,11047,1296,11172
1296,10427,1296,9509
1296,9820,1296,11456
1296,11764,1296,9714
1296,8946,1296,9839
1296,10174,1297,10404
1297,10528,1297,10228
1297,10763,1297,10121
1297,9585,1297,8716
1297,10047,1297,11048
1297,10021,1297,10071
1297,10638,1297,9563
1297,10099,1297,10533
1297,11149,1297,10842
1297,10200,1297,10737
1297,12529,1297,11098
1297,9101,1297,8717
1297,9457,1297,10201
1297,10789,1297,10559
1297,11507,1298,11502
1298,11454,1298,13041
1298,15394,1298,13755
1298,12786,1298,12017
1298,12605,1298,12735
1298,12785,1298,13016
1298,13376,1298,11633
1298,10860,1298,10275
1298,11505,1298,11017
1298,9742,1298,10099
1298,11351,1298,10201
1298,7717,1298,10634
1298,11788,1298,9509
1298,7665,1298,7972
1298,9816,1299,10970
1299,11405,1299,12350
1299,12478,1299,11990
1299,12759,1299,10914
1299,10200,1299,11143
1299,10989,1299,10605
1299,10072,1299,9767
1299,10761,1299,10534
1299,9123,1299,8459
1299,8822,1299,8969
1299,10149,1299,10021
1299,9611,1299,9048
1299,8795,1299,8559
1299,8485,1299,8744
1299,9098,1300,8510
1300,9360,1300,10071
1300,11299,1300,11043
1300,11452,1300,12018
1300,13576,1300,12654
1300,12704,1300,12452
1300,12292,1300,12377
1300,10762,1300,10172
1300,12044,1300,11119
1300,9842,1300,9915
1300,10611,1300,10634
1300,9075,1300,8357
1300,9944,1300,9660
1300,11325,1300,10866
1300,10250,1301,10176
1301,9329,1301,8562
1301,9123,1301,9510
1301,10272,1301,11296
1301,12369,1301,13066
1301,12551,1301,10633
1301,11195,1301,10070
1301,7869,1301,9431
1301,11865,1301,11455
1301,9537,1301,8588
1301,10610,1301,11481
1301,12658,1301,11887
1301,11581,1301,11094
1301,11402,1301,10992
1301,11707,1302,13505
1302,13759,1302,13527
1302,13628,1302,11913
1302,10944,1302,11121
1302,13524,1302,13139
1302,10965,1302,12222
1302,14243,1302,12322
1302,11399,1302,10991
1302,10841,1302,11636
1302,10995,1302,8533
1302,9690,1302,9945
1302,10200,1302,10812
1302,10479,1302,10305
1302,10531,1302,9149
1302,10019,1303,10019
1303,10535,1303,9996
1303,10278,1303,9154
1303,7434,1303,7076
1303,9661,1303,9174
1303,10302,1303,10201
1303,9738,1303,9586
1303,8460,1303,7487
1303,8971,1303,8997
1303,8713,1303,9634
1303,9792,1303,10302
1303,8968,1303,8458
1303,10098,1303,9997
1303,8999,1303,8021
1303,9511,1304,9303
1304,8023,1304,8123
1304,9658,1304,9050
1304,8691,1304,7640
1304,8384,1304,8177
1304,9047,1304,8669
1304,10100,1304,9944
1304,9664,1304,8360
1304,9075,1304,9792
1304,9308,1304,9815
1304,10609,1304,10838
1304,10787,1304,8971
1304,9175,1304,10048
1304,9276,1304,8255
1304,9712,1305,10227
1305,8997,1305,8102
1305,9074,1305,8638
1305,8099,1305,9096
1305,8921,1305,8513
1305,6308,1305,5232
1305,6543,1305,8919
1305,8436,1305,7719
1305,7437,1305,7644
1305,6385,1305,7051
1305,8458,1305,8097
1305,9484,1305,10839
1305,11888,1305,10457
1305,9561,1305,10096
1305,11224,1306,11201
1306,8076,1306,7767
1306,9249,1306,7460
1306,7794,1306,8487
1306,7485,1306,7925
1306,9048,1306,9228
1306,8713,1306,8202
1306,8126,1306,7745
1306,7947,1306,7975
1306,6820,1306,7716
1306,9405,1306,8692
1306,9229,1306,10508
1306,11093,1306,9432
1306,7104,1306,7333
1306,9076,1307,10357
1307,10842,1307,10203
1307,10583,1307,9561
1307,8410,1307,8588
1307,8330,1307,9329
1307,9586,1307,9149
1307,9965,1307,9610
1307,7898,1307,8385
1307,9738,1307,8947
1307,9227,1307,9868
1307,9835,1307,10073
1307,9792,1307,10304
1307,9714,1307,9739
1307,9203,1307,7971
1307,8616,1308,8745
1308,7229,1308,7716
1308,9021,1308,8999
1308,8306,1308,8916
1308,10174,1308,8843
1308,8485,1308,8539
1308,9561,1308,9947
1308,8899,1308,8179
1308,9049,1308,8794
1308,7438,1308,7463
1308,8151,1308,9075
1308,8998,1308,7540
1308,7489,1308,8024
1308,8511,1308,8636
1308,7872,1309,7769
1309,8130,1309,7540
1309,8512,1309,8102
1309,7511,1309,7054
1309,7717,1309,7618
1309,8796,1309,8946
1309,7895,1309,8078
1309,9664,1309,10124
1309,9998,1309,9174
1309,6670,1309,6977
1309,10276,1309,9459
1309,7003,1309,6307
1309,8536,1309,8226
1309,6566,1309,6515
1309,9098,1310,8150
1310,7256,1310,8384
1310,7563,1310,8664
1310,8508,1310,7566
1310,8614,1310,9943
1310,9640,1310,9173
1310,7871,1310,7589
1310,9280,1310,9788
1310,9816,1310,10152
1310,9331,1310,10169
1310,10865,1310,8432
1310,7691,1310,7923
1310,8773,1310,7564
1310,6641,1310,8613
1311,8563,1311,7766
1311,8506,1311,9150
1311,9787,1311,7972
1311,6564,1311,8484
1311,9355,1311,9277
1311,8639,1311,9151
1311,8942,1311,8513
1311,8258,1311,8079
1311,9304,1311,9687
1311,8744,1311,8539
1311,10662,1311,9405
1311,8023,1311,9071
1311,10223,1311,9405
1311,8302,1311,8666
1312,9634,1312,9051
1312,8258,1312,9127
1312,10456,1312,10153
1312,9300,1312,8892
1312,10173,1312,11554
1312,10993,1312,9920
1312,10048,1312,10075
1312,10103,1312,10073
1312,10558,1312,10457
1312,9381,1312,8870
1312,10074,1312,9637
1312,8101,1312,8254
1312,10533,1312,9640
1312,8128,1312,8461
1313,9588,1313,8922
1313,9151,1313,9203
1313,9945,1313,9787
1313,10586,1313,10532
1313,11274,1313,10764
1313,10174,1313,9790
1313,10889,1313,9534
1313,8818,1313,10867
1313,10993,1313,9537
1313,9406,1313,8406
1313,9557,1313,10434
1313,9304,1313,9154
1313,10506,1313,13479
1313,18135,1313,22691
1314,28502,1314,32110
1314,36687,1314,40300
1314,39481,1314,33312
1314,30911,1314,28885
1314,26220,1314,25248
1314,24093,1314,21691
1314,21617,1314,20338
1314,19338,1314,18441
1314,17878,1314,16366
1314,15064,1314,13835
1314,13964,1314,13476
1314,12480,1314,12401
1314,15444,1314,15597
1314,18031,1314,21669
1315,27351,1315,32674
1315,36717,1315,36738
1315,34282,1315,31643
1315,29985,1315,25710
1315,23638,1315,20259
1315,19234,1315,19749
1315,20490,1315,18544
1315,16497,1315,16294
1315,16547,1315,13579
1315,12170,1315,14040
1315,16598,1315,12786
1315,10200,1315,11275
1315,15165,1315,15730
1315,15090,1315,15679
1316,17289,1316,19952
1316,20003,1316,19516
1316,20513,1316,18646
1316,18337,1316,18083
1316,17521,1316,17261
1316,17183,1316,15677
1316,14270,1316,13371
1316,12375,1316,13221
1316,13759,1316,13399
1316,11967,1316,11761
1316,12835,1316,11533
1316,10658,1316,11275
1316,12322,1316,12121
1316,12810,1317,12532
1317,13250,1317,12453
1317,11762,1317,12785
1317,13653,1317,12116
1317,10997,1317,10146
1317,9737,1317,10073
1317,10459,1317,10559
1317,11329,1317,12250
1317,12680,1317,12503
1317,13195,1317,12351
1317,12481,1317,13323
1317,13655,1317,12888
1317,10913,1317,10174
1317,11023,1317,12274
1317,12431,1318,12147
1318,11942,1318,11250
1318,12891,1318,12705
1318,12019,1318,11150
1318,11119,1318,10583
1318,12019,1318,12631
1318,10658,1318,9582
1318,12680,1318,12990
1318,12174,1318,12761
1318,12963,1318,10123
1318,9382,1318,10457
1318,10913,1318,10582
1318,9408,1318,8205
1318,9306,1318,9380
1318,9330,1319,9665
1319,11196,1319,11398
1319,10939,1319,10867
1319,11327,1319,9249
1319,8845,1319,8716
1319,9353,1319,10172
1319,8819,1319,8945
1319,9509,1319,10021
1319,10123,1319,10431
1319,10970,1319,11404
1319,10815,1319,11000
1319,11686,1319,10558
1319,11321,1319,11146
1319,10351,1319,9380
1319,9892,1320,12038
1320,12607,1320,11684
1320,10301,1320,9275
1320,11041,1320,11634
1320,9022,1320,7741
1320,8230,1320,9077
1320,8897,1320,9407
1320,10867,1320,10583
1320,10327,1320,11355
1320,10612,1320,10456
1320,10794,1320,10124
1320,11097,1320,10638
1320,10992,1320,12243
1320,12455,1320,9689
1320,8816,1321,8379
1321,10201,1321,10634
1321,9510,1321,8841
1321,9867,1321,10021
1321,10174,1321,10225
1321,10557,1321,9049
1321,9097,1321,10455
1321,10863,1321,8589
1321,8358,1321,8716
1321,9968,1321,9584
1321,10173,1321,11404
1321,11458,1321,9767
1321,10687,1321,10607
1321,9991,1321,9304
1322,9023,1322,9536
1322,11046,1322,10919
1322,10021,1322,8972
1322,9711,1322,9891
1322,8280,1322,7769
1322,9637,1322,10408
1322,9022,1322,8640
1322,9356,1322,8895
1322,9586,1322,10507
1322,10612,1322,8996
1322,9177,1322,10224
1322,11759,1322,11505
1322,11943,1322,10483
1322,10250,1322,11124
1323,10585,1323,9076
1323,9327,1323,9839
1323,9561,1323,9230
1323,11350,1323,10661
1323,8178,1323,8359
1323,9842,1323,10433
1323,9919,1323,8433
1323,9509,1323,8638
1323,7745,1323,8666
1323,9713,1323,11199
1323,10507,1323,8536
1323,8739,1323,9202
1323,8819,1323,9431
1323,10149,1323,8995
1324,9176,1324,8867
1324,7922,1324,9480
1324,11093,1324,9149
1324,9995,1324,9741
1324,9229,1324,8790
1324,9892,1324,10174
1324,7896,1324,7363
1324,7230,1324,7106
1324,7257,1324,6645
1324,6743,1324,6923
1324,7206,1324,7001
1324,8075,1324,9205
1324,8157,1324,6924
1324,7489,1324,8202
1325,8512,1325,8099
1325,8997,1325,9973
1325,9436,1325,8765
1325,8819,1325,7974
1325,7820,1325,8331
1325,9865,1325,8433
1325,9076,1325,10611
1325,9662,1325,7950
1325,7716,1325,8380
1325,8357,1325,8949
1325,8842,1325,9153
1325,9508,1325,8766
1325,8991,1325,8637
1325,8385,1326,7385
1326,7488,1326,7950
1326,8256,1326,9049
1326,8433,1326,8640
1326,8586,1326,9352
1326,9326,1326,9048
1326,9537,1326,8869
1326,7643,1326,7591
1326,9203,1326,9842
1326,9510,1326,9534
1326,9509,1326,9586
1326,8974,1326,7921
1326,8970,1326,8128
1326,7537,1326,7720
1326,9230,1327,10508
1327,8920,1327,7384
1327,8536,1327,9459
1327,9586,1327,9820
1327,9819,1327,8870
1327,7567,1327,7897
1327,10022,1327,9870
1327,8840,1327,7079
1327,8177,1327,9636
1327,8507,1327,8613
1327,9584,1327,10738
1327,10481,1327,9713
1327,10228,1327,9481
1327,8360,1327,8102
1327,8181,1328,9102
1328,8280,1328,8024
1328,8866,1328,9048
1328,9356,1328,8051
1328,8892,1328,8511
1328,8558,1328,8639
1328,8922,1328,7411
1328,8050,1328,9023
1328,9021,1328,9275
1328,9075,1328,8488
1328,8361,1328,6616
1328,6540,1328,7845
1328,8538,1328,7720
1328,6950,1328,7664
1329,10891,1329,10559
1329,8203,1329,7358
1329,8586,1329,8743
1329,8128,1329,7896
1329,9355,1329,9075
1329,7538,1329,8076
1329,8769,1329,8558
1329,7823,1329,7026
1329,7078,1329,7694
1329,7358,1329,7208
1329,8460,1329,9100
1329,7156,1329,6844
1329,8844,1329,8308
1329,7795,1329,7561
1330,8101,1330,9355
1330,8202,1330,7538
1330,8304,1330,9583
1330,8074,1330,7562
1330,9661,1330,9177
1330,8205,1330,8870
1330,8946,1330,9405
1330,8663,1330,7669
1330,7386,1330,7079
1330,7413,1330,7540
1330,7616,1330,8823
1330,8356,1330,7226
1330,8176,1330,8334
1330,8432,1330,7846
1331,9689,1331,10686
1331,9736,1331,9276
1331,10895,1331,10432
1331,10763,1331,9536
1331,8204,1331,8894
1331,9689,1331,9353
1331,9891,1331,8844
1331,8126,1331,9508
1331,9687,1331,8818
1331,9459,1331,9610
1331,9100,1331,8307
1331,8946,1331,9714
1331,8741,1331,8716
1331,9383,1332,8713
1332,9767,1332,8922
1332,8204,1332,8154
1332,8716,1332,8560
1332,7257,1332,6721
1332,7053,1332,8001
1332,7820,1332,8099
1332,9203,1332,9253
1332,7515,1332,8257
1332,9714,1332,8995
1332,8047,1332,6821
1332,8333,1332,8308
1332,6437,1332,6693
1332,7256,1332,6466
1332,6463,1333,5621
1333,7438,1333,8229
1333,8536,1333,8664
1333,7464,1333,8152
1333,7693,1333,7487
1333,8945,1333,9025
1333,8743,1333,9613
1333,10175,1333,9535
1333,8900,1333,9306
1333,8204,1333,7767
1333,8230,1333,8874
1333,9946,1333,9306
1333,6408,1333,6358
1333,7513,1333,7231
1333,7003,1334,7645
1334,7614,1334,6975
1334,7103,1334,7794
1334,9332,1334,7004
1334,6363,1334,7334
1334,8253,1334,7384
1334,6337,1334,6592
1334,7153,1334,7051
1334,7513,1334,8818
1334,9382,1334,7595
1334,6643,1334,6589
1334,7614,1334,6620
1334,5698,1334,5670
1334,7206,1334,6948
1335,5845,1335,5340
1335,6181,1335,7204
1335,5438,1335,5311
1335,7131,1335,6924
1335,6285,1335,6642
1335,6590,1335,6541
1335,6901,1335,6310
1335,6513,1335,6670
1335,6874,1335,6488
1335,6563,1335,6896
1335,7103,1335,5002
1335,5539,1335,6410
1335,6310,1335,6285
1335,7564,1335,8411
1336,7360,1336,7051
1336,8692,1336,8896
1336,7947,1336,6926
1336,8509,1336,8509
1336,8818,1336,7896
1336,8331,1336,8868
1336,8511,1336,6795
1336,6721,1336,6335
1336,6823,1336,7183
1336,7004,1336,7232
1336,7793,1336,7872
1336,7233,1336,7358
1336,7486,1336,7973
1336,9049,1337,7872
1337,6850,1337,7746
1337,8074,1337,6640
1337,6311,1337,7333
1337,8405,1337,8333
1337,7490,1337,8025
1337,8307,1337,8815
1337,7665,1337,6335
1337,7847,1337,8050
1337,7590,1337,8743
1337,8714,1337,7920
1337,8847,1337,8690
1337,8973,1337,9358
1337,8511,1337,8691
1337,9943,1338,9971
1338,9255,1338,8766
1338,9812,1338,8970
1338,7692,1338,6847
1338,7842,1338,8178
1338,7717,1338,7333
1338,8304,1338,8357
1338,6669,1338,7409
1338,8487,1338,7537
1338,7028,1338,7335
1338,7924,1338,6873
1338,6414,1338,7130
1338,8611,1338,8282
1338,7564,1338,7103
1338,8306,1339,8613
1339,7305,1339,6718
1339,7899,1339,7234
1339,7694,1339,7410
1339,7717,1339,9227
1339,7718,1339,5768
1339,5263,1339,6670
1339,9204,1339,8970
1339,8896,1339,7410
1339,7181,1339,8457
1339,8790,1339,7873
1339,7460,1339,8279
1339,8586,1339,7797
1339,8689,1339,8484
1340,9356,1340,8434
1340,7821,1340,8178
1340,9025,1340,9765
1340,8355,1340,7206
1340,8201,1340,8307
1340,7745,1340,7560
1340,8692,1340,9511
1340,9103,1340,7923
1340,7742,1340,7179
1340,7822,1340,8052
1340,7946,1340,7027
1340,7358,1340,6871
1340,7383,1340,7565
1340,7233,1340,8048
1341,10048,1341,10431
1341,8635,1341,8615
1341,10511,1341,9817
1341,8716,1341,8254
1341,9812,1341,10199
1341,8228,1341,7539
1341,8282,1341,8360
1341,7180,1341,7947
1341,9073,1341,8585
1341,7718,1341,8050
1341,9021,1341,9457
1341,8923,1341,7614
1341,8384,1341,8028
1341,8128,1342,7821
1342,8435,1342,9841
1342,11068,1342,11400
1342,10302,1342,11069
1342,13529,1342,14395
1342,13552,1342,10861
1342,9813,1342,10662
1342,12885,1342,12349
1342,11380,1342,11585
1342,11864,1342,9511
1342,7460,1342,8051
1342,9867,1342,8691
1342,7537,1342,7587
1342,9202,1342,9076
1342,8484,1343,9228
1343,10275,1343,9792
1343,9562,1343,8943
1343,9660,1343,9767
1343,11321,1343,12529
1343,13243,1343,10559
1343,9691,1343,11401
1343,10713,1343,9435
1343,10328,1343,10865
1343,10380,1343,9147
1343,9329,1343,9277
1343,9230,1343,8892
1343,8664,1343,8921
1343,10897,1343,10509
1344,9920,1344,7563
1344,7974,1344,9253
1344,10505,1344,10051
1344,11221,1344,10097
1344,8944,1344,9966
1344,11629,1344,10275
1344,8742,1344,10172
1344,11121,1344,9533
1344,9737,1344,9970
1344,10637,1344,9892
1344,9534,1344,8483
1344,7999,1344,8484
1344,8354,1344,7768
1344,9254,1344,10245
1345,8126,1345,8281
1345,8461,1345,7896
1345,8201,1345,9405
1345,11406,1345,8869
1345,6949,1345,8869
1345,11353,1345,9481
1345,6873,1345,7487
1345,10172,1345,8744
1345,7308,1345,7740
1345,8022,1345,7694
1345,7668,1345,8129
1345,8791,1345,9279
1345,9458,1345,8920
1345,10123,1346,9789
1346,10152,1346,11889
1346,14192,1346,17723
1346,21561,1346,27429
1346,33901,1346,35615
1346,36765,1346,34412
1346,32365,1346,28449
1346,27015,1346,27556
1346,27323,1346,23587
1346,20746,1346,19646
1346,20490,1346,18904
1346,17754,1346,18879
1346,20517,1346,17902
1346,15138,1346,14374
1346,15776,1347,16290
1347,15652,1347,17060
1347,21846,1347,25199
1347,26859,1347,30217
1347,32749,1347,32185
1347,29907,1347,29523
1347,28628,1347,26681
1347,25021,1347,25096
1347,24739,1347,23182
1347,21362,1347,21282
1347,18722,1347,17446
1347,18082,1347,17369
1347,17676,1347,15399
1347,13837,1347,14656
1348,16219,1348,15240
1348,12888,1348,12915
1348,16472,1348,16524
1348,19029,1348,22533
1348,23992,1348,22511
1348,20540,1348,18007
1348,17542,1348,16163
1348,14606,1348,13679
1348,14937,1348,14657
1348,13939,1348,13501
1348,14422,1348,13834
1348,12835,1348,13427
1348,15143,1348,14834
1348,11662,1348,11172
1349,11860,1349,11095
1349,9895,1349,9637
1349,9995,1349,10096
1349,10225,1349,11403
1349,13808,1349,12249
1349,9712,1349,8459
1349,10428,1349,10147
1349,9230,1349,8995
1349,9969,1349,11456
1349,10508,1349,10607
1349,11376,1349,10324
1349,9377,1349,8767
1349,8894,1349,9307
1349,9767,1350,8332
1350,8486,1350,7899
1350,6976,1350,7718
1350,9790,1350,7690
1350,6182,1350,6390
1350,7411,1350,8865
1350,8384,1350,7332
1350,8225,1350,7412
1350,6261,1350,6027
1350,7255,1350,7611
1350,6541,1350,7130
1350,7693,1350,6542
1350,5954,1350,7180
1350,7691,1350,7307
1350,8098,1351,7949
1351,7950,1351,8513
1351,8154,1351,8334
1351,8717,1351,7586
1351,5620,1351,5722
1351,6693,1351,6716
1351,5719,1351,5595
1351,5823,1351,6128
1351,5593,1351,6079
1351,8356,1351,8718
1351,10021,1351,8820
1351,7258,1351,7667
1351,7079,1351,6949
1351,8177,1351,10355
1352,11069,1352,10403
1352,10299,1352,10915
1352,10279,1352,10303
1352,9227,1352,9170
1352,9713,1352,10198
1352,11143,1352,9635
1352,8688,1352,8915
1352,8947,1352,8971
1352,7564,1352,7771
1352,7817,1352,8739
1352,8433,1352,8840
1352,8743,1352,8512
1352,9021,1352,10580
1352,11967,1352,10660
1353,9074,1353,9894
1353,10765,1353,10049
1353,9306,1353,9099
1353,10147,1353,10429
1353,9228,1353,9429
1353,10787,1353,9843
1353,8615,1353,8639
1353,10308,1353,10071
1353,8228,1353,8023
1353,10429,1353,10356
1353,8867,1353,8046
1353,8280,1353,9277
1353,7946,1353,8762
1353,10966,1354,9994
1354,8945,1354,10815
1354,11814,1354,11607
1354,10969,1354,11760
1354,12731,1354,10863
1354,9892,1354,9583
1354,9840,1354,9562
1354,8818,1354,8100
1354,8945,1354,8202
1354,7640,1354,8587
1354,8949,1354,8919
1354,7104,1354,7078
1354,7667,1354,7101
1354,6872,1354,6975
1355,8150,1355,8743
1355,7974,1355,8741
1355,8790,1355,8333
1355,8281,1355,7642
1355,9636,1355,10737
1355,8254,1355,7001
1355,7846,1355,8356
1355,8892,1355,9380
1355,8949,1355,6486
1355,6129,1355,7641
1355,8283,1355,6872
1355,6260,1355,7666
1355,7918,1355,6437
1355,6924,1355,7049
1356,8692,1356,9099
1356,7413,1356,6797
1356,8382,1356,8588
1356,7973,1356,9022
1356,9305,1356,9920
1356,8434,1356,8358
1356,8943,1356,8357
1356,7488,1356,7590
1356,7026,1356,7387
1356,8280,1356,8102
1356,7771,1356,6647
1356,7386,1356,7844
1356,7486,1356,6440
1356,6335,1357,6284
1357,6871,1357,6489
1357,6233,1357,7232
1357,8637,1357,8125
1357,8333,1357,8048
1357,7689,1357,7589
1357,7258,1357,7537
1357,8331,1357,8306
1357,8769,1357,8846
1357,9023,1357,7693
1357,7155,1357,7744
1357,8127,1357,8665
1357,8487,1357,7331
1357,7972,1357,7847
1357,6592,1358,7413
1358,8205,1358,8359
1358,7591,1358,7461
1358,8022,1358,7972
1358,7743,1358,7716
1358,8279,1358,7843
1358,7485,1358,7536
1358,9075,1358,8924
1358,8156,1358,7589
1358,9358,1358,9740
1358,8919,1358,8563
1358,9716,1358,9633
1358,7053,1358,6309
1358,8457,1358,8563
1359,7794,1359,7772
1359,8973,1359,8692
1359,7923,1359,7615
1359,8841,1359,8685
1359,8330,1359,7362
1359,8381,1359,7715
1359,7410,1359,6922
1359,8382,1359,8969
1359,8077,1359,7795
1359,8586,1359,9102
1359,8666,1359,7130
1359,6693,1359,6414
1359,6694,1359,6387
1359,6645,1360,5954
1360,5926,1360,6133
1360,7104,1360,5848
1360,5743,1360,6871
1360,6514,1360,6540
1360,6106,1360,6285
1360,7591,1360,8537
1360,7769,1360,7821
1360,8765,1360,7537
1360,7312,1360,7947
1360,9127,1360,7667
1360,7945,1360,8359
1360,7152,1360,6564
1360,5850,1360,5848
1360,6181,1361,5925
1361,5928,1361,5924
1361,5744,1361,6286
1361,5854,1361,5642
1361,6465,1361,7027
1361,6490,1361,5571
1361,7051,1361,8128
1361,7409,1361,6516
1361,8230,1361,9457
1361,7769,1361,6795
1361,7205,1361,7463
1361,7923,1361,6722
1361,6772,1361,7105
1361,5312,1361,4752
1362,6644,1362,8254
1362,8025,1362,6540
1362,7510,1362,7514
1362,6723,1362,6900
1362,7512,1362,7463
1362,7050,1362,7208
1362,8379,1362,7975
1362,6516,1362,6436
1362,8254,1362,8305
1362,6872,1362,7970
1362,8690,1362,8280
1362,7944,1362,7792
1362,7177,1362,6466
1362,7106,1363,7875
1363,8254,1363,7231
1363,6872,1363,8281
1363,7668,1363,6412
1363,6722,1363,6466
1363,7410,1363,6308
1363,5926,1363,7767
1363,9430,1363,7153
1363,5235,1363,5239
1363,6389,1363,6848
1363,7126,1363,8231
1363,9383,1363,8361
1363,7714,1363,8153
1363,9330,1363,8691
1363,7307,1364,6540
1364,8407,1364,8381
1364,7690,1364,7384
1364,7281,1364,8894
1364,7563,1364,6975
1364,8054,1364,8103
1364,6462,1364,8178
1364,8767,1364,8460
1364,8458,1364,8949
1364,8075,1364,7487
1364,7105,1364,6106
1364,7999,1364,9254
1364,7900,1364,5900
1364,6055,1364,6668
1365,6463,1365,7745
1365,7768,1365,6951
1365,6465,1365,5979
1365,7105,1365,7438
1365,7382,1365,7103
1365,7408,1365,7308
1365,7360,1365,7487
1365,8561,1365,8331
1365,7693,1365,6589
1365,6822,1365,7411
1365,6847,1365,6535
1365,6999,1365,8154
1365,7535,1365,7333
1365,9535,1366,9536
1366,8508,1366,7614
1366,8917,1366,9890
1366,9966,1366,7641
1366,7995,1366,9689
1366,9403,1366,8864
1366,8692,1366,8511
1366,7951,1366,7740
1366,7792,1366,7589
1366,6948,1366,6614
1366,7122,1366,7588
1366,7537,1366,6821
1366,7744,1366,8335
1366,7412,1366,8048
1366,9073,1367,8566
1367,8435,1367,8866
1367,10637,1367,10839
1367,11200,1367,10428
1367,11810,1367,11529
1367,10508,1367,9662
1367,10149,1367,9763
1367,9790,1367,10610
1367,11197,1367,10147
1367,9303,1367,10228
1367,11020,1367,12143
1367,13066,1367,17469
1367,29168,1367,52337
1367,92963,1367,155581
1368,242952,1368,341741
1368,447338,1368,563383
1368,692329,1368,810290
1368,897765,1368,948604
1368,948709,1368,893359
1368,822242,1368,766770
1368,722715,1368,678168
1368,637723,1368,599370
1368,566861,1368,540589
1368,519171,1368,490625
1368,461701,1368,433175
1368,415159,1368,409912
1368,417239,1368,440298
1368,470199,1369,505041
1369,553857,1369,612328
1369,674307,1369,737992
1369,815228,1369,883581
1369,943562,1369,973257
1369,942332,1369,871039
1369,807242,1369,759804
1369,708481,1369,666651
1369,631652,1369,588547
1369,553779,1369,525643
1369,501046,1369,479671
1369,456655,1369,433512
1369,422864,1369,409225
1369,397372,1369,394678
1369,402284,1370,410015
1370,413928,1370,427035
1370,449923,1370,469731
1370,490675,1370,512145
1370,527943,1370,526564
1370,505162,1370,474283
1370,445923,1370,420835
1370,404581,1370,386997
1370,373531,1370,362397
1370,349825,1370,336310
1370,328500,1370,318697
1370,304772,1370,288002
1370,273798,1370,258412
1370,244432,1370,231737
1371,220832,1371,207852
1371,196743,1371,194005
1371,196743,1371,194257
1371,198069,1371,203982
1371,209150,1371,206464
1371,194590,1371,179146
1371,172881,1371,174008
1371,172344,1371,167148
1371,165580,1371,165530
1371,164556,1371,160311
1371,156371,1371,150970
1371,148510,1371,139446
1371,127773,1371,120633
1371,115104,1372,103739
1372,95241,1372,89866
1372,87456,1372,81030
1372,78116,1372,75780
1372,77215,1372,77472
1372,72607,1372,69891
1372,70148,1372,67644
1372,67128,1372,69050
1372,71894,1372,73378
1372,76936,1372,73608
1372,70327,1372,68256
1372,68564,1372,66773
1372,64930,1372,59604
1372,54996,1372,52793
1373,53620,1373,50878
1373,48136,1373,45573
1373,42942,1373,39736
1373,36207,1373,30522
1373,28782,1373,27655
1373,22433,1373,19746
1373,18339,1373,16649
1373,17649,1373,17162
1373,20948,1373,25715
1373,26047,1373,29194
1373,37613,1373,43296
1373,46934,1373,52713
1373,59039,1373,60420
1373,59271,1373,54691
1374,56043,1374,53738
1374,49464,1374,45676
1374,42809,1374,38383
1374,33237,1374,28270
1374,25325,1374,20694
1374,17826,1374,17265
1374,19086,1374,17442
1374,15961,1374,16524
1374,21154,1374,22719
1374,25074,1374,29248
1374,35002,1374,37307
1374,40658,1374,44912
1374,48211,1374,47852
1374,46853,1375,45420
1375,46392,1375,43938
1375,41018,1375,39125
1375,37434,1375,31166
1375,26633,1375,25768
1375,26632,1375,24358
1375,21565,1375,21211
1375,22691,1375,22717
1375,22479,1375,22998
1375,26504,1375,27635
1375,27427,1375,27707
1375,29988,1375,30170
1375,32113,1375,34361
1375,37590,1375,40587
1376,43094,1376,43477
1376,46802,1376,50615
1376,51721,1376,49849
1376,49363,1376,46289
1376,42220,1376,37232
1376,33749,1376,27427
1376,21639,1376,18290
1376,15858,1376,13708
1376,11992,1376,10098
1376,10301,1376,10818
1376,11713,1376,10664
1376,11170,1376,12787
1376,15318,1376,15577
1376,16112,1377,18595
1377,23126,1377,27270
1377,29909,1377,31420
1377,34440,1377,36874
1377,34719,1377,29293
1377,24559,1377,22430
1377,21895,1377,18852
1377,14783,1377,10893
1377,10585,1377,9560
1377,8279,1377,8026
1377,7743,1377,6465
1377,5160,1377,7541
1377,9149,1377,8458
1377,8768,1377,11175
1378,12269,1378,12555
1378,14243,1378,14652
1378,14829,1378,14475
1378,14135,1378,14930
1378,14731,1378,14859
1378,13121,1378,11605
1378,11248,1378,11456
1378,10226,1378,7511
1378,7207,1378,7410
1378,6544,1378,5260
1378,5440,1378,5588
1378,3931,1378,3573
1378,4569,1378,5825
1378,4264,1379,4520
1379,6028,1379,6642
1379,8051,1379,10198
1379,13988,1379,16294
1379,19132,1379,22895
1379,25939,1379,26481
1379,27399,1379,27989
1379,30627,1379,28833
1379,25095,1379,22304
1379,22381,1379,18645
1379,14395,1379,12095
1379,11507,1379,10330
1379,9457,1379,8411
1379,7976,1379,6619
1379,5849,1380,6976
1380,7689,1380,8311
1380,11074,1380,14145
1380,17416,1380,19261
1380,21923,1380,24971
1380,27297,1380,26532
1380,26764,1380,26761
1380,27397,1380,27501
1380,24835,1380,20717
1380,20129,1380,18005
1380,14548,1380,13270
1380,14093,1380,13503
1380,10584,1380,10300
1380,13194,1380,13171
1381,13326,1381,13861
1381,16574,1381,17854
1381,15805,1381,16038
1381,20133,1381,21691
1381,21590,1381,21464
1381,22949,1381,23388
1381,24027,1381,25096
1381,26864,1381,26688
1381,26582,1381,26353
1381,26582,1381,24147
1381,20976,1381,17826
1381,15318,1381,12450
1381,10256,1381,8076
1381,7594,1382,7386
1382,6695,1382,5340
1382,6515,1382,5851
1382,3881,1382,4880
1382,5517,1382,6339
1382,5800,1382,7000
1382,9972,1382,11581
1382,12271,1382,12372
1382,14370,1382,16700
1382,17956,1382,18184
1382,17751,1382,16493
1382,16136,1382,15141
1382,13323,1382,10047
1382,6690,1382,6055
1383,6134,1383,4877
1383,3828,1383,3138
1383,3192,1383,3930
1383,3828,1383,4621
1383,4466,1383,4646
1383,5365,1383,6131
1383,6615,1383,6874
1383,8945,1383,10738
1383,10402,1383,11172
1383,11863,1383,10428
1383,9304,1383,7715
1383,8149,1383,7896
1383,7768,1383,6387
1383,5184,1384,5697
1384,5848,1384,5033
1384,6384,1384,7745
1384,7205,1384,7102
1384,8584,1384,10040
1384,10760,1384,9428
1384,9096,1384,9045
1384,10655,1384,11223
1384,12044,1384,15318
1384,17700,1384,16881
1384,16907,1384,21102
1384,24763,1384,24841
1384,25889,1384,24556
1384,25252,1384,25661
1385,26099,1385,23868
1385,21616,1385,20489
1385,19028,1385,18930
1385,18264,1385,15832
1385,14090,1385,14416
1385,13452,1385,12658
1385,12403,1385,12761
1385,14472,1385,14428
1385,13553,1385,16470
1385,20387,1385,21721
1385,21515,1385,21668
1385,23432,1385,24532
1385,26809,1385,27811
1385,27735,1386,25199
1386,23688,1386,23995
1386,23076,1386,19589
1386,16906,1386,16168
1386,16728,1386,14704
1386,13704,1386,12940
1386,14347,1386,13323
1386,11867,1386,13985
1386,16879,1386,17240
1386,17316,1386,19518
1386,22359,1386,21081
1386,20106,1386,19673
1386,21310,1386,20411
1386,20900,1386,21742
1386,23127,1387,21254
1387,18569,1387,19564
1387,22232,1387,20516
1387,17698,1387,16342
1387,15008,1387,14446
1387,11349,1387,8175
1387,8812,1387,9664
1387,8306,1387,6464
1387,6564,1387,5673
1387,5134,1387,5364
1387,6895,1387,6077
1387,5874,1387,6489
1387,8098,1387,10586
1387,11324,1387,12453
1388,14857,1388,17292
1388,15651,1388,13886
1388,15629,1388,15221
1388,14193,1388,12682
1388,12320,1388,10529
1388,10071,1388,9020
1388,7923,1388,5744
1388,5799,1388,5617
1388,5618,1388,5005
1388,4136,1388,4058
1388,5746,1388,5593
1388,6077,1388,6698
1388,7464,1388,7895
1388,8869,1389,10098
1389,10302,1389,10198
1389,9916,1389,9535
1389,8356,1389,8305
1389,8177,1389,8356
1389,8024,1389,6565
1389,5513,1389,6155
1389,6311,1389,6595
1389,5368,1389,5055
1389,5999,1389,5490
1389,6463,1389,6438
1389,6079,1389,7207
1389,7412,1389,6519
1389,6951,1389,7514
1390,7282,1390,9125
1390,12579,1390,15091
1390,14295,1390,15265
1390,17545,1390,18927
1390,20695,1390,20441
1390,20566,1390,20131
1390,17237,1390,15806
1390,16088,1390,13834
1390,11300,1390,10199
1390,11483,1390,11454
1390,9358,1390,8585
1390,8919,1390,8508
1390,6742,1390,6109
1390,8206,1391,9715
1391,10074,1391,10379
1391,11480,1391,13120
1391,13196,1391,13887
1391,16880,1391,18649
1391,17777,1391,18952
1391,20667,1391,19082
1391,17982,1391,18262
1391,17136,1391,14475
1391,13296,1391,14246
1391,13941,1391,12249
1391,9560,1391,9302
1391,11044,1391,10175
1391,9151,1391,9225
1392,10661,1392,12095
1392,12146,1392,12405
1392,14863,1392,14656
1392,14453,1392,14064
1392,15756,1392,15959
1392,14860,1392,15091
1392,15552,1392,12709
1392,11275,1392,10972
1392,10989,1392,10041
1392,9408,1392,10378
1392,9535,1392,6487
1392,4238,1392,4595
1392,4772,1392,4570
1392,3957,1393,3652
1393,4314,1393,5006
1393,4544,1393,3729
1393,4288,1393,5542
1393,5723,1393,5334
1393,6258,1393,6617
1393,6490,1393,6845
1393,8869,1393,9405
1393,9715,1393,10070
1393,9330,1393,8764
1393,8946,1393,7307
1393,8790,1393,9200
1393,7333,1393,6335
1393,6512,1393,5693
1394,4262,1394,5185
1394,5545,1394,5109
1394,4948,1394,4697
1394,5283,1394,5671
1394,6465,1394,6590
1394,8559,1394,9147
1394,7510,1394,6719
1394,8510,1394,9179
1394,8510,1394,8739
1394,10071,1394,8741
1394,8485,1394,8329
1394,8461,1394,7179
1394,7002,1394,7616
1394,7972,1395,6695
1395,5570,1395,6106
1395,6798,1395,7104
1395,6670,1395,6665
1395,7383,1395,8943
1395,9457,1395,9557
1395,9997,1395,9766
1395,9228,1395,9327
1395,12988,1395,15062
1395,16163,1395,16778
1395,17470,1395,16902
1395,16879,1395,17138
1395,17906,1395,17954
1395,16753,1395,16501
1396,17395,1396,15856
1396,14989,1396,14604
1396,13446,1396,10940
1396,8153,1396,8332
1396,9333,1396,9410
1396,8614,1396,9073
1396,9867,1396,10406
1396,11225,1396,11505
1396,11893,1396,12019
1396,12913,1396,15221
1396,16393,1396,16880
1396,16445,1396,16266
1396,18211,1396,18211
1396,16958,1397,16164
1397,15448,1397,12174
1397,10505,1397,11199
1397,11585,1397,11020
1397,9303,1397,7871
1397,9250,1397,10122
1397,9742,1397,9639
1397,9942,1397,10175
1397,9789,1397,10510
1397,11634,1397,12018
1397,12580,1397,11738
1397,10941,1397,10788
1397,10866,1397,8843
1397,8250,1397,8792
1398,8946,1398,9635
1398,9791,1398,10608
1398,8180,1398,6330
1398,7283,1398,6363
1398,4953,1398,5079
1398,6743,1398,4185
1398,3983,1398,4087
1398,4464,1398,4699
1398,4520,1398,4673
1398,5289,1398,5363
1398,5723,1398,5287
1398,6412,1398,6900
1398,6976,1398,6386
1398,7234,1399,8719
1399,8152,1399,7868
1399,9429,1399,8921
1399,6945,1399,6256
1399,6950,1399,7535
1399,6795,1399,6669
1399,5847,1399,5489
1399,4951,1399,5363
1399,6309,1399,6720
1399,5771,1399,3826
1399,4825,1399,6462
1399,5694,1399,5771
1399,6567,1399,6386
1399,6336,1399,7104
1400,7871,1400,7873
1400,7949,1400,7664
1400,8943,1400,9456
1400,10043,1400,10379
1400,10916,1400,10533
1400,8812,1400,8023
1400,8843,1400,7976
1400,7972,1400,8513
1400,8310,1400,8024
1400,8483,1400,8356
1400,9765,1400,9535
1400,8768,1400,10969
1400,12739,1400,12863
1400,12604,1401,14065
1401,16217,1401,15170
1401,13653,1401,14604
1401,18672,1401,19128
1401,17214,1401,16802
1401,17750,1401,16625
1401,14270,1401,13270
1401,13449,1401,11611
1401,11173,1401,11734
1401,12450,1401,11247
1401,9300,1401,8947
1401,9890,1401,9535
1401,8845,1401,8308
1401,10454,1401,12220
1402,10358,1402,9767
1402,12146,1402,12990
1402,12277,1402,13452
1402,14911,1402,15757
1402,16441,1402,17825
1402,17905,1402,15729
1402,12683,1402,11684
1402,14369,1402,15368
1402,12122,1402,9893
1402,9914,1402,9739
1402,8686,1402,8406
1402,8715,1402,8610
1402,7973,1402,7667
1402,7616,1403,8434
1403,7333,1403,7718
1403,9304,1403,9305
1403,8280,1403,8150
1403,7973,1403,8970
1403,9077,1403,8944
1403,8720,1403,8460
1403,7435,1403,7639
1403,8230,1403,6771
1403,6337,1403,7511
1403,6693,1403,6257
1403,6054,1403,5544
1403,5338,1403,6056
1403,5315,1403,4931
1404,5128,1404,5286
1404,5211,1404,5261
1404,5488,1404,6156
1404,5874,1404,7512
1404,8941,1404,8918
1404,10912,1404,11605
1404,11890,1404,11040
1404,8358,1404,9535
1404,11555,1404,9995
1404,10456,1404,9870
1404,9789,1404,9660
1404,8818,1404,7102
1404,7051,1404,7022
1404,5746,1405,6210
1405,6389,1405,5440
1405,6183,1405,5771
1405,5546,1405,6054
1405,7309,1405,8992
1405,10405,1405,10072
1405,10535,1405,9790
1405,11788,1405,12094
1405,11735,1405,12274
1405,12580,1405,12064
1405,11148,1405,10485
1405,11274,1405,11148
1405,9635,1405,8921
1405,8919,1405,8280
1406,7181,1406,8280
1406,9506,1406,9379
1406,10174,1406,10432
1406,12813,1406,14754
1406,14037,1406,14017
1406,15473,1406,15501
1406,13344,1406,14834
1406,18397,1406,16907
1406,16294,1406,16725
1406,18259,1406,15777
1406,14936,1406,15140
1406,15675,1406,14628
1406,14603,1406,13913
1407,14298,1407,13428
1407,10634,1407,9433
1407,9868,1407,9917
1407,9229,1407,10456
1407,11863,1407,11658
1407,10482,1407,9252
1407,9354,1407,9714
1407,9100,1407,8818
1407,10021,1407,10560
1407,11609,1407,11454
1407,12122,1407,12171
1407,11607,1407,10585
1407,11277,1407,13197
1407,11915,1408,9918
1408,10074,1408,9254
1408,8560,1408,8926
1408,8969,1408,8739
1408,8000,1408,8767
1408,11376,1408,8917
1408,8380,1408,8255
1408,8259,1408,6588
1408,6388,1408,7154
1408,7308,1408,7587
1408,8099,1408,7076
1408,6977,1408,8461
1408,7488,1408,7434
1408,8152,1408,7256
1409,5081,1409,5081
1409,7738,1409,7334
1409,6208,1409,5719
1409,5925,1409,6337
1409,6438,1409,6591
1409,6564,1409,7053
1409,5822,1409,5695
1409,6439,1409,5875
1409,4827,1409,5081
1409,5975,1409,5775
1409,5645,1409,5850
1409,6411,1409,7382
1409,8538,1409,8436
1409,8919,1410,8564
1410,8639,1410,8307
1410,8768,1410,8638
1410,8097,1410,7590
1410,8329,1410,8945
1410,8893,1410,7971
1410,8533,1410,7745
1410,6869,1410,5694
1410,6924,1410,6924
1410,6439,1410,7869
1410,9178,1410,9458
1410,8230,1410,8615
1410,9276,1410,10276
1410,10200,1410,9560
1411,10274,1411,10538
1411,9968,1411,10559
1411,10735,1411,10836
1411,10890,1411,12582
1411,12349,1411,12604
1411,12887,1411,10581
1411,9740,1411,10199
1411,9744,1411,10071
1411,11244,1411,10812
1411,10328,1411,10863
1411,12143,1411,11172
1411,10510,1411,11532
1411,12835,1411,12634
1411,12120,1412,12014
1412,13732,1412,14882
1412,14370,1412,14036
1412,13961,1412,13554
1412,14346,1412,14396
1412,15729,1412,14242
1412,12094,1412,11890
1412,13116,1412,10656
1412,9430,1412,10071
1412,10610,1412,10175
1412,9739,1412,9049
1412,9485,1412,10429
1412,9177,1412,8460
1412,10076,1412,9819
1413,8359,1413,10713
1413,10867,1413,10356
1413,11455,1413,11630
1413,12939,1413,13575
1413,11935,1413,11837
1413,12121,1413,11349
1413,10506,1413,9944
1413,9765,1413,9844
1413,8587,1413,7820
1413,8074,1413,8894
1413,7921,1413,6565
1413,6257,1413,7336
1413,6747,1413,6259
1413,7024,1414,6029
1414,6028,1414,7487
1414,8511,1414,9127
1414,7870,1414,7639
1414,9124,1414,8405
1414,8614,1414,8482
1414,8201,1414,6257
1414,6414,1414,6336
1414,6794,1414,7431
1414,6000,1414,4593
1414,5335,1414,6387
1414,5772,1414,4977
1414,5157,1414,5262
1414,6563,1415,5852
1415,6284,1415,6976
1415,8130,1415,7641
1415,7614,1415,7745
1415,7203,1415,6897
1415,8204,1415,9050
1415,9047,1415,7486
1415,6588,1415,6952
1415,7231,1415,7183
1415,7564,1415,8051
1415,8024,1415,7228
1415,7203,1415,8202
1415,8229,1415,7462
1415,7412,1415,7896
1416,7798,1416,7593
1416,7564,1416,6565
1416,5823,1416,6414
1416,7050,1416,7153
1416,7335,1416,8027
1416,9174,1416,9176
1416,8613,1416,8589
1416,10765,1416,11630
1416,10892,1416,10100
1416,11018,1416,11121
1416,11453,1416,10278
1416,10534,1416,11479
1416,11096,1416,11811
1416,15040,1417,13017
1417,10102,1417,10456
1417,12144,1417,11455
1417,10221,1417,10944
1417,12223,1417,13604
1417,13221,1417,11503
1417,11761,1417,14143
1417,14938,1417,13221
1417,13373,1417,13372
1417,15114,1417,16211
1417,16724,1417,14832
1417,13887,1417,13935
1417,16545,1417,17568
1417,18438,1417,19104
1418,19158,1418,19109
1418,19387,1418,20720
1418,21230,1418,21308
1418,22693,1418,23127
1418,22714,1418,21998
1418,21718,1418,22357
1418,25379,1418,26091
1418,25118,1418,26733
1418,28681,1418,26452
1418,26912,1418,29500
1418,33776,1418,34439
1418,31725,1418,30699
1418,33261,1418,32494
1418,33341,1419,34414
1419,34436,1419,31186
1419,30321,1419,29644
1419,30137,1419,27242
1419,26915,1419,29552
1419,31186,1419,30163
1419,28936,1419,27016
1419,30473,1419,31287
1419,28573,1419,25505
1419,28835,1419,27888
1419,24405,1419,24459
1419,27704,1419,26144
1419,25506,1419,24612
1419,25560,1420,24840
1420,25353,1420,25762
1420,25864,1420,23000
1420,21154,1420,20998
1420,20618,1420,18980
1420,19156,1420,20666
1420,23329,1420,22897
1420,20565,1420,18620
1420,19620,1420,19289
1420,18416,1420,21360
1420,24306,1420,22917
1420,19643,1420,20157
1420,21643,1420,21159
1420,21645,1420,21334
1421,21537,1421,23076
1421,22689,1421,20435
1421,21664,1421,21335
1421,18362,1421,17059
1421,18952,1421,18927
1421,18747,1421,18519
1421,17752,1421,16751
1421,17265,1421,15347
1421,16396,1421,15473
1421,15982,1421,14679
1421,15191,1421,15420
1421,14834,1421,14909
1421,17060,1421,18343
1421,17037,1422,16394
1422,18084,1422,18697
1422,17702,1422,17389
1422,18878,1422,17855
1422,19029,1422,19263
1422,18518,1422,17625
1422,16187,1422,14885
1422,16904,1422,16368
1422,15238,1422,11944
1422,12531,1422,13787
1422,14372,1422,14498
1422,15984,1422,15291
1422,13838,1422,13707
1422,15827,1422,15349
1423,15140,1423,14988
1423,15702,1423,16728
1423,15241,1423,14345
1423,15702,1423,14701
1423,13091,1423,13193
1423,13323,1423,12937
1423,13324,1423,12479
1423,11917,1423,10865
1423,10376,1423,9358
1423,10304,1423,9918
1423,8642,1423,8690
1423,9762,1423,9738
1423,7924,1423,7641
1424,9380,1424,9329
1424,9458,1424,8794
1424,9971,1424,10813
1424,10638,1424,11555
1424,11555,1424,9097
1424,7844,1424,8566
1424,10354,1424,10913
1424,9379,1424,9561
1424,10020,1424,10045
1424,8946,1424,8331
1424,8383,1424,7999
1424,8231,1424,8102
1424,8330,1424,8587
1424,6768,1425,4676
1425,5489,1425,7358
1425,8562,1425,7412
1425,6537,1425,6516
1425,5767,1425,5798
1425,6286,1425,8435
1425,7972,1425,7510
1425,9890,1425,9839
1425,8178,1425,8536
1425,9995,1425,9868
1425,7409,1425,6770
1425,8256,1425,8894
1425,7106,1425,7074
1425,9508,1425,12887
1426,20387,1426,28018
1426,38563,1426,56686
1426,84564,1426,115029
1426,151675,1426,188699
1426,220878,1426,232548
1426,225715,1426,209763
1426,193459,1426,177413
1426,168042,1426,158206
1426,148634,1426,138444
1426,134174,1426,126571
1426,118481,1426,110597
1426,105167,1426,98517
1426,92471,1426,89426
1426,91811,1427,93374
1427,98825,1427,109833
1427,127776,1427,141494
1427,161178,1427,192307
1427,223969,1427,241738
1427,250802,1427,245114
1427,227299,1427,205439
1427,196634,1427,190925
1427,182529,1427,171065
1427,164403,1427,159925
1427,152556,1427,142927
1427,133791,1427,125574
1427,122374,1427,114287
1427,106502,1428,103843
1428,106913,1428,106249
1428,106787,1428,111956
1428,120044,1428,126211
1428,134707,1428,144588
1428,157514,1428,157210
1428,148329,1428,140391
1428,135428,1428,125826
1428,116667,1428,109296
1428,107066,1428,102559
1428,98669,1428,94931
1428,94394,1428,92656
1428,91145,1428,87023
1428,82233,1428,77112
1429,75376,1429,73328
1429,72152,1429,64008
1429,60248,1429,62369
1429,62728,1429,62370
1429,64643,1429,59493
1429,57169,1429,58810
1429,56094,1429,50492
1429,47549,1429,45552
1429,45219,1429,47442
1429,48367,1429,46065
1429,47471,1429,48267
1429,47008,1429,45884
1429,44116,1429,43323
1429,44067,1430,41302
1430,37410,1430,34928
1430,33621,1430,30089
1430,29016,1430,28705
1430,28144,1430,26223
1430,22919,1430,20485
1430,20742,1430,20770
1430,18312,1430,17573
1430,19493,1430,19468
1430,18212,1430,19593
1430,23434,1430,22949
1430,20540,1430,21232
1430,21590,1430,20545
1430,20975,1431,21103
1431,21384,1431,20130
1431,19285,1431,19412
1431,20513,1431,18133
1431,15063,1431,15493
1431,16546,1431,16930
1431,14700,1431,14423
1431,16571,1431,15215
1431,12555,1431,11683
1431,11456,1431,11429
1431,9691,1431,9104
1431,12424,1431,13194
1431,12019,1431,13396
1431,14655,1431,15804
1432,17393,1432,18078
1432,19283,1432,19953
1432,18521,1432,18492
1432,19822,1432,19136
1432,18340,1432,18570
1432,18442,1432,16064
1432,13503,1432,13294
1432,14271,1432,12066
1432,10583,1432,10327
1432,12605,1432,12044
1432,10354,1432,10610
1432,12428,1432,12938
1432,12068,1432,13656
1432,16215,1433,16497
1433,16446,1433,17213
1433,21492,1433,22333
1433,18417,1433,17395
1433,19338,1433,18773
1433,17801,1433,18032
1433,19467,1433,18286
1433,14528,1433,13399
1433,15267,1433,15651
1433,12557,1433,12991
1433,15267,1433,14420
1433,13220,1433,12939
1433,15824,1433,16059
1433,15781,1434,15088
1434,16034,1434,15731
1434,15066,1434,15476
1434,17854,1434,18365
1434,15349,1434,14831
1434,16700,1434,17721
1434,16852,1434,15958
1434,15780,1434,15804
1434,14935,1434,13243
1434,12147,1434,11507
1434,9614,1434,9587
1434,9895,1434,9382
1434,9539,1434,9766
1434,9174,1434,8382
1435,7668,1435,7614
1435,8589,1435,8818
1435,8585,1435,8152
1435,9302,1435,10331
1435,11018,1435,10837
1435,11225,1435,12095
1435,12017,1435,12633
1435,12891,1435,11227
1435,10048,1435,9252
1435,10455,1435,9968
1435,8869,1435,8459
1435,7948,1435,7052
1435,6464,1435,6541
1435,6437,1436,6516
1436,6102,1436,6130
1436,7462,1436,6464
1436,5720,1436,5747
1436,5538,1436,8048
1436,9994,1436,10530
1436,11427,1436,11094
1436,10124,1436,10325
1436,10890,1436,9945
1436,9659,1436,9613
1436,9405,1436,9609
1436,8583,1436,7949
1436,8177,1436,6898
1436,6593,1437,7923
1437,7202,1437,6001
1437,5720,1437,5413
1437,6875,1437,7179
1437,8361,1437,8773
1437,8308,1437,8535
1437,8944,1437,9098
1437,10609,1437,11348
1437,11686,1437,11608
1437,12837,1437,12810
1437,11992,1437,11686
1437,13453,1437,14679
1437,13836,1437,12529
1437,13088,1437,11813
1438,9334,1438,10277
1438,11583,1438,10610
1438,8794,1438,8306
1438,8615,1438,9124
1438,10020,1438,9251
1438,10430,1438,10403
1438,11068,1438,11481
1438,12530,1438,13603
1438,14478,1438,14780
1438,16235,1438,15218
1438,16241,1438,16111
1438,17469,1438,16189
1438,14551,1438,14887
1439,15165,1439,13169
1439,11506,1439,12481
1439,13246,1439,11582
1439,10201,1439,9996
1439,10814,1439,10661
1439,9688,1439,9687
1439,11631,1439,11887
1439,10937,1439,10508
1439,10431,1439,11611
1439,13065,1439,13937
1439,14810,1439,13858
1439,12168,1439,12244
1439,14114,1439,14166
1439,12274,1440,11168
1440,11911,1440,10766
1440,10172,1440,9583
1440,10738,1440,9535
1440,7998,1440,7512
1440,7124,1440,6693
1440,7184,1440,7026
1440,7385,1440,6593
1440,6875,1440,6621
1440,7004,1440,6306
1440,7436,1440,8022
1440,9095,1440,7998
1440,8021,1440,8614
1440,10122,1440,11452
1441,10148,1441,10122
1441,11403,1441,10480
1441,10611,1441,9354
1441,8485,1441,7255
1441,6154,1441,7255
1441,8511,1441,6743
1441,6385,1441,6364
1441,6593,1441,6181
1441,5951,1441,5261
1441,5897,1441,5902
1441,6129,1441,7334
1441,7743,1441,7413
1441,6235,1441,7181
1442,8766,1442,8921
1442,8715,1442,8358
1442,9253,1442,10100
1442,9252,1442,8359
1442,9509,1442,10149
1442,9405,1442,8433
1442,9458,1442,8690
1442,8743,1442,7564
1442,8637,1442,9842
1442,9689,1442,9407
1442,10306,1442,10329
1442,8945,1442,7874
1442,9229,1442,10585
1442,10301,1443,10200
1443,12200,1443,12248
1443,11560,1443,12504
1443,14115,1443,14885
1443,14066,1443,14753
1443,15652,1443,15600
1443,14647,1443,13526
1443,14063,1443,13397
1443,11606,1443,12479
1443,13326,1443,10764
1443,9178,1443,9382
1443,10173,1443,10814
1443,9636,1443,8100
1443,10149,1444,9789
1444,9558,1444,11020
1444,13475,1444,12196
1444,11993,1444,13275
1444,14882,1444,15471
1444,14347,1444,13525
1444,16143,1444,16191
1444,13449,1444,11349
1444,12017,1444,12373
1444,11097,1444,10355
1444,10327,1444,10937
1444,10509,1444,9077
1444,8921,1444,8512
1444,7485,1444,7867
1445,9687,1445,11376
1445,10968,1445,10915
1445,12604,1445,11660
1445,10738,1445,10173
1445,10917,1445,11632
1445,10072,1445,9531
1445,10505,1445,10610
1445,9918,1445,8438
1445,7816,1445,8613
1445,8612,1445,8051
1445,8283,1445,8026
1445,8027,1445,7694
1445,7515,1445,7204
1446,6435,1446,5901
1446,5616,1446,4775
1446,5110,1446,5495
1446,6030,1446,6822
1446,7233,1446,6872
1446,7286,1446,7025
1446,7231,1446,8435
1446,8308,1446,7613
1446,8564,1446,8968
1446,8666,1446,8488
1446,8641,1446,8663
1446,9329,1446,7768
1446,7333,1446,7515
1446,7001,1447,7026
1447,6820,1447,6667
1447,6742,1447,4853
1447,4724,1447,5390
1447,5441,1447,4595
1447,4084,1447,3726
1447,4852,1447,5281
1447,4701,1447,6028
1447,6797,1447,7053
1447,7202,1447,8330
1447,9791,1447,8892
1447,7719,1447,8358
1447,8433,1447,7565
1447,7745,1448,7083
1448,7898,1448,7589
1448,6871,1448,7743
1448,8667,1448,7743
1448,7744,1448,7462
1448,9663,1448,9355
1448,6693,1448,6873
1448,8025,1448,9151
1448,8333,1448,8230
1448,9995,1448,10149
1448,8255,1448,8867
1448,11940,1448,11555
1448,10914,1448,11480
1448,13654,1448,13784
1449,12144,1449,10812
1449,11380,1449,10993
1449,10841,1449,11046
1449,11427,1449,10175
1449,9764,1449,9098
1449,8585,1449,7614
1449,8357,1449,9588
1449,9691,1449,9969
1449,10022,1449,10840
1449,12042,1449,11582
1449,10555,1449,9917
1449,12174,1449,12635
1449,10661,1449,10048
1449,11605,1450,12149
1450,10071,1450,10430
1450,14861,1450,13835
1450,10818,1450,11661
1450,12555,1450,10100
1450,9202,1450,8666
1450,7664,1450,7894
1450,7613,1450,8153
1450,8945,1450,9688
1450,10452,1450,9533
1450,10226,1450,10251
1450,8869,1450,8614
1450,9434,1450,10149
1450,9690,1451,7643
1451,7026,1451,8563
1451,9355,1451,9995
1451,9224,1451,7844
1451,7207,1451,7951
1451,8357,1451,7664
1451,5797,1451,6436
1451,7822,1451,6075
1451,4568,1451,3780
1451,4674,1451,5057
1451,5569,1451,5898
1451,6666,1451,8099
1451,7055,1451,8379
1451,9967,1452,7920
1452,6768,1452,7257
1452,8282,1452,8585
1452,8944,1452,7767
1452,7513,1452,8663
1452,8661,1452,8791
1452,9508,1452,8740
1452,7360,1452,6181
1452,8128,1452,7333
1452,6437,1452,6947
1452,7538,1452,6692
1452,6285,1452,6416
1452,6182,1452,6287
1452,7080,1452,6973
1453,6772,1453,6670
1453,7410,1453,8051
1453,8919,1453,9383
1453,8612,1453,8793
1453,9996,1453,10122
1453,8715,1453,8411
1453,10122,1453,9869
1453,8180,1453,7538
1453,8771,1453,9102
1453,8560,1453,8511
1453,8566,1453,8486
1453,7309,1453,7952
1453,9177,1453,8590
1454,6359,1454,7536
1454,9813,1454,10866
1454,10097,1454,9308
1454,11759,1454,11400
1454,10504,1454,10685
1454,13937,1454,14654
1454,12914,1454,12067
1454,13350,1454,12426
1454,11453,1454,10941
1454,11250,1454,10736
1454,10152,1454,9740
1454,11020,1454,11248
1454,9841,1454,9048
1454,9738,1455,8868
1455,7310,1455,7642
1455,8813,1455,8461
1455,7358,1455,7406
1455,9148,1455,10691
1455,10124,1455,10380
1455,10585,1455,10330
1455,10994,1455,11328
1455,12654,1455,14322
1455,12171,1455,9483
1455,10814,1455,12090
1455,10686,1455,9252
1455,9769,1455,8636
1455,7359,1456,7588
1456,7336,1456,6643
1456,7537,1456,8024
1456,7719,1456,7973
1456,7846,1456,7309
1456,7614,1456,7435
1456,7693,1456,8434
1456,8948,1456,9255
1456,9509,1456,8947
1456,8946,1456,8148
1456,8614,1456,7614
1456,7459,1456,7718
1456,7334,1456,6386
1456,7509,1456,6873
1457,5668,1457,5568
1457,6234,1457,5772
1457,5418,1457,5210
1457,6154,1457,5646
1457,5081,1457,6079
1457,5619,1457,5695
1457,5387,1457,6025
1457,6921,1457,5746
1457,4905,1457,5949
1457,6256,1457,6643
1457,7387,1457,8329
1457,8382,1457,8510
1457,7079,1457,7640
1458,8588,1458,8204
1458,7462,1458,7150
1458,8564,1458,7665
1458,7770,1458,7899
1458,8077,1458,7769
1458,6926,1458,6257
1458,6180,1458,5389
1458,5668,1458,5747
1458,6359,1458,6719
1458,7129,1458,7740
1458,7897,1458,7999
1458,7563,1458,8382
1458,10047,1458,10738
1458,9999,1459,9770
1459,10968,1459,11225
1459,11378,1459,10329
1459,10303,1459,10073
1459,9946,1459,8643
1459,8792,1459,10866
1459,10816,1459,10530
1459,10351,1459,11144
1459,11479,1459,10125
1459,10814,1459,12865
1459,12399,1459,11581
1459,12321,1459,11984
1459,10606,1459,10536
1459,12270,1460,11942
1460,10967,1460,11145
1460,12502,1460,12580
1460,10381,1460,10585
1460,12299,1460,11861
1460,10891,1460,10995
1460,11122,1460,11275
1460,11172,1460,9943
1460,9740,1460,10169
1460,10278,1460,11786
1460,10710,1460,10661
1460,10532,1460,10587
1460,10814,1460,11582
1460,11096,1461,11068
1461,11862,1461,11863
1461,10428,1461,8383
1461,9614,1461,10969
1461,9691,1461,7999
1461,8789,1461,8868
1461,7565,1461,7665
1461,8487,1461,8536
1461,8050,1461,7716
1461,7874,1461,7646
1461,7593,1461,7180
1461,7897,1461,7536
1461,7255,1461,8046
1461,8588,1461,7053
1462,6746,1462,7283
1462,8385,1462,8486
1462,9331,1462,9223
1462,8943,1462,8152
1462,6616,1462,6410
1462,6409,1462,6974
1462,7616,1462,8050
1462,7941,1462,6562
1462,6462,1462,6845
1462,6565,1462,5954
1462,5542,1462,5720
1462,7613,1462,7078
1462,5726,1462,6615
1463,8540,1463,7360
1463,6002,1463,6389
1463,7847,1463,6335
1463,6849,1463,7721
1463,8946,1463,8102
1463,7870,1463,7385
1463,7974,1463,7336
1463,7893,1463,8892
1463,8845,1463,9768
1463,9869,1463,9124
1463,8456,1463,7849
1463,7181,1463,6743
1463,8309,1463,7639
1463,6436,1464,7182
1464,8816,1464,7918
1464,6946,1464,8666
1464,10355,1464,8436
1464,7053,1464,7360
1464,8129,1464,8668
1464,8741,1464,9811
1464,10866,1464,9714
1464,10995,1464,11402
1464,11274,1464,10943
1464,10429,1464,10021
1464,9973,1464,10788
1464,10045,1464,9611
1464,12195,1465,11558
1465,8509,1465,8156
1465,11073,1465,10968
1465,9097,1465,9227
1465,9586,1465,9224
1465,8741,1465,9688
1465,11174,1465,10632
1465,10279,1465,11222
1465,12812,1465,11480
1465,9153,1465,10328
1465,11431,1465,11353
1465,9995,1465,9512
1465,10559,1465,10431
1465,10177,1466,8716
1466,8999,1466,8357
1466,8582,1466,9868
1466,9562,1466,8562
1466,7743,1466,7664
1466,8409,1466,9715
1466,9867,1466,10123
1466,11197,1466,10481
1466,9073,1466,8512
1466,9329,1466,9253
1466,8867,1466,8305
1466,10144,1466,11092
1466,9279,1466,7973
1466,9998,1466,11939
1467,9917,1467,7078
1467,7078,1467,8105
1467,9381,1467,9664
1467,9483,1467,8176
1467,7282,1467,7870
1467,8563,1467,9361
1467,8665,1467,7154
1467,7949,1467,8000
1467,7950,1467,9482
1467,11712,1467,10305
1467,7307,1467,7615
1467,9868,1467,9353
1467,7996,1467,7924
1468,7998,1468,8282
1468,8127,1468,8615
1468,7921,1468,8868
1468,9792,1468,9510
1468,8564,1468,6795
1468,7689,1468,9146
1468,8508,1468,8208
1468,8535,1468,8410
1468,8688,1468,9047
1468,8867,1468,8689
1468,9333,1468,9356
1468,8894,1468,8664
1468,10432,1468,10323
1469,9940,1469,9095
1469,10017,1469,10277
1469,9025,1469,9147
1469,9659,1469,10022
1469,9639,1469,10379
1469,11121,1469,10048
1469,9611,1469,10536
1469,10995,1469,11042
1469,10893,1469,9639
1469,9891,1469,11789
1469,11450,1469,10967
1469,10046,1469,10098
1469,10147,1469,10250
1469,12576,1470,13960
1470,12097,1470,10766
1470,12499,1470,13502
1470,11609,1470,11221
1470,12789,1470,12813
1470,13936,1470,12732
1470,11941,1470,10533
1470,10635,1470,11606
1470,12555,1470,12709
1470,12811,1470,12401
1470,12864,1470,11044
1470,9431,1470,9946
1470,11250,1470,12300
1470,10482,1471,9688
1471,12631,1471,12836
1471,12244,1471,11351
1471,11785,1471,13217
1471,13349,1471,11890
1471,12530,1471,12686
1471,12504,1471,11992
1471,12862,1471,11326
1471,10276,1471,9892
1471,11224,1471,10864
1471,9559,1471,9203
1471,11405,1471,11635
1471,8690,1471,7408
1471,7846,1472,8023
1472,8563,1472,9889
1472,11043,1472,10660
1472,9280,1472,11271
1472,11377,1472,9895
1472,9888,1472,9689
1472,10172,1472,9607
1472,8842,1472,8639
1472,9942,1472,8798
1472,8895,1472,10023
1472,10917,1472,9764
1472,7869,1472,9255
1472,10149,1472,9434
1472,8739,1472,8506
1473,8381,1473,6361
1473,7335,1473,8436
1473,9126,1473,9609
1473,8334,1473,7281
1473,9099,1473,9408
1473,8817,1473,8309
1473,9100,1473,8102
1473,8460,1473,8586
1473,8124,1473,6437
1473,7104,1473,7945
1473,8509,1473,7489
1473,6434,1473,7155
1473,8691,1473,8357
1474,6233,1474,5107
1474,5925,1474,7540
1474,8818,1474,9638
1474,9076,1474,7873
1474,8050,1474,9049
1474,9844,1474,9354
1474,7998,1474,7870
1474,9098,1474,8511
1474,9255,1474,10429
1474,11585,1474,10711
1474,8254,1474,7870
1474,8764,1474,9380
1474,9101,1474,9329
1475,10665,1475,10428
1475,8636,1475,7869
1475,8895,1475,9888
1475,9130,1475,8255
1475,8714,1475,9869
1475,9945,1475,9075
1475,10406,1475,10534
1475,9197,1475,10762
1475,12782,1475,12452
1475,11583,1475,10842
1475,12685,1475,12529
1475,11378,1475,12660
1475,13270,1475,14142
1476,15009,1476,14804
1476,15651,1476,14854
1476,14474,1476,14294
1476,14705,1476,14935
1476,15141,1476,15729
1476,16367,1476,15757
1476,15525,1476,15806
1476,16010,1476,14632
1476,14113,1476,15828
1476,15804,1476,15244
1476,16526,1476,17572
1476,18393,1476,17138
1476,16395,1476,16294
1476,18876,1477,18138
1477,16418,1477,18008
1477,20414,1477,18515
1477,16550,1477,15013
1477,15574,1477,15881
1477,16601,1477,17752
1477,18722,1477,16343
1477,15243,1477,15802
1477,16749,1477,16316
1477,17929,1477,18724
1477,16089,1477,15730
1477,16677,1477,14859
1477,14680,1477,15008
1477,14596,1478,16622
1478,17162,1478,16088
1478,14523,1478,13272
1478,15576,1478,15678
1478,14656,1478,13883
1478,14552,1478,14166
1478,13427,1478,13040
1478,14064,1478,13324
1478,12814,1478,13091
1478,12888,1478,11862
1478,12351,1478,11763
1478,12551,1478,11554
1478,10353,1478,10529
1478,13526,1479,13272
1479,12682,1479,12938
1479,14323,1479,13782
1479,12322,1479,12554
1479,12834,1479,12684
1479,11683,1479,12631
1479,14192,1479,12684
1479,11276,1479,11966
1479,12710,1479,13528
1479,13066,1479,12424
1479,12578,1479,12222
1479,12788,1479,12426
1479,13474,1479,11939
1479,10509,1480,10480
1480,11326,1480,11144
1480,10612,1480,10657
1480,11098,1480,11093
1480,10865,1480,10997
1480,13090,1480,12987
1480,11351,1480,11069
1480,13247,1480,12580
1480,10633,1480,11633
1480,12020,1480,11740
1480,11969,1480,11197
1480,11276,1480,11532
1480,10533,1480,11252
1480,13885,1480,13193
1481,10355,1481,9460
1481,10941,1481,10536
1481,10661,1481,11581
1481,12682,1481,12478
1481,11326,1481,11174
1481,12070,1481,11917
1481,10811,1481,9762
1481,12016,1481,12020
1481,11890,1481,11813
1481,12685,1481,12119
1481,12425,1481,12118
1481,12502,1481,11838
1481,12707,1481,12632
1482,12607,1482,11171
1482,9995,1482,10327
1482,12608,1482,12250
1482,10996,1482,12246
1482,14779,1482,13249
1482,12247,1482,11840
1482,12040,1482,12733
1482,11402,1482,10658
1482,11169,1482,10584
1482,9972,1482,9611
1482,10711,1482,11124
1482,9665,1482,9687
1482,10356,1482,8896
1483,9126,1483,9764
1483,10199,1483,8076
1483,7434,1483,8613
1483,10044,1483,10534
1483,8692,1483,9561
1483,11655,1483,11400
1483,9840,1483,9761
1483,10071,1483,10096
1483,9661,1483,8969
1483,9175,1483,11170
1483,10633,1483,8637
1483,9612,1483,9586
1483,9077,1483,8664
1484,9408,1484,9175
1484,9174,1484,10609
1484,12455,1484,13682
1484,15140,1484,18083
1484,23275,1484,23737
1484,23788,1484,23529
1484,24785,1484,22689
1484,21717,1484,21359
1484,22716,1484,23177
1484,21285,1484,20082
1484,19391,1484,19336
1484,19440,1484,19442
1484,20187,1484,19238
1485,17468,1485,16162
1485,18777,1485,19800
1485,20515,1485,20869
1485,21591,1485,22258
1485,23509,1485,27063
1485,29240,1485,28293
1485,28724,1485,30319
1485,31007,1485,28500
1485,26120,1485,25402
1485,26968,1485,26195
1485,24380,1485,23766
1485,24943,1485,23177
1485,21256,1485,19489
1485,21459,1486,20336
1486,21159,1486,23740
1486,24074,1486,22795
1486,22332,1486,23127
1486,25636,1486,26709
1486,26784,1486,27217
1486,28474,1486,25861
1486,25148,1486,26916
1486,25379,1486,22487
1486,19950,1486,20903
1486,24352,1486,23867
1486,21849,1486,21281
1486,21360,1486,21104
1486,19979,1487,20158
1487,23614,1487,23508
1487,18850,1487,16855
1487,19695,1487,21360
1487,21132,1487,17572
1487,17213,1487,17494
1487,18130,1487,16855
1487,16931,1487,17675
1487,16956,1487,16393
1487,17163,1487,17215
1487,16959,1487,16114
1487,15677,1487,13375
1487,14395,1487,14933
1487,14528,1488,13986
1488,12503,1488,13071
1488,14501,1488,13861
1488,13066,1488,13703
1488,14654,1488,13451
1488,13094,1488,13477
1488,14165,1488,12302
1488,9969,1488,9026
1488,9691,1488,9972
1488,9383,1488,10868
1488,11994,1488,11941
1488,12248,1488,11530
1488,11655,1488,12910
1488,11478,1489,10557
1489,12321,1489,11763
1489,9534,1489,9431
1489,11482,1489,12091
1489,10177,1489,11045
1489,12120,1489,12862
1489,10329,1489,8486
1489,9893,1489,9510
1489,8899,1489,10454
1489,12043,1489,10044
1489,8075,1489,9482
1489,10836,1489,10530
1489,9201,1489,9124
1489,10534,1490,9816
1490,10148,1490,9663
1490,9306,1490,9254
1490,8947,1490,9024
1490,9148,1490,9457
1490,9458,1490,10610
1490,11149,1490,11123
1490,10122,1490,8899
1490,11633,1490,10248
1490,8923,1490,11328
1490,13531,1490,11072
1490,9791,1490,10761
1490,12197,1490,11271
1490,10407,1491,10582
1491,11251,1491,10429
1491,10123,1491,10586
1491,11123,1491,11044
1491,10994,1491,9998
1491,10225,1491,10890
1491,9790,1491,10453
1491,13116,1491,13194
1491,13274,1491,12889
1491,13554,1491,12913
1491,11224,1491,12685
1491,13606,1491,13297
1491,12837,1491,11786
1491,12555,1492,12582
1492,10838,1492,11838
1492,13838,1492,13401
1492,12122,1492,11608
1492,12712,1492,12761
1492,11917,1492,11582
1492,12426,1492,14295
1492,13426,1492,12200
1492,12476,1492,12454
1492,13066,1492,14011
1492,13550,1492,11786
1492,11736,1492,11940
1492,12248,1492,11043
1492,11174,1492,11149
1493,11326,1493,11123
1493,10892,1493,10478
1493,11968,1493,11537
1493,8970,1493,7563
1493,9921,1493,10203
1493,10302,1493,10891
1493,11864,1493,10044
1493,8051,1493,8692
1493,11377,1493,10020
1493,8997,1493,8871
1493,8995,1493,8790
1493,9534,1493,10327
1493,11379,1493,9433
1494,9890,1494,10122
1494,10097,1494,9636
1494,7919,1494,6974
1494,9046,1494,10225
1494,9356,1494,8562
1494,9864,1494,9713
1494,8205,1494,9586
1494,12605,1494,12198
1494,10148,1494,10377
1494,11760,1494,11247
1494,8507,1494,8155
1494,8535,1494,9123
1494,9408,1494,10226
1495,9511,1495,8791
1495,9332,1495,10994
1495,12043,1495,10763
1495,8049,1495,9563
1495,12067,1495,9918
1495,7563,1495,7155
1495,7997,1495,8562
1495,9103,1495,8487
1495,9129,1495,7818
1495,8664,1495,9738
1495,10663,1495,10839
1495,8461,1495,7179
1495,9742,1495,10661
1496,9637,1496,9561
1496,11226,1496,11353
1496,10456,1496,10835
1496,11709,1496,10149
1496,9969,1496,9786
1496,10328,1496,9940
1496,9531,1496,9480
1496,11274,1496,11014
1496,9937,1496,11174
1496,13503,1496,11861
1496,9382,1496,10304
1496,11045,1496,10637
1496,9971,1496,11069
1497,13065,1497,13015
1497,13170,1497,11914
1497,12120,1497,11581
1497,11583,1497,11119
1497,10046,1497,11711
1497,11997,1497,10378
1497,11120,1497,12144
1497,12064,1497,12146
1497,13784,1497,12120
1497,9970,1497,11403
1497,12886,1497,11814
1497,10427,1497,11144
1497,13065,1497,12480
1498,10687,1498,11124
1498,13808,1498,14193
1498,11837,1498,10583
1498,11504,1498,11120
1498,9611,1498,9381
1498,11609,1498,14321
1498,13474,1498,11478
1498,10789,1498,11452
1498,10968,1498,9328
1498,9251,1498,10531
1498,10966,1498,10303
1498,9223,1498,8716
1498,9255,1498,9100
1499,10122,1499,9662
1499,8947,1499,8998
1499,10611,1499,8820
1499,9128,1499,9001
1499,9563,1499,9331
1499,7589,1499,8000
1499,9534,1499,9485
1499,7949,1499,6542
1499,6642,1499,7438
1499,8283,1499,9175
1499,9482,1499,8534
1499,8282,1499,7668
1499,9430,1499,8075
1500,7052,1500,6821
1500,8328,1500,7974
1500,8539,1500,8228
1500,8821,1500,10020
1500,9996,1500,8818
1500,8434,1500,8459
1500,8256,1500,8054
1500,8411,1500,9048
1500,7892,1500,7282
1500,8151,1500,8639
1500,8074,1500,8254
1500,7893,1500,6973
1500,7130,1500,7259
1501,7820,1501,7719
1501,6721,1501,6591
1501,8174,1501,8692
1501,8819,1501,9153
1501,9202,1501,7867
1501,7689,1501,6975
1501,7358,1501,9050
1501,8488,1501,8177
1501,9457,1501,9148
1501,8894,1501,9075
1501,9841,1501,8001
1501,7742,1501,7746
1501,8053,1501,8969
1502,9354,1502,9226
1502,12194,1502,12321
1502,10278,1502,9814
1502,10715,1502,10277
1502,9482,1502,9047
1502,10740,1502,11352
1502,8435,1502,7897
1502,8359,1502,8538
1502,8770,1502,8000
1502,9638,1502,9357
1502,7998,1502,8867
1502,9689,1502,8872
1502,9612,1502,8382
1503,10327,1503,10252
1503,9279,1503,7564
1503,7232,1503,7796
1503,8535,1503,8639
1503,10329,1503,10509
1503,9402,1503,8331
1503,9535,1503,9281
1503,9431,1503,9073
1503,9484,1503,9869
1503,9352,1503,8712
1503,10098,1503,9074
1503,7691,1503,9690
1503,9820,1503,9715
1504,9792,1504,9278
1504,11224,1504,10913
1504,9770,1504,10227
1504,10175,1504,9458
1504,10248,1504,9939
1504,10430,1504,8694
1504,7592,1504,7487
1504,8920,1504,8789
1504,7232,1504,6820
1504,9226,1504,9791
1504,7946,1504,8385
1504,8589,1504,7794
1504,7282,1504,7820
1505,9359,1505,7948
1505,7181,1505,8563
1505,9459,1505,7560
1505,7335,1505,8717
1505,10355,1505,9458
1505,8101,1505,7868
1505,8716,1505,8252
1505,7846,1505,6824
1505,7462,1505,7999
1505,8510,1505,8409
1505,8459,1505,7359
1505,6873,1505,7233
1505,7949,1505,7384
1506,7257,1506,7696
1506,8025,1506,7744
1506,7719,1506,7207
1506,9283,1506,8973
1506,8971,1506,8282
1506,7716,1506,7336
1506,6924,1506,7487
1506,7512,1506,6388
1506,6848,1506,7639
1506,8278,1506,7947
1506,8002,1506,8919
1506,10098,1506,8711
1506,7383,1506,8279
1507,9766,1507,8078
1507,8022,1507,8540
1507,8970,1507,8511
1507,8099,1507,7772
1507,9791,1507,9972
1507,9409,1507,7997
1507,7539,1507,7207
1507,7718,1507,8329
1507,9169,1507,8175
1507,7718,1507,8483
1507,7945,1507,6538
1507,6540,1507,8794
1507,11274,1507,9713
1508,8078,1508,9254
1508,10073,1508,9382
1508,8077,1508,7871
1508,8537,1508,8228
1508,8002,1508,8664
1508,9354,1508,9198
1508,9714,1508,9482
1508,9459,1508,9565
1508,10047,1508,9844
1508,9406,1508,8129
1508,8232,1508,7692
1508,9813,1508,9202
1508,7408,1508,7128
1509,9897,1509,9607
1509,7386,1509,7717
1509,8126,1509,7335
1509,7232,1509,8050
1509,10508,1509,10252
1509,8486,1509,7025
1509,8382,1509,9612
1509,8234,1509,7974
1509,8513,1509,8664
1509,9788,1509,9383
1509,9077,1509,9022
1509,8331,1509,7178
1509,7823,1509,8538
1510,7896,1510,7716
1510,8893,1510,9025
1510,7359,1510,7307
1510,7970,1510,8076
1510,8464,1510,6719
1510,7969,1510,9303
1510,8227,1510,6744
1510,6079,1510,6821
1510,7539,1510,7282
1510,8129,1510,8586
1510,7847,1510,8306
1510,7718,1510,6926
1510,7180,1510,7153
1511,8179,1511,8587
1511,8537,1511,8817
1511,9232,1511,9330
1511,8437,1511,7619
1511,7696,1511,6976
1511,6386,1511,7307
1511,7488,1511,7514
1511,7949,1511,7925
1511,8024,1511,8381
1511,6979,1511,6489
1511,8054,1511,7791
1511,7001,1511,7642
1511,8488,1511,8409
1512,7792,1512,6998
1512,8663,1512,9765
1512,9814,1512,9356
1512,10070,1512,10048
1512,9127,1512,8972
1512,10357,1512,9099
1512,7539,1512,7822
1512,9614,1512,8740
1512,8770,1512,8201
1512,8101,1512,7995
1512,7617,1512,8538
1512,11456,1512,11712
1512,9409,1512,8947
1513,10737,1513,11353
1513,11506,1513,12476
1513,11785,1513,10811
1513,11784,1513,11426
1513,11608,1513,9713
1513,9892,1513,10632
1513,11735,1513,11046
1513,10815,1513,8972
1513,9818,1513,9328
1513,8612,1513,8510
1513,10175,1513,9252
1513,8510,1513,8177
1513,9359,1513,10408
1514,11301,1514,10710
1514,10739,1514,9457
1514,8793,1514,9203
1514,10122,1514,10815
1514,10252,1514,10124
1514,10711,1514,9175
1514,8000,1514,6391
1514,8281,1514,10306
1514,9561,1514,9127
1514,10513,1514,10378
1514,8842,1514,8790
1514,9306,1514,9663
1514,9176,1514,8536
1515,10278,1515,11046
1515,8972,1515,8616
1515,9920,1515,9770
1515,7898,1515,7844
1515,9586,1515,8792
1515,7897,1515,9000
1515,8844,1515,8052
1515,6128,1515,6825
1515,8715,1515,8946
1515,7283,1515,7358
1515,7663,1515,7205
1515,6027,1515,6591
1515,8151,1515,8358
1516,7744,1516,7691
1516,8918,1516,8074
1516,6769,1516,5926
1516,7669,1516,8405
1516,7561,1516,7975
1516,8357,1516,7361
1516,6746,1516,6285
1516,6897,1516,6978
1516,6130,1516,6772
1516,8846,1516,8076
1516,6464,1516,7872
1516,9281,1516,7566
1516,7233,1516,7437
1517,8460,1517,8254
1517,7997,1517,8768
1517,9765,1517,8179
1517,6489,1517,6338
1517,7002,1517,7003
1517,7871,1517,8050
1517,8357,1517,7436
1517,7076,1517,7515
1517,8153,1517,8896
1517,8181,1517,7948
1517,8050,1517,7309
1517,8048,1517,8690
1517,8049,1517,8663
1518,8098,1518,8155
1518,9636,1518,10021
1518,10554,1518,10967
1518,11298,1518,10043
1518,10046,1518,9761
1518,10965,1518,11581
1518,9638,1518,9764
1518,10659,1518,9565
1518,8944,1518,10200
1518,11635,1518,10172
1518,8435,1518,8200
1518,9480,1518,10201
1518,10612,1518,11455
1519,13117,1519,13449
1519,14063,1519,14037
1519,14142,1519,14113
1519,14806,1519,15011
1519,13269,1519,11785
1519,11634,1519,12118
1519,13143,1519,13656
1519,13988,1519,11812
1519,11501,1519,11044
1519,10020,1519,8590
1519,9737,1519,9506
1519,8763,1519,9227
1519,10382,1519,9176
1520,9099,1520,9584
1520,10763,1520,11759
1520,11044,1520,8868
1520,10918,1520,11939
1520,11018,1520,10455
1520,11354,1520,11633
1520,9405,1520,9355
1520,11867,1520,11990
1520,10607,1520,10021
1520,10895,1520,11222
1520,10917,1520,11041
1520,11149,1520,9304
1520,8795,1521,10533
1521,11326,1521,8640
1521,6181,1521,7564
1521,10070,1521,10454
1521,8920,1521,8892
1521,11145,1521,10151
1521,7538,1521,6972
1521,8439,1521,8845
1521,7540,1521,7489
1521,10074,1521,9458
1521,8563,1521,8203
1521,7516,1521,7285
1521,6721,1521,7948
1521,8922,1522,7972
1522,7025,1522,6742
1522,7591,1522,8793
1522,8637,1522,8255
1522,10304,1522,11120
1522,8639,1522,8102
1522,8080,1522,7663
1522,7896,1522,8229
1522,8559,1522,7155
1522,6769,1522,8768
1522,8459,1522,6947
1522,7844,1522,8483
1522,8744,1522,8281
1522,8871,1523,9203
1523,9508,1523,9354
1523,8563,1523,8254
1523,8739,1523,9713
1523,10330,1523,8665
1523,7946,1523,9557
1523,9688,1523,11148
1523,11273,1523,9178
1523,8025,1523,7869
1523,9354,1523,9661
1523,9099,1523,8022
1523,8203,1523,7976
1523,7642,1523,8130
1523,10050,1524,8895
1524,8973,1524,9972
1524,9917,1524,9384
1524,9664,1524,10814
1524,11811,1524,11609
1524,11016,1524,11172
1524,12419,1524,12350
1524,11097,1524,9633
1524,11217,1524,10995
1524,10660,1524,9637
1524,9608,1524,8358
1524,7769,1524,9993
1524,11299,1524,10556
1524,9993,1525,10249
1525,11606,1525,10943
1525,10045,1525,10176
1525,12938,1525,12554
1525,10530,1525,10942
1525,12347,1525,10631
1525,10888,1525,10551
1525,10786,1525,11400
1525,9558,1525,8791
1525,10147,1525,9123
1525,7873,1525,8050
1525,9093,1525,8892
1525,8384,1525,8049
1525,8969,1526,9585
1526,9660,1526,9225
1526,9713,1526,9685
1526,9074,1526,7611
1526,8612,1526,8687
1526,9197,1526,10072
1526,10224,1526,9970
1526,10634,1526,10689
1526,11146,1526,9789
1526,8870,1526,9405
1526,10048,1526,10280
1526,9508,1526,9405
1526,9149,1526,10173
1527,10484,1527,8458
1527,8516,1527,8383
1527,7361,1527,7535
1527,8743,1527,8407
1527,7691,1527,7122
1527,8918,1527,8098
1527,7436,1527,8535
1527,8837,1527,8507
1527,9663,1527,9739
1527,8151,1527,8843
1527,8256,1527,6740
1527,8328,1527,8637
1527,8767,1527,7924
1528,8996,1528,9637
1528,8512,1528,7228
1528,8661,1528,9665
1528,8411,1528,7763
1528,6951,1528,6489
1528,6618,1528,6971
1528,7996,1528,8664
1528,8205,1528,8638
1528,9100,1528,9841
1528,9123,1528,7975
1528,9892,1528,11252
1528,9894,1528,9686
1528,10636,1528,10097
1529,9020,1529,9225
1529,10536,1529,10021
1529,9686,1529,11554
1529,11350,1529,10304
1529,8024,1529,7795
1529,10071,1529,11937
1529,9995,1529,8946
1529,9894,1529,9559
1529,8765,1529,9252
1529,9178,1529,9331
1529,8125,1529,7564
1529,9384,1529,8357
1529,6795,1529,8002
1530,10815,1530,10359
1530,9278,1530,9715
1530,10405,1530,10966
1530,9711,1530,8792
1530,10047,1530,11558
1530,10330,1530,9000
1530,9870,1530,9356
1530,9764,1530,9481
1530,9534,1530,9278
1530,9537,1530,9715
1530,9995,1530,9867
1530,9511,1530,9943
1530,10636,1530,10407
1531,10249,1531,10943
1531,10251,1531,8689
1531,8200,1531,9841
1531,10149,1531,8997
1531,8692,1531,7948
1531,10302,1531,10150
1531,8690,1531,9147
1531,9894,1531,8692
1531,7080,1531,7183
1531,8408,1531,8540
1531,7770,1531,7486
1531,8024,1531,8562
1531,8664,1532,8096
1532,9945,1532,10327
1532,8640,1532,7586
1532,8024,1532,8484
1532,8613,1532,8151
1532,8333,1532,7618
1532,7741,1532,9074
1532,9380,1532,7717
1532,6899,1532,8257
1532,10076,1532,8767
1532,7357,1532,7026
1532,7975,1532,6643
1532,5516,1532,4953
1532,7081,1533,7258
1533,6182,1533,7335
1533,7130,1533,5363
1533,5132,1533,5696
1533,6874,1533,7508
1533,6999,1533,7463
1533,6975,1533,6928
1533,7180,1533,7282
1533,8432,1533,8432
1533,7566,1533,7562
1533,7641,1533,8175
1533,8176,1533,8665
1533,9890,1533,10224
1533,8717,1534,8385
1534,9410,1534,9228
1534,8588,1534,8152
1534,9276,1534,9201
1534,9074,1534,8281
1534,8052,1534,7872
1534,8693,1534,8434
1534,8536,1534,8611
1534,8668,1534,8226
1534,8818,1534,8129
1534,7073,1534,6488
1534,7970,1534,8231
1534,7689,1534,7385
1534,9459,1535,11144
1535,10431,1535,9461
1535,10353,1535,10534
1535,9995,1535,8998
1535,9381,1535,9764
1535,8232,1535,8971
1535,10072,1535,10683
1535,9562,1535,8409
1535,8513,1535,9943
1535,10353,1535,10175
1535,11249,1535,9921
1535,9894,1535,9511
1535,9768,1535,10200
1535,9972,1536,10408
1536,10383,1536,9921
1536,9638,1536,9970
1536,10151,1536,11122
1536,12940,1536,11355
1536,10968,1536,12683
1536,12095,1536,10176
1536,8894,1536,9075
1536,10073,1536,9511
1536,7997,1536,7157
1536,7539,1536,9124
1536,9585,1536,9281
1536,9533,1536,9692
1537,10176,1537,9482
1537,7974,1537,7588
1537,8050,1537,8047
1537,8743,1537,9021
1537,8918,1537,8971
1537,7590,1537,6591
1537,7815,1537,8589
1537,8228,1537,7206
1537,8357,1537,9588
1537,9175,1537,9333
1537,9304,1537,8128
1537,9611,1537,9686
1537,10714,1537,10433
1538,9304,1538,9000
1538,12454,1538,16166
1538,16727,1538,16493
1538,18056,1538,18538
1538,17723,1538,17979
1538,17471,1538,16290
1538,15983,1538,16137
1538,16393,1538,16697
1538,15754,1538,12938
1538,12711,1538,13040
1538,12837,1538,11582
1538,10762,1538,11274
1538,11918,1538,9970
1539,11277,1539,13707
1539,14631,1539,15986
1539,18364,1539,19467
1539,20615,1539,21408
1539,21127,1539,17545
1539,15881,1539,17239
1539,17854,1539,15549
1539,15140,1539,15015
1539,14626,1539,13299
1539,12224,1539,11891
1539,11660,1539,10943
1539,10691,1539,10889
1539,13067,1540,12662
1540,10637,1540,11122
1540,12376,1540,14018
1540,14729,1540,15498
1540,16089,1540,15701
1540,15140,1540,14112
1540,14498,1540,14195
1540,13041,1540,13348
1540,14497,1540,12733
1540,11608,1540,11708
1540,12555,1540,12247
1540,11994,1540,11914
1540,12171,1540,11860
1540,11275,1541,11276
1541,12581,1541,11353
1541,11275,1541,11581
1541,13578,1541,12578
1541,11248,1541,10147
1541,12632,1541,13117
1541,13115,1541,12172
1541,11912,1541,9254
1541,8304,1541,10147
1541,11046,1541,11148
1541,11558,1541,12093
1541,11507,1541,9840
1541,9941,1541,10759
1541,10173,1542,9277
1542,8718,1542,8334
1542,10098,1542,11508
1542,10580,1542,11811
1542,11809,1542,10708
1542,10766,1542,10660
1542,10991,1542,10763
1542,9124,1542,9508
1542,10634,1542,11120
1542,10839,1542,9917
1542,9841,1542,9967
1542,9357,1542,10477
1542,11557,1542,11146
1542,10403,1543,9717
1543,10764,1543,12094
1543,11041,1543,9126
1543,8893,1543,10047
1543,9763,1543,8510
1543,9535,1543,10689
1543,9995,1543,8409
1543,10024,1543,10072
1543,7410,1543,8840
1543,11198,1543,10227
1543,8305,1543,8919
1543,9407,1543,9356
1543,9584,1543,10045
1544,10250,1544,9688
1544,10150,1544,9847
1544,9791,1544,10150
1544,10274,1544,11169
1544,11939,1544,12121
1544,11967,1544,11504
1544,11194,1544,12272
1544,10864,1544,10813
1544,10710,1544,9816
1544,9407,1544,8380
1544,9968,1544,9379
1544,8253,1544,7972
1544,8561,1544,8101
1545,8512,1545,8844
1545,10862,1545,10458
1545,9663,1545,9664
1545,10661,1545,10196
1545,10145,1545,10840
1545,10353,1545,9434
1545,10303,1545,11505
1545,11607,1545,11864
1545,11587,1545,11300
1545,12119,1545,11788
1545,10406,1545,11508
1545,13579,1545,11765
1545,10431,1545,9538
1546,10942,1546,11273
1546,10406,1546,10919
1546,11813,1546,11070
1546,10457,1546,9329
1546,11378,1546,12046
1546,10993,1546,11967
1546,11890,1546,10945
1546,9432,1546,9993
1546,11866,1546,12374
1546,10915,1546,10301
1546,11150,1546,10460
1546,9099,1546,7612
1546,10481,1547,10251
1547,9023,1547,9305
1547,9507,1547,9332
1547,8999,1547,10046
1547,10535,1547,9377
1547,7435,1547,7716
1547,7435,1547,7587
1547,9200,1547,10891
1547,11425,1547,9868
1547,8738,1547,8894
1547,9867,1547,10452
1547,8894,1547,7254
1547,9357,1547,10153
1547,8000,1548,6951
1548,7437,1548,6748
1548,7259,1548,7537
1548,7871,1548,6668
1548,7054,1548,6309
1548,8125,1548,8820
1548,6996,1548,7154
1548,9792,1548,11607
1548,9841,1548,9458
1548,8896,1548,8075
1548,7438,1548,7541
1548,8744,1548,8409
1548,7844,1548,7949
1548,6976,1549,6847
1549,6134,1549,7101
1549,7896,1549,6642
1549,5773,1549,6157
1549,7358,1549,7897
1549,6588,1549,6206
1549,7053,1549,8232
1549,7717,1549,7462
1549,7589,1549,8382
1549,8917,1549,9328
1549,9839,1549,8590
1549,7744,1549,8252
1549,8357,1549,8022
1550,7768,1550,7998
1550,7617,1550,6619
1550,8074,1550,8897
1550,9201,1550,9843
1550,9102,1550,8072
1550,8892,1550,9891
1550,8101,1550,6565
1550,8178,1550,8923
1550,9078,1550,8333
1550,8098,1550,7436
1550,6976,1550,7872
1550,8359,1550,7975
1550,7999,1550,8873
1551,9049,1551,8257
1551,7410,1551,7311
1551,7514,1551,6848
1551,7435,1551,8716
1551,9358,1551,9612
1551,10070,1551,9793
1551,10072,1551,9278
1551,9176,1551,9585
1551,9355,1551,8207
1551,7565,1551,7256
1551,7948,1551,8486
1551,9432,1551,9376
1551,9485,1552,9022
1552,9202,1552,9096
1552,9815,1552,10351
1552,10405,1552,8692
1552,8897,1552,9582
1552,10327,1552,9434
1552,8484,1552,8303
1552,8716,1552,8999
1552,9355,1552,9276
1552,8563,1552,8257
1552,8615,1552,9687
1552,9152,1552,8075
1552,8769,1552,9406
1552,8666,1553,8201
1553,8436,1553,9177
1553,8743,1553,8510
1553,9379,1553,8126
1553,8179,1553,8942
1553,10429,1553,8923
1553,7950,1553,7103
1553,7436,1553,7949
1553,8304,1553,7617
1553,8534,1553,8923
1553,7637,1553,8333
1553,9894,1553,9079
1553,7744,1553,7334
1553,8128,1554,8536
1554,7896,1554,7207
1554,7202,1554,6998
1554,7236,1554,6997
1554,7438,1554,9330
1554,8739,1554,6797
1554,7232,1554,7718
1554,8663,1554,9434
1554,9688,1554,8561
1554,9637,1554,9072
1554,8869,1554,7741
1554,7870,1554,5925
1554,7126,1554,8918
1555,9126,1555,8563
1555,9099,1555,9046
1555,8151,1555,6130
1555,7284,1555,8409
1555,7432,1555,7642
1555,7616,1555,9102
1555,8000,1555,8538
1555,10024,1555,9764
1555,8357,1555,7514
1555,8054,1555,7948
1555,7588,1555,7820
1555,8153,1555,7590
1555,8000,1555,8945
1556,7665,1556,7360
1556,7641,1556,7208
1556,7075,1556,7616
1556,7463,1556,8667
1556,9050,1556,9177
1556,7741,1556,7487
1556,9484,1556,8739
1556,7053,1556,7768
1556,8201,1556,6720
1556,6514,1556,6644
1556,7997,1556,9994
1556,9534,1556,8050
1556,8077,1557,8666
1557,7767,1557,8792
1557,9406,1557,9920
1557,9124,1557,8333
1557,9711,1557,7563
1557,6643,1557,7921
1557,8179,1557,7411
1557,7233,1557,8255
1557,7974,1557,7822
1557,9895,1557,10252
1557,8843,1557,7641
1557,7643,1557,8561
1557,8869,1557,8281
1557,7437,1558,7793
1558,8585,1558,9148
1558,8127,1558,7562
1558,8744,1558,8942
1558,8895,1558,8616
1558,8435,1558,9257
1558,8667,1558,7229
1558,7614,1558,8461
1558,8563,1558,7668
1558,8919,1558,10197
1558,9408,1558,7869
1558,8129,1558,7591
1558,7051,1558,7692
1559,7612,1559,7435
1559,7745,1559,7565
1559,8845,1559,9078
1559,7460,1559,8077
1559,9738,1559,8740
1559,6819,1559,7180
1559,8637,1559,7972
1559,7489,1559,7232
1559,8077,1559,7845
1559,7283,1559,7489
1559,7846,1559,7412
1559,6645,1559,6284
1559,7335,1559,7643
1560,7386,1560,6819
1560,7207,1560,8100
1560,7790,1560,7873
1560,7871,1560,8101
1560,7489,1560,6259
1560,7871,1560,8027
1560,6208,1560,5847
1560,7511,1560,9506
1560,8636,1560,7177
1560,9045,1560,8994
1560,7308,1560,6897
1560,6385,1560,7180
1560,6664,1560,5699
1561,5645,1561,5981
1561,5723,1561,5108
1561,6565,1561,6338
1561,5877,1561,5850
1561,7586,1561,7079
1561,7485,1561,7742
1561,7488,1561,6794
1561,7594,1561,8177
1561,9818,1561,8461
1561,6365,1561,5515
1561,6820,1561,7027
1561,7079,1561,6620
1561,7311,1562,7487
1562,8178,1562,7129
1562,8457,1562,9790
1562,7901,1562,6543
1562,7638,1562,8125
1562,7715,1562,7461
1562,7792,1562,7130
1562,6615,1562,8150
1562,9176,1562,9124
1562,9099,1562,7666
1562,7792,1562,7563
1562,8663,1562,8845
1562,8177,1562,8432
1562,9512,1563,9254
1563,7948,1563,7259
1563,8102,1563,8663
1563,9331,1563,8591
1563,8998,1563,9047
1563,8974,1563,8868
1563,8332,1563,7715
1563,9332,1563,9097
1563,7639,1563,6745
1563,7746,1563,8409
1563,7974,1563,7611
1563,7870,1563,7513
1563,6923,1563,8511
1564,9994,1564,9103
1564,8387,1564,8025
1564,8130,1564,7973
1564,6642,1564,7463
1564,7997,1564,6567
1564,5515,1564,6947
1564,8329,1564,8538
1564,7462,1564,7075
1564,7920,1564,7613
1564,7129,1564,9121
1564,10200,1564,9509
1564,7257,1564,6464
1564,7922,1564,8539
1565,7792,1565,6971
1565,8611,1565,9051
1565,8153,1565,7359
1565,8973,1565,9124
1565,8359,1565,8457
1565,8767,1565,8461
1565,7333,1565,6360
1565,6638,1565,6668
1565,6415,1565,7206
1565,6771,1565,7640
1565,7308,1565,6080
1565,6537,1565,6848
1565,6820,1566,6720
1566,7332,1566,7281
1566,7592,1566,7358
1566,8638,1566,8279
1566,7001,1566,8479
1566,10223,1566,9761
1566,8435,1566,9610
1566,10888,1566,9095
1566,8051,1566,8487
1566,10634,1566,9153
1566,7410,1566,7822
1566,8740,1566,8485
1566,8408,1566,9126
1566,8686,1567,8232
1567,7590,1567,7896
1567,9764,1567,9561
1567,9381,1567,9914
1567,10482,1567,9173
1567,9685,1567,10759
1567,12606,1567,10812
1567,9150,1567,9611
1567,10711,1567,10177
1567,9509,1567,8458
1567,9097,1567,9097
1567,7386,1567,8380
1567,9662,1567,9099
1568,7820,1568,7359
1568,9330,1568,9537
1568,8765,1568,7638
1568,7742,1568,8279
1568,8921,1568,8459
1568,8690,1568,9637
1568,8842,1568,8638
1568,10125,1568,10739
1568,9279,1568,8562
1568,8511,1568,7389
1568,7639,1568,9150
1568,11399,1568,9611
1568,8025,1568,9383
1569,11201,1569,11095
1569,9205,1569,8587
1569,8997,1569,8818
1569,7156,1569,7357
1569,8869,1569,10148
1569,9256,1569,8613
1569,8819,1569,9178
1569,9020,1569,9021
1569,9506,1569,9533
1569,9766,1569,8533
1569,8069,1569,8973
1569,7434,1569,6694
1569,7386,1570,7080
1570,6644,1570,8306
1570,8714,1570,8075
1570,9869,1570,11607
1570,12629,1570,12658
1570,13194,1570,14368
1570,16496,1570,16572
1570,14753,1570,14088
1570,16110,1570,18031
1570,14372,1570,13091
1570,15215,1570,14677
1570,13554,1570,12145
1570,13425,1570,14171
1570,12245,1571,10560
1571,11531,1571,12119
1571,11402,1571,11633
1571,12607,1571,13936
1571,16648,1571,16216
1571,19363,1571,21999
1571,22150,1571,21921
1571,20563,1571,20028
1571,19543,1571,17316
1571,17593,1571,15291
1571,14217,1571,13963
1571,15293,1571,15010
1571,12302,1571,10557
1572,11991,1572,11683
1572,11812,1572,11888
1572,12146,1572,12222
1572,12042,1572,12426
1572,14221,1572,15549
1572,14218,1572,14980
1572,16265,1572,15219
1572,13655,1572,13835
1572,16113,1572,16574
1572,14832,1572,12756
1572,11968,1572,11299
1572,10531,1572,10046
1572,12298,1573,12093
1573,10634,1573,10531
1573,11325,1573,11271
1573,9613,1573,10530
1573,11402,1573,10226
1573,10378,1573,10556
1573,11605,1573,12499
1573,11734,1573,10277
1573,9688,1573,10048
1573,10045,1573,9868
1573,10277,1573,9102
1573,8534,1573,9638
1573,10739,1573,9049
1573,8358,1574,9537
1574,9510,1574,8947
1574,7257,1574,7948
1574,10916,1574,10405
1574,10378,1574,9383
1574,8457,1574,8507
1574,9636,1574,9329
1574,9535,1574,8894
1574,8716,1574,8561
1574,9305,1574,8920
1574,7105,1574,6591
1574,7947,1574,8844
1574,7796,1574,7231
1575,8077,1575,8639
1575,8514,1575,8126
1575,8948,1575,8512
1575,6874,1575,7332
1575,9329,1575,8947
1575,7462,1575,6460
1575,8844,1575,10122
1575,9357,1575,8661
1575,9688,1575,8714
1575,7437,1575,7132
1575,8894,1575,8715
1575,8586,1575,8792
1575,9255,1575,9049
1576,7077,1576,5848
1576,6820,1576,8846
1576,7949,1576,8049
1576,9508,1576,9712
1576,10070,1576,8893
1576,7256,1576,7409
1576,8307,1576,9687
1576,10402,1576,9306
1576,8459,1576,7847
1576,9227,1576,9150
1576,8742,1576,11276
1576,10734,1576,9689
1576,8306,1577,7463
1577,9198,1577,9302
1577,7871,1577,7999
1577,9127,1577,10788
1577,11452,1577,10760
1577,11274,1577,11685
1577,10277,1577,10841
1577,11579,1577,10811
1577,8895,1577,7768
1577,9354,1577,10557
1577,9509,1577,9943
1577,11223,1577,10094
1577,8766,1577,8537
1577,9303,1578,8102
1578,7307,1578,8101
1578,9510,1578,9000
1578,9407,1578,8973
1578,10277,1578,10533
1578,10969,1578,10378
1578,12632,1578,12554
1578,9994,1578,9328
1578,11558,1578,9966
1578,9459,1578,10892
1578,11942,1578,10761
1578,9407,1578,9201
1578,10219,1578,9430
1579,8535,1579,8333
1579,10610,1579,9840
1579,9381,1579,9843
1579,10713,1579,9639
1579,7639,1579,7028
1579,8868,1579,9153
1579,9382,1579,9863
1579,12065,1579,12300
1579,10969,1579,9507
1579,9918,1579,8665
1579,8179,1579,9225
1579,9357,1579,9405
1579,8255,1580,8713
1580,8789,1580,8279
1580,8228,1580,8535
1580,10484,1580,11120
1580,8842,1580,8459
1580,10533,1580,9968
1580,9227,1580,8916
1580,9533,1580,10251
1580,9378,1580,8379
1580,8484,1580,9047
1580,8049,1580,7151
1580,8101,1580,8329
1580,9096,1580,8585
1580,9201,1581,8765
1581,7151,1581,6901
1581,7050,1581,6616
1581,7742,1581,8310
1581,8128,1581,7208
1581,7280,1581,7257
1581,7385,1581,8358
1581,7818,1581,6338
1581,6722,1581,6258
1581,7357,1581,7484
1581,7874,1581,7155
1581,6848,1581,6308
1581,6744,1581,7234
1582,7207,1582,6773
1582,7002,1582,7029
1582,7259,1582,7335
1582,7206,1582,8256
1582,7614,1582,7382
1582,9841,1582,9431
1582,7460,1582,7818
1582,8816,1582,8843
1582,7947,1582,8358
1582,10021,1582,9407
1582,7487,1582,7205
1582,9075,1582,8665
1582,7489,1583,6925
1583,8105,1583,8582
1583,8509,1583,8512
1583,7919,1583,7385
1583,6364,1583,5900
1583,8410,1583,8634
1583,7434,1583,7818
1583,9893,1583,10736
1583,9327,1583,8151
1583,9199,1583,9434
1583,8155,1583,8024
1583,7256,1583,7279
1583,6849,1583,7205
1583,8410,1584,7669
1584,7104,1584,6411
1584,6871,1584,7025
1584,7668,1584,8923
1584,9023,1584,8076
1584,6255,1584,5900
1584,6977,1584,7409
1584,7766,1584,8871
1584,8694,1584,8281
1584,7257,1584,8357
1584,9405,1584,8689
1584,7231,1584,7433
1584,7489,1584,7536
1585,7923,1585,8278
1585,8870,1585,7257
1585,6644,1585,6619
1585,7256,1585,8076
1585,7588,1585,7539
1585,8176,1585,8230
1585,7564,1585,6335
1585,7951,1585,8047
1585,7076,1585,6589
1585,6922,1585,6794
1585,7566,1585,7409
1585,7616,1585,7719
1585,7104,1586,6972
1586,7229,1586,6900
1586,7409,1586,8128
1586,9071,1586,8051
1586,6978,1586,6672
1586,5850,1586,5928
1586,6155,1586,6362
1586,6796,1586,6925
1586,7434,1586,7743
1586,8076,1586,8051
1586,7899,1586,6464
1586,5929,1586,5489
1586,6053,1586,7078
1586,8385,1587,8869
1587,8713,1587,7640
1587,9126,1587,9099
1587,6645,1587,7131
1587,7742,1587,6819
1587,7027,1587,6667
1587,7410,1587,6873
1587,7358,1587,5852
1587,5386,1587,6285
1587,5746,1587,5363
1587,6230,1587,6766
1587,5568,1587,6155
1587,7923,1587,7923
1588,6823,1588,6900
1588,7742,1588,8329
1588,7355,1588,6696
1588,7462,1588,6951
1588,5953,1588,6615
1588,7613,1588,6257
1588,6515,1588,7078
1588,6491,1588,7029
1588,7438,1588,6411
1588,7612,1588,7406
1588,6363,1588,5594
1588,6462,1588,7540
1588,7539,1589,7920
1589,9460,1589,9411
1589,7411,1589,6383
1589,7895,1589,7821
1589,6644,1589,6770
1589,7230,1589,8360
1589,7128,1589,6260
1589,8282,1589,8895
1589,8153,1589,7587
1589,7895,1589,8563
1589,7794,1589,6744
1589,7461,1589,7025
1589,6873,1589,6951
1589,7668,1590,7079
1590,6616,1590,8230
1590,9636,1590,9200
1590,9611,1590,10251
1590,10713,1590,9768
1590,10684,1590,11223
1590,11144,1590,11201
1590,10556,1590,9998
1590,10095,1590,9510
1590,8768,1590,8230
1590,7591,1590,7384
1590,7130,1590,7616
1590,8280,1590,9637
1591,8486,1591,9228
1591,11634,1591,9920
1591,8924,1591,9534
1591,10327,1591,9278
1591,9865,1591,11119
1591,11657,1591,10147
1591,8488,1591,8868
1591,8738,1591,9459
1591,9713,1591,10325
1591,10199,1591,10888
1591,11019,1591,12326
1591,14065,1591,16085
1591,21387,1592,33215
1592,53284,1592,79575
1592,112397,1592,150257
1592,194643,1592,245000
1592,301853,1592,357738
1592,406710,1592,453987
1592,491392,1592,509285
1592,502496,1592,470197
1592,440112,1592,417097
1592,401635,1592,380516
1592,355404,1592,333386
1592,319589,1592,306586
1592,297374,1592,293892
1592,296683,1593,299548
1593,309588,1593,329244
1593,349701,1593,375274
1593,413140,1593,447237
1593,480746,1593,518789
1593,556107,1593,588306
1593,610122,1593,608097
1593,584163,1593,550245
1593,524491,1593,494132
1593,466533,1593,443286
1593,422346,1593,401844
1593,380395,1593,359992
1593,346215,1593,337614
1594,333621,1594,326173
1594,324838,1594,328628
1594,335131,1594,345324
1594,349884,1594,350777
1594,363829,1594,378702
1594,392750,1594,401019
1594,399764,1594,383895
1594,364773,1594,350976
1594,329192,1594,308072
1594,293834,1594,281859
1594,267187,1594,254209
1594,249679,1594,243485
1594,236675,1595,230019
1595,227154,1595,223777
1595,215144,1595,209895
1595,210001,1595,207568
1595,206905,1595,205470
1595,202369,1595,198657
1595,196452,1595,195202
1595,186446,1595,172238
1595,160641,1595,152529
1595,147506,1595,140829
1595,135431,1595,129795
1595,128854,1595,126164
1595,123805,1595,121940
1596,121324,1596,118458
1596,117716,1596,114977
1596,114797,1596,113457
1596,110081,1596,107629
1596,105325,1596,99232
1596,95056,1596,92676
1596,89936,1596,84711
1596,82151,1596,77417
1596,71455,1596,66336
1596,64007,1596,62603
1596,63343,1596,61651
1596,59861,1596,58223
1596,60116,1596,58328
1597,58581,1597,57557
1597,57790,1597,56273
1597,56585,1597,56534
1597,56275,1597,53948
1597,51795,1597,47446
1597,44680,1597,43914
1597,42426,1597,39914
1597,37048,1597,34671
1597,33777,1597,31317
1597,29704,1597,29012
1597,26608,1597,24431
1597,24891,1597,23203
1597,21051,1598,19543
1598,19642,1598,19183
1598,17984,1598,19776
1598,24355,1598,26352
1598,25404,1598,27705
1598,31520,1598,32241
1598,31906,1598,32519
1598,34774,1598,35543
1598,36847,1598,35592
1598,36596,1598,34951
1598,32342,1598,28577
1598,25359,1598,22819
1598,20692,1598,19979
1599,18927,1599,17879
1599,17035,1599,17422
1599,18189,1599,20519
1599,20464,1599,22514
1599,25019,1599,24073
1599,24609,1599,28068
1599,31957,1599,33337
1599,32726,1599,31367
1599,30547,1599,29832
1599,29550,1599,29193
1599,27731,1599,24867
1599,23665,1599,23613
1599,21901,1600,20392
1600,18468,1600,18521
1600,19567,1600,20827
1600,22182,1600,21772
1600,23051,1600,22975
1600,24484,1600,25455
1600,26400,1600,25969
1600,24277,1600,23946
1600,25249,1600,26583
1600,28015,1600,29245
1600,29576,1600,28885
1600,28581,1600,30290
1600,31008,1600,30912
1600,29501,1601,28091
1601,29299,1601,29091
1601,25864,1601,21899
1601,20514,1601,19778
1601,18080,1601,17038
1601,15601,1601,13632
1601,13350,1601,14678
1601,14267,1601,12118
1601,10944,1601,13141
1601,15271,1601,16345
1601,17494,1601,18493
1601,19595,1601,20081
1601,20926,1601,21001
1602,21361,1602,21179
1602,20281,1602,18414
1602,16748,1602,14985
1602,13964,1602,12504
1602,12478,1602,11452
1602,10688,1602,10685
1602,10866,1602,9584
1602,9150,1602,9766
1602,10353,1602,8587
1602,9253,1602,10202
1602,11352,1602,12195
1602,11731,1602,11430
1602,13608,1603,15652
1603,14758,1603,13733
1603,15217,1603,14577
1603,13884,1603,12888
1603,12223,1603,9867
1603,7461,1603,8512
1603,10120,1603,8664
1603,8051,1603,7873
1603,8563,1603,7435
1603,7282,1603,7050
1603,6309,1603,6104
1603,6491,1603,7129
1603,7920,1603,7898
1604,8690,1604,9252
1604,10173,1604,10864
1604,9662,1604,10407
1604,12629,1604,13886
1604,13680,1604,14269
1604,16137,1604,16498
1604,15215,1604,14219
1604,14089,1604,13709
1604,12530,1604,11762
1604,11454,1604,11401
1604,11324,1604,9583
1604,7920,1604,7998
1604,7411,1605,7358
1605,9278,1605,8996
1605,8924,1605,10353
1605,10994,1605,11891
1605,11456,1605,11376
1605,13962,1605,17112
1605,17751,1605,16164
1605,16645,1605,16856
1605,16418,1605,15291
1605,14833,1605,13987
1605,15321,1605,15650
1605,14448,1605,13912
1605,13913,1605,12966
1605,12708,1606,12226
1606,11251,1606,10508
1606,12455,1606,13351
1606,13606,1606,14478
1606,15651,1606,16212
1606,17161,1606,17955
1606,20261,1606,20315
1606,19492,1606,18879
1606,18646,1606,17854
1606,17571,1606,19289
1606,19721,1606,18209
1606,16699,1606,15546
1606,14859,1606,13268
1607,12145,1607,11841
1607,10970,1607,10073
1607,9559,1607,8741
1607,8972,1607,9047
1607,7181,1607,7435
1607,7923,1607,8379
1607,7640,1607,6668
1607,7382,1607,7694
1607,8460,1607,9944
1607,9330,1607,9276
1607,10816,1607,11734
1607,12785,1607,12041
1607,10280,1608,10379
1608,13452,1608,11892
1608,9407,1608,8691
1608,10837,1608,10505
1608,7844,1608,7306
1608,8101,1608,7408
1608,6950,1608,7792
1608,9301,1608,7739
1608,6359,1608,8022
1608,9357,1608,7946
1608,7871,1608,8588
1608,10044,1608,10556
1608,10533,1608,11249
1609,11834,1609,10709
1609,8560,1609,8509
1609,9789,1609,9229
1609,7665,1609,8410
1609,8636,1609,8078
1609,7357,1609,8050
1609,9454,1609,8689
1609,7231,1609,6615
1609,7280,1609,7049
1609,5543,1609,5902
1609,7109,1609,8613
1609,8513,1609,9177
1609,10300,1610,9843
1610,9381,1610,10173
1610,11401,1610,12121
1610,11581,1610,12198
1610,15115,1610,17057
1610,15600,1610,15446
1610,16574,1610,16572
1610,14322,1610,14215
1610,14729,1610,13602
1610,12093,1610,11886
1610,12092,1610,10482
1610,10045,1610,9916
1610,9889,1610,9840
1611,9585,1611,10247
1611,11840,1611,14421
1611,14269,1611,13319
1611,14425,1611,17699
1611,17802,1611,18080
1611,20234,1611,20283
1611,18979,1611,18899
1611,18210,1611,15778
1611,12883,1611,12298
1611,12632,1611,12248
1611,12170,1611,12198
1611,12478,1611,11862
1611,11661,1611,11814
1612,13607,1612,13785
1612,12656,1612,13070
1612,15982,1612,15631
1612,14704,1612,15830
1612,17137,1612,17596
1612,16007,1612,14604
1612,16392,1612,16573
1612,15574,1612,15370
1612,16215,1612,16448
1612,13731,1612,14066
1612,14191,1612,11477
1612,9692,1612,10867
1612,11148,1613,10686
1613,9201,1613,9280
1613,8255,1613,7129
1613,7002,1613,8255
1613,8462,1613,7592
1613,7000,1613,6974
1613,7847,1613,8256
1613,8022,1613,8819
1613,9534,1613,8153
1613,7999,1613,8000
1613,8586,1613,9408
1613,11530,1613,11123
1613,9917,1613,9482
1614,8790,1614,9280
1614,10456,1614,9406
1614,6897,1614,5284
1614,5721,1614,5621
1614,6133,1614,6774
1614,6516,1614,6619
1614,5465,1614,5851
1614,6386,1614,6696
1614,5954,1614,6691
1614,8357,1614,8053
1614,7412,1614,7743
1614,7948,1614,7229
1614,6692,1615,6614
1615,7435,1615,7284
1615,6055,1615,6670
1615,6774,1615,6490
1615,6336,1615,5825
1615,5926,1615,5901
1615,5003,1615,4876
1615,6413,1615,7050
1615,6077,1615,5515
1615,6309,1615,7410
1615,8179,1615,8716
1615,10246,1615,10461
1615,9125,1615,8460
1616,9994,1616,11303
1616,9280,1616,9561
1616,11148,1616,12938
1616,11044,1616,10000
1616,10891,1616,10862
1616,10378,1616,9433
1616,10274,1616,10690
1616,9283,1616,9203
1616,11097,1616,11070
1616,8768,1616,6668
1616,6643,1616,7258
1616,9332,1616,9411
1616,9433,1617,9561
1617,9224,1617,9941
1617,12118,1617,12887
1617,11373,1617,11145
1617,13936,1617,14193
1617,11807,1617,10712
1617,12504,1617,11222
1617,11482,1617,11041
1617,10123,1617,10429
1617,10303,1617,11324
1617,11968,1617,10686
1617,9716,1617,9637
1617,11708,1617,11685
1618,10459,1618,11481
1618,12755,1618,13242
1618,12272,1618,12425
1618,13321,1618,13580
1618,12784,1618,11761
1618,12221,1618,11834
1618,10839,1618,11608
1618,11839,1618,11121
1618,10227,1618,9945
1618,9967,1618,10427
1618,9022,1618,8075
1618,8640,1618,7947
1618,8124,1619,8049
1619,8716,1619,8023
1619,6694,1619,6565
1619,5975,1619,6052
1619,5851,1619,6081
1619,6180,1619,7662
1619,6668,1619,5871
1619,7126,1619,7282
1619,5774,1619,5925
1619,8100,1619,8486
1619,8303,1619,9404
1619,10121,1619,7871
1619,6611,1619,6050
1620,6078,1620,7075
1620,7665,1620,7127
1620,6080,1620,5412
1620,5054,1620,5136
1620,6593,1620,5977
1620,6437,1620,6541
1620,6588,1620,6949
1620,6745,1620,6130
1620,7026,1620,7538
1620,7975,1620,7456
1620,8179,1620,8201
1620,8334,1620,8485
1620,7974,1621,7588
1621,8615,1621,7612
1621,7458,1621,6719
1621,6132,1621,6334
1621,7281,1621,7538
1621,5925,1621,6412
1621,7897,1621,7975
1621,7720,1621,7665
1621,8867,1621,9021
1621,9253,1621,8206
1621,8127,1621,8280
1621,7537,1621,7947
1621,8229,1621,9277
1622,10126,1622,10432
1622,10843,1622,11710
1622,10200,1622,9634
1622,10533,1622,10560
1622,9684,1622,9737
1622,12042,1622,11406
1622,9536,1622,9636
1622,10658,1622,10555
1622,9150,1622,9048
1622,11507,1622,10512
1622,8945,1622,8588
1622,10047,1622,9200
1622,8152,1622,8688
1623,11428,1623,10891
1623,9765,1623,10252
1623,12016,1623,11966
1623,10610,1623,10429
1623,13116,1623,12939
1623,11581,1623,10250
1623,11374,1623,11735
1623,10405,1623,8717
1623,9511,1623,9714
1623,7871,1623,7797
1623,9430,1623,9202
1623,8768,1623,8305
1623,10204,1624,11632
1624,11247,1624,9994
1624,12095,1624,12758
1624,12045,1624,11147
1624,9919,1624,10224
1624,10785,1624,11275
1624,10658,1624,10247
1624,9535,1624,8586
1624,7921,1624,8896
1624,8303,1624,7718
1624,7200,1624,7002
1624,7309,1624,6797
1624,6055,1624,5849
1625,4953,1625,5232
1625,7460,1625,7053
1625,5748,1625,6030
1625,6439,1625,6465
1625,7612,1625,9123
1625,9228,1625,9279
1625,8126,1625,8099
1625,8201,1625,8149
1625,8689,1625,7844
1625,8126,1625,8180
1625,7817,1625,8588
1625,9069,1625,8178
1625,7105,1626,6436
1626,7823,1626,7385
1626,6668,1626,6208
1626,7208,1626,6979
1626,6415,1626,7259
1626,6182,1626,6259
1626,6974,1626,8100
1626,8330,1626,9405
1626,8640,1626,7975
1626,7924,1626,8511
1626,9021,1626,8968
1626,8766,1626,7152
1626,6311,1626,5593
1627,7434,1627,7487
1627,6537,1627,7359
1627,9972,1627,10022
1627,7590,1627,5950
1627,7921,1627,9635
1627,8614,1627,7638
1627,8510,1627,10301
1627,9663,1627,9250
1627,10455,1627,10637
1627,9433,1627,10583
1627,11889,1627,12043
1627,12042,1627,11326
1627,11455,1628,11738
1628,12097,1628,11071
1628,11019,1628,11123
1628,12937,1628,12197
1628,11738,1628,11636
1628,10787,1628,11120
1628,12069,1628,12222
1628,11400,1628,11939
1628,13602,1628,12808
1628,10940,1628,11559
1628,13836,1628,12251
1628,11459,1628,11632
1628,12378,1628,12398
1629,11532,1629,9898
1629,10990,1629,10941
1629,9559,1629,9690
1629,11202,1629,10637
1629,10122,1629,10963
1629,11915,1629,12401
1629,13347,1629,11580
1629,10685,1629,11454
1629,11095,1629,11405
1629,13323,1629,11634
1629,10252,1629,10048
1629,8663,1629,8458
1629,8099,1630,8435
1630,10044,1630,10478
1630,8382,1630,7052
1630,8538,1630,8483
1630,9354,1630,8614
1630,8435,1630,7662
1630,7766,1630,8410
1630,9253,1630,7511
1630,7563,1630,8051
1630,8099,1630,6821
1630,5418,1630,6490
1630,7665,1630,7976
1630,7003,1630,5723
1631,5799,1631,6081
1631,6134,1631,7180
1631,8025,1631,7203
1631,5489,1631,4979
1631,6748,1631,6901
1631,6081,1631,7077
1631,7846,1631,6233
1631,5848,1631,6152
1631,6972,1631,7820
1631,6667,1631,5158
1631,5820,1631,6614
1631,6386,1631,5902
1631,6491,1632,6283
1632,5901,1632,4928
1632,5954,1632,5211
1632,4262,1632,4824
1632,7205,1632,6590
1632,6565,1632,7259
1632,8150,1632,8152
1632,6951,1632,7384
1632,7565,1632,8404
1632,7644,1632,7821
1632,7999,1632,8027
1632,7281,1632,6592
1632,8997,1632,8765
1633,6668,1633,8430
1633,9380,1633,8202
1633,7257,1633,7973
1633,8176,1633,8202
1633,8282,1633,9714
1633,10634,1633,9892
1633,9741,1633,10431
1633,12244,1633,11556
1633,11248,1633,11173
1633,11349,1633,12912
1633,11737,1633,10558
1633,11940,1633,10943
1633,10764,1634,10865
1634,11658,1634,10532
1634,9226,1634,10100
1634,10126,1634,11708
1634,11401,1634,10022
1634,10148,1634,9662
1634,9281,1634,10074
1634,11812,1634,12219
1634,11097,1634,10558
1634,11021,1634,11533
1634,10173,1634,10432
1634,11070,1634,10865
1634,11891,1634,11221
1635,11943,1635,10739
1635,8895,1635,10505
1635,13245,1635,12733
1635,11940,1635,11069
1635,11172,1635,9612
1635,8995,1635,9123
1635,9203,1635,8381
1635,9226,1635,9354
1635,10480,1635,9611
1635,8690,1635,7358
1635,7459,1635,8407
1635,8102,1635,8842
1636,9179,1636,8792
1636,7795,1636,8254
1636,8182,1636,7591
1636,7232,1636,7769
1636,8791,1636,8124
1636,6871,1636,6747
1636,8101,1636,8615
1636,7513,1636,6231
1636,5570,1636,6666
1636,6644,1636,6847
1636,7719,1636,6592
1636,6846,1636,6332
1636,6614,1637,7027
1637,8229,1637,8332
1637,8436,1637,8407
1637,5799,1637,5955
1637,7128,1637,7206
1637,7157,1637,8226
1637,9281,1637,7947
1637,7712,1637,7128
1637,8122,1637,7997
1637,8204,1637,7381
1637,7590,1637,7310
1637,6333,1637,6359
1637,6464,1637,5978
1638,7592,1638,8254
1638,8945,1638,8460
1638,6359,1638,6363
1638,7562,1638,7694
1638,8230,1638,8051
1638,8692,1638,10277
1638,9739,1638,9356
1638,9712,1638,9558
1638,9406,1638,10300
1638,10246,1638,9102
1638,8893,1638,9073
1638,10201,1638,9252
1638,8872,1639,9532
1639,10531,1639,10557
1639,9892,1639,7407
1639,8740,1639,9099
1639,8388,1639,8232
1639,11225,1639,11302
1639,10328,1639,9994
1639,10382,1639,11021
1639,11093,1639,11379
1639,11326,1639,10328
1639,9253,1639,8995
1639,10226,1639,10637
1639,11355,1639,11659
1640,11634,1640,11020
1640,9767,1640,9332
1640,9582,1640,9125
1640,8743,1640,9228
1640,9993,1640,9534
1640,7897,1640,7975
1640,8052,1640,8590
1640,7819,1640,7180
1640,8767,1640,9380
1640,9588,1640,11710
1640,11146,1640,10121
1640,9817,1640,9793
1640,9843,1641,9102
1641,8663,1641,8487
1641,10123,1641,10176
1641,9380,1641,8101
1641,10607,1641,12095
1641,10045,1641,9585
1641,10098,1641,9049
1641,7817,1641,7358
1641,7510,1641,7873
1641,8052,1641,8305
1641,9640,1641,8844
1641,7153,1641,6899
1641,9272,1641,10226
1642,10482,1642,11552
1642,11428,1642,11503
1642,10276,1642,9889
1642,12605,1642,12781
1642,12447,1642,11966
1642,13039,1642,13526
1642,11917,1642,13780
1642,16543,1642,17031
1642,15292,1642,14679
1642,16599,1642,17930
1642,15497,1642,16086
1642,19057,1642,19236
1642,17365,1643,17673
1643,21636,1643,22767
1643,21355,1643,21690
1643,23304,1643,23355
1643,22922,1643,24148
1643,24200,1643,23302
1643,22664,1643,24225
1643,27784,1643,27810
1643,25221,1643,25169
1643,26530,1643,25992
1643,25097,1643,25475
1643,25430,1643,25762
1643,23947,1643,24247
1644,25532,1644,26223
1644,25197,1644,25662
1644,25354,1644,24356
1644,23894,1644,24687
1644,26559,1644,26866
1644,26505,1644,25810
1644,26710,1644,26811
1644,26507,1644,27909
1644,27939,1644,25357
1644,23892,1644,24148
1644,26044,1644,22918
1644,22614,1644,23740
1644,25200,1645,23767
1645,22817,1645,21872
1645,23278,1645,23125
1645,21590,1645,21437
1645,23662,1645,25279
1645,24992,1645,21770
1645,23639,1645,25331
1645,23742,1645,21922
1645,21489,1645,21488
1645,21282,1645,20260
1645,21130,1645,20284
1645,18468,1645,19925
1645,22054,1645,19873
1646,18879,1646,19697
1646,18878,1646,18469
1646,17266,1646,17959
1646,18265,1646,16706
1646,16290,1646,16215
1646,15910,1646,15757
1646,15700,1646,15140
1646,16060,1646,14447
1646,13702,1646,13248
1646,13530,1646,13552
1646,13659,1646,13709
1646,14194,1646,13500
1647,11709,1647,11864
1647,13630,1647,14296
1647,13350,1647,12195
1647,13063,1647,13710
1647,12425,1647,10761
1647,11094,1647,11351
1647,10737,1647,10096
1647,10713,1647,11223
1647,10582,1647,10304
1647,10586,1647,9970
1647,8999,1647,10150
1647,10710,1647,9713
1647,9737,1648,9328
1648,9382,1648,9840
1648,9022,1648,8331
1648,9715,1648,10224
1648,7383,1648,6131
1648,8434,1648,8508
1648,7333,1648,7666
1648,8613,1648,8124
1648,9071,1648,7486
1648,7793,1648,7818
1648,6667,1648,7536
1648,8435,1648,8408
1648,9837,1648,10740
1649,9866,1649,9050
1649,8000,1649,8715
1649,9637,1649,10274
1649,9049,1649,8610
1649,9566,1649,10764
1649,9559,1649,8231
1649,9613,1649,10250
1649,8308,1649,7488
1649,8356,1649,7692
1649,7178,1649,6741
1649,8304,1649,9816
1649,10788,1649,9789
1649,10993,1650,12736
1650,13784,1650,16420
1650,22566,1650,29608
1650,37313,1650,48032
1650,60454,1650,73457
1650,92528,1650,108831
1650,125543,1650,133454
1650,135142,1650,134424
1650,127768,1650,119705
1650,116765,1650,110590
1650,105577,1650,99921
1650,98695,1650,95288
1650,90018,1650,86738
1651,85639,1651,82747
1651,84946,1651,86739
1651,89323,1651,95752
1651,106937,1651,116817
1651,128924,1651,145108
1651,160672,1651,168168
1651,174337,1651,177076
1651,175617,1651,167086
1651,160565,1651,150632
1651,143339,1651,137572
1651,131689,1651,120685
1651,113824,1651,109653
1651,107754,1652,102479
1652,99336,1652,95214
1652,95368,1652,95236
1652,98849,1652,100692
1652,102634,1652,107220
1652,117382,1652,122991
1652,123648,1652,127381
1652,131176,1652,123597
1652,113870,1652,108290
1652,111541,1652,107673
1652,98745,1652,91139
1652,85198,1652,80644
1652,79574,1653,78136
1653,76858,1653,74580
1653,72297,1653,68666
1653,67744,1653,66134
1653,65363,1653,67668
1653,70331,1653,69743
1653,68897,1653,69456
1653,68742,1653,64334
1653,61032,1653,57708
1653,55837,1653,52540
1653,48494,1653,45167
1653,45808,1653,42660
1653,39638,1653,37305
1654,39176,1654,38256
1654,37999,1654,35410
1654,36414,1654,37412
1654,40356,1654,38202
1654,35619,1654,34930
1654,34956,1654,34389
1654,32928,1654,31034
1654,28424,1654,27527
1654,28908,1654,26199
1654,22310,1654,22357
1654,24407,1654,23665
1654,21155,1654,19156
1654,21411,1655,23203
1655,23584,1655,22765
1655,23200,1655,22356
1655,21847,1655,22054
1655,23714,1655,22766
1655,21335,1655,21642
1655,22051,1655,21208
1655,20898,1655,19180
1655,18497,1655,17086
1655,16138,1655,16880
1655,17160,1655,16164
1655,14322,1655,13678
1655,14580,1655,15116
1656,14963,1656,14194
1656,14142,1656,13195
1656,13452,1656,12605
1656,13757,1656,14552
1656,14961,1656,15857
1656,17213,1656,16496
1656,15294,1656,13677
1656,14164,1656,13887
1656,14705,1656,14294
1656,17340,1656,17830
1656,16343,1656,15548
1656,15963,1656,15036
1656,14552,1657,15804
1657,16442,1657,14015
1657,13427,1657,13248
1657,14018,1657,14910
1657,12989,1657,13450
1657,15757,1657,15984
1657,13988,1657,14804
1657,17645,1657,17856
1657,16188,1657,16036
1657,16626,1657,16551
1657,15089,1657,14963
1657,15577,1657,15677
1657,14527,1658,12299
1658,14267,1658,13451
1658,11325,1658,11020
1658,11762,1658,12147
1658,10200,1658,10612
1658,12094,1658,11481
1658,11067,1658,12479
1658,12504,1658,12555
1658,10989,1658,11019
1658,12937,1658,13349
1658,12170,1658,10892
1658,11379,1658,13809
1658,13372,1658,12452
1659,13011,1659,12813
1659,12121,1659,13373
1659,14807,1659,13044
1659,11528,1659,11017
1659,11634,1659,11092
1659,9249,1659,10198
1659,9816,1659,8511
1659,7715,1659,9302
1659,10429,1659,10301
1659,8767,1659,9048
1659,9485,1659,8229
1659,7588,1659,8253
1659,9327,1660,10101
1660,9200,1660,10072
1660,12222,1660,10890
1660,8174,1660,8637
1660,9766,1660,9866
1660,10049,1660,10762
1660,11530,1660,9788
1660,10995,1660,10330
1660,9074,1660,8459
1660,8152,1660,7845
1660,10278,1660,9101
1660,7562,1660,6590
1660,8461,1660,8281
1661,8128,1661,8793
1661,9536,1661,10253
1661,9434,1661,8104
1661,9866,1661,9714
1661,9841,1661,10889
1661,11531,1661,10048
1661,9275,1661,9997
1661,10633,1661,10479
1661,7897,1661,8898
1661,9484,1661,9099
1661,8537,1661,8561
1661,8560,1661,8024
1661,9483,1662,10763
1662,10354,1662,9944
1662,8100,1662,8254
1662,9228,1662,9125
1662,8588,1662,10635
1662,11789,1662,10556
1662,11149,1662,12534
1662,13783,1662,12934
1662,11071,1662,10737
1662,12427,1662,12196
1662,10407,1662,11225
1662,12761,1662,12140
1662,10124,1663,10714
1663,12604,1663,12245
1663,9765,1663,9557
1663,10636,1663,8971
1663,8206,1663,8871
1663,10174,1663,10457
1663,9508,1663,8972
1663,9122,1663,10302
1663,10510,1663,10839
1663,12737,1663,12555
1663,11300,1663,11122
1663,11811,1663,11864
1663,10377,1663,9790
1664,10789,1664,10663
1664,9076,1664,8512
1664,9995,1664,9175
1664,8331,1664,8895
1664,8997,1664,8384
1664,8611,1664,8638
1664,9895,1664,10096
1664,8431,1664,7844
1664,9766,1664,8436
1664,8562,1664,9327
1664,8408,1664,7279
1664,7565,1664,8077
1664,9458,1665,9943
1665,8206,1665,7870
1665,9429,1665,8816
1665,7895,1665,7437
1665,8382,1665,8253
1665,5158,1665,6212
1665,8999,1665,8997
1665,6745,1665,6106
1665,6847,1665,7381
1665,6642,1665,6335
1665,7947,1665,8360
1665,6795,1665,6230
1665,8204,1666,8278
1666,7052,1666,7768
1666,9507,1666,9664
1666,6872,1666,6539
1666,8893,1666,9484
1666,7028,1666,6005
1666,8178,1666,8999
1666,7792,1666,7481
1666,7638,1666,8254
1666,8232,1666,7209
1666,7332,1666,7106
1666,8484,1666,8230
1666,8664,1666,9407
1667,8611,1667,8304
1667,9300,1667,9763
1667,9224,1667,10304
1667,10638,1667,9790
1667,9711,1667,10456
1667,11045,1667,11019
1667,9483,1667,9919
1667,11274,1667,10610
1667,9200,1667,8561
1667,9203,1667,8994
1667,8383,1667,8179
1667,8794,1667,8334
1667,7335,1668,6822
1668,7997,1668,9146
1668,7898,1668,7384
1668,8690,1668,8971
1668,9359,1668,10354
1668,12223,1668,11379
1668,9967,1668,9048
1668,10994,1668,11686
1668,10326,1668,9174
1668,10331,1668,10634
1668,10429,1668,10912
1668,11863,1668,11786
1668,11197,1668,11686
1669,12348,1669,11247
1669,10690,1669,11330
1669,10711,1669,9328
1669,9302,1669,9049
1669,9561,1669,8177
1669,7485,1669,8484
1669,9483,1669,10099
1669,9867,1669,8533
1669,8790,1669,9205
1669,7716,1669,8285
1669,10125,1669,9639
1669,8585,1669,8155
1670,9333,1670,9409
1670,8381,1670,9200
1670,10761,1670,9155
1670,6898,1670,6924
1670,8202,1670,8459
1670,6336,1670,7661
1670,8204,1670,8002
1670,7307,1670,7100
1670,9229,1670,9254
1670,7489,1670,7259
1670,9308,1670,9764
1670,9255,1670,7389
1670,7922,1671,8794
1671,8254,1671,7075
1671,8330,1671,9098
1671,8664,1671,7462
1671,7794,1671,7925
1671,6794,1671,6721
1671,7489,1671,7309
1671,6238,1671,5899
1671,6846,1671,6796
1671,6055,1671,5207
1671,6101,1671,6361
1671,6847,1671,6229
1671,7229,1671,7667
1672,7920,1672,7130
1672,7616,1672,7230
1672,6666,1672,5389
1672,7205,1672,9096
1672,8817,1672,7256
1672,7180,1672,6542
1672,6516,1672,7794
1672,8383,1672,7638
1672,6515,1672,6691
1672,8563,1672,7358
1672,6207,1672,6720
1672,8283,1672,7027
1673,5416,1673,6846
1673,7489,1673,7077
1673,7873,1673,8488
1673,7897,1673,7565
1673,6873,1673,8047
1673,8663,1673,7694
1673,7742,1673,7842
1673,7688,1673,6901
1673,7129,1673,7050
1673,7691,1673,6926
1673,7487,1673,7997
1673,8586,1673,9024
1673,8689,1674,8278
1674,8385,1674,8613
1674,8255,1674,8049
1674,9434,1674,8972
1674,8584,1674,9664
1674,11355,1674,10531
1674,10357,1674,10764
1674,11277,1674,9919
1674,8845,1674,9403
1674,10683,1674,9332
1674,8409,1674,9404
1674,10174,1674,10969
1674,9227,1674,8639
1675,9409,1675,8407
1675,8178,1675,8918
1675,9073,1675,7949
1675,8740,1675,8354
1675,9256,1675,10222
1675,8997,1675,7975
1675,7589,1675,7612
1675,6744,1675,7589
1675,9252,1675,8765
1675,8461,1675,8585
1675,8588,1675,6820
1675,7156,1675,7334
1676,7079,1676,7077
1676,7616,1676,7671
1676,7744,1676,8028
1676,6870,1676,6260
1676,8151,1676,8794
1676,8228,1676,9122
1676,8024,1676,7329
1676,7485,1676,8408
1676,8460,1676,7335
1676,7384,1676,8434
1676,8280,1676,7743
1676,7056,1676,7132
1676,7821,1677,8128
1677,7359,1677,7204
1677,8308,1677,8433
1677,6846,1677,6385
1677,9051,1677,8257
1677,6232,1677,6490
1677,7565,1677,7587
1677,6614,1677,6412
1677,6336,1677,6951
1677,6234,1677,5593
1677,7356,1677,7206
1677,7131,1677,7155
1677,7921,1677,7026
1678,6593,1678,7641
1678,9278,1678,8255
1678,7486,1678,7487
1678,8743,1678,9916
1678,8536,1678,7051
1678,7486,1678,6565
1678,6435,1678,7207
1678,8457,1678,8563
1678,7179,1678,7564
1678,8871,1678,8793
1678,7409,1678,5847
1678,6256,1678,7999
1679,7334,1679,6770
1679,7719,1679,7410
1679,7615,1679,8897
1679,10071,1679,9277
1679,7078,1679,6745
1679,7823,1679,7438
1679,7336,1679,8641
1679,9178,1679,7536
1679,6720,1679,8921
1679,9893,1679,8282
1679,7313,1679,7643
1679,8691,1679,8687
1679,8436,1680,7740
1680,7898,1680,9100
1680,7666,1680,7387
1680,7567,1680,8920
1680,9101,1680,9021
1680,9276,1680,9049
1680,8766,1680,7690
1680,7918,1680,9663
1680,9173,1680,8714
1680,10249,1680,9658
1680,8252,1680,9254
1680,9460,1680,8972
1680,9046,1681,8355
1681,7254,1681,7561
1681,7716,1681,7023
1681,7845,1681,7643
1681,7639,1681,7234
1681,9202,1681,10917
1681,9456,1681,9230
1681,9868,1681,10226
1681,8894,1681,8559
1681,9300,1681,7586
1681,5696,1681,6005
1681,7668,1681,7230
1681,6307,1681,7155
1682,8203,1682,7792
1682,5334,1682,4981
1682,7132,1682,7745
1682,6588,1682,6873
1682,8847,1682,9024
1682,6746,1682,6719
1682,7051,1682,7308
1682,6335,1682,6823
1682,7769,1682,7282
1682,6413,1682,7411
1682,7819,1682,7869
1682,6772,1682,7558
1682,8125,1683,8589
1683,7641,1683,6259
1683,6542,1683,6874
1683,6770,1683,7331
1683,7284,1683,7535
1683,6641,1683,6105
1683,6876,1683,6952
1683,5669,1683,6771
1683,8843,1683,7792
1683,7132,1683,6182
1683,6922,1683,7795
1683,7385,1683,7691
1683,8156,1684,8640
1684,8125,1684,9229
1684,9049,1684,9485
1684,7845,1684,7872
1684,9096,1684,8460
1684,6844,1684,7895
1684,9792,1684,9202
1684,8333,1684,8205
1684,7767,1684,7101
1684,7333,1684,7513
1684,7822,1684,8330
1684,7845,1684,8230
1684,8178,1684,6644
1685,6233,1685,6693
1685,8841,1685,8660
1685,8434,1685,8181
1685,9766,1685,11378
1685,9765,1685,8512
1685,9998,1685,9919
1685,7486,1685,8073
1685,10096,1685,10076
1685,8742,1685,8102
1685,8713,1685,9257
1685,8972,1685,9249
1685,9252,1685,9640
1686,8897,1686,8999
1686,8437,1686,7081
1686,6977,1686,8001
1686,8740,1686,9101
1686,9022,1686,8616
1686,9456,1686,10842
1686,9997,1686,10123
1686,9406,1686,9126
1686,8922,1686,7515
1686,7768,1686,7385
1686,9253,1686,8228
1686,7770,1686,8843
1686,7409,1687,6617
1687,8077,1687,9075
1687,8101,1687,7309
1687,7306,1687,8486
1687,8408,1687,7541
1687,7413,1687,7027
1687,6205,1687,7076
1687,7950,1687,7409
1687,7077,1687,6641
1687,7053,1687,7617
1687,7614,1687,7207
1687,7767,1687,8459
1687,9000,1687,7898
1688,8077,1688,6409
1688,5363,1688,6615
1688,8127,1688,6644
1688,6029,1688,7462
1688,8715,1688,7893
1688,6540,1688,7589
1688,8053,1688,8001
1688,6620,1688,7563
1688,8867,1688,7717
1688,5951,1688,6358
1688,9049,1688,7922
1688,6691,1688,8713
1689,8201,1689,7358
1689,5619,1689,5592
1689,6207,1689,6615
1689,5620,1689,6797
1689,6878,1689,6516
1689,5720,1689,5770
1689,6464,1689,7079
1689,6669,1689,6899
1689,8332,1689,7614
1689,6950,1689,5568
1689,6360,1689,7767
1689,7768,1689,7331
1689,7383,1690,7030
1690,7230,1690,8946
1690,9455,1690,7360
1690,5669,1690,6055
1690,8074,1690,8844
1690,7843,1690,7642
1690,7769,1690,8104
1690,7156,1690,7488
1690,9560,1690,9536
1690,7718,1690,5947
1690,6663,1690,6897
1690,6796,1690,8408
1690,8434,1691,6924
1691,7337,1691,8153
1691,9049,1691,9561
1691,9587,1691,10329
1691,10713,1691,9330
1691,8233,1691,8666
1691,9636,1691,8740
1691,9022,1691,9483
1691,9918,1691,8663
1691,7768,1691,7822
1691,9279,1691,9812
1691,9100,1691,8384
1691,9841,1691,11378
1692,9998,1692,8386
1692,9072,1692,9176
1692,8613,1692,9020
1692,9482,1692,9763
1692,9660,1692,9102
1692,9101,1692,10560
1692,9458,1692,10430
1692,11504,1692,11224
1692,9945,1692,9584
1692,10532,1692,10399
1692,8820,1692,7180
1692,7433,1692,9098
1693,7410,1693,7308
1693,8897,1693,8895
1693,7410,1693,8613
1693,11248,1693,11171
1693,9227,1693,8150
1693,10197,1693,10354
1693,8943,1693,9406
1693,11019,1693,8893
1693,7230,1693,7715
1693,8892,1693,8509
1693,9456,1693,10097
1693,10303,1693,9586
1693,7536,1694,7871
1694,8049,1694,8819
1694,9177,1694,9429
1694,9460,1694,8947
1694,7505,1694,7873
1694,8352,1694,9022
1694,9683,1694,9431
1694,10328,1694,9890
1694,9328,1694,9406
1694,9845,1694,9713
1694,8998,1694,9251
1694,10199,1694,8946
1694,7844,1695,8024
1695,10379,1695,10176
1695,8151,1695,7923
1695,8994,1695,9919
1695,9305,1695,9712
1695,10096,1695,9404
1695,8999,1695,7743
1695,8616,1695,8202
1695,7843,1695,7998
1695,8975,1695,8075
1695,6823,1695,7127
1695,9301,1695,11199
1695,10482,1695,8358
1696,10125,1696,9637
1696,8333,1696,8381
1696,8872,1696,8228
1696,8513,1696,9687
1696,12015,1696,11356
1696,9535,1696,9841
1696,10786,1696,10762
1696,9971,1696,10456
1696,11092,1696,9151
1696,8127,1696,8178
1696,8970,1696,8869
1696,8767,1696,9408
1697,8894,1697,9175
1697,9383,1697,7818
1697,8025,1697,8669
1697,10198,1697,9867
1697,8895,1697,8641
1697,8845,1697,8996
1697,10250,1697,10559
1697,8893,1697,8127
1697,9895,1697,10480
1697,9510,1697,9562
1697,9175,1697,7872
1697,9100,1697,8975
1697,8717,1698,9483
1698,8766,1698,8717
1698,10252,1698,9253
1698,8789,1698,7923
1698,7794,1698,7180
1698,8178,1698,8920
1698,9792,1698,9841
1698,8151,1698,6719
1698,8128,1698,8919
1698,8101,1698,7719
1698,9123,1698,10740
1698,9125,1698,7720
1698,8381,1699,8769
1699,7717,1699,7614
1699,8690,1699,9766
1699,8842,1699,8335
1699,9563,1699,8818
1699,6512,1699,6413
1699,7538,1699,7643
1699,7742,1699,8304
1699,9125,1699,7689
1699,6541,1699,6970
1699,7822,1699,7026
1699,6843,1699,6693
1699,8845,1699,9379
1700,8842,1700,8918
1700,9768,1700,9101
1700,7666,1700,8561
1700,10404,1700,10813
1700,11376,1700,12579
1700,12553,1700,11966
1700,11019,1700,11633
1700,11759,1700,11631
1700,11118,1700,11403
1700,12912,1700,14087
1700,13502,1700,11887
1700,12195,1700,13066
1701,13091,1701,12501
1701,14701,1701,14245
1701,14295,1701,13268
1701,13067,1701,13065
1701,13222,1701,13914
1701,13860,1701,14450
1701,14577,1701,13040
1701,13194,1701,13039
1701,12628,1701,14243
1701,14908,1701,14702
1701,14755,1701,15342
1701,15057,1701,13860
1701,14447,1702,14443
1702,15909,1702,15748
1702,14421,1702,12374
1702,14039,1702,15115
1702,13833,1702,11813
1702,15114,1702,16884
1702,16572,1702,17495
1702,18186,1702,16519
1702,14346,1702,14273
1702,16242,1702,15164
1702,13707,1702,14372
1702,15721,1702,14419
1702,13728,1703,13683
1703,15419,1703,14093
1703,12270,1703,12684
1703,14369,1703,15037
1703,14477,1703,13707
1703,14834,1703,13016
1703,12173,1703,12426
1703,14063,1703,13733
1703,14089,1703,14295
1703,15011,1703,14758
1703,13888,1703,13834
1703,13781,1703,12557
1703,12225,1703,12041
1704,13217,1704,12912
1704,11149,1704,10200
1704,11557,1704,10122
1704,9662,1704,9662
1704,9968,1704,9639
1704,9687,1704,11147
1704,12096,1704,12399
1704,11454,1704,11554
1704,13473,1704,12295
1704,10888,1704,10148
1704,11045,1704,9893
1704,9278,1704,9559
1705,9920,1705,9223
1705,9892,1705,9303
1705,9279,1705,8872
1705,8358,1705,7667
1705,9205,1705,9101
1705,8846,1705,8920
1705,9891,1705,8866
1705,8917,1705,7974
1705,7846,1705,7997
1705,8230,1705,8154
1705,9279,1705,9073
1705,9763,1705,10607
1706,9558,1706,8308
1706,7870,1706,8762
1706,10400,1706,10201
1706,8820,1706,8460
1706,10407,1706,10993
1706,8306,1706,7921
1706,9765,1706,11097
1706,9202,1706,7667
1706,7666,1706,8052
1706,9073,1706,10813
1706,11708,1706,11429
1706,9740,1706,8330
1706,8613,1707,7870
1707,8921,1707,10967
1707,11660,1707,10071
1707,8718,1707,8641
1707,9819,1707,9895
1707,9124,1707,8820
1707,9150,1707,8947
1707,8692,1707,8408
1707,10455,1707,10558
1707,8436,1707,8025
1707,9559,1707,9764
1707,8921,1707,6589
1707,8128,1708,10913
1708,9947,1708,9866
1708,12221,1708,11502
1708,9533,1708,10942
1708,12479,1708,12273
1708,14217,1708,16804
1708,18057,1708,19158
1708,19620,1708,19202
1708,20202,1708,20689
1708,19030,1708,18493
1708,20641,1708,18747
1708,16114,1708,14138
1708,15470,1708,15857
1709,16446,1709,16116
1709,17316,1709,16447
1709,15013,1709,18056
1709,20746,1709,20671
1709,21565,1709,22742
1709,23868,1709,25712
1709,27195,1709,26399
1709,27983,1709,26553
1709,23380,1709,23584
1709,24149,1709,24123
1709,22100,1709,19949
1709,22360,1709,21028
1710,19131,1710,18928
1710,18902,1710,19646
1710,19565,1710,18774
1710,22485,1710,21949
1710,19950,1710,22055
1710,24482,1710,24276
1710,24100,1710,23019
1710,22839,1710,20869
1710,20261,1710,19847
1710,19875,1710,19747
1710,19900,1710,18285
1710,17931,1710,18492
1711,18901,1711,18443
1711,17749,1711,16190
1711,15599,1711,15243
1711,16879,1711,17776
1711,17316,1711,16703
1711,16727,1711,16625
1711,17650,1711,17162
1711,16033,1711,14932
1711,14732,1711,14243
1711,15681,1711,13787
1711,12093,1711,12350
1711,13167,1711,12552
1711,11579,1712,12706
1712,14296,1712,13914
1712,12604,1712,11045
1712,12939,1712,13298
1712,11941,1712,12019
1712,13194,1712,13119
1712,12351,1712,12095
1712,13120,1712,11865
1712,12196,1712,12533
1712,13143,1712,12786
1712,12067,1712,11072
1712,10916,1712,10942
1712,11942,1713,12348
1713,12017,1713,11070
1713,10094,1713,10407
1713,11863,1713,11915
1713,11278,1713,9998
1713,10737,1713,11532
1713,10711,1713,10151
1713,10045,1713,10788
1713,11658,1713,12402
1713,12554,1713,11019
1713,10022,1713,10786
1713,12274,1713,12122
1713,11171,1713,9971
1714,11275,1714,11094
1714,9432,1714,10197
1714,12476,1714,12403
1714,10484,1714,10249
1714,11531,1714,11020
1714,9328,1714,8277
1714,9253,1714,9254
1714,8919,1714,8484
1714,10455,1714,10252
1714,8870,1714,9203
1714,10041,1714,9662
1714,8794,1714,10484
1715,12122,1715,10532
1715,8741,1715,8049
1715,9583,1715,9790
1715,9409,1715,9664
1715,10355,1715,10229
1715,10152,1715,9661
1715,9177,1715,9177
1715,8409,1715,9153
1715,10864,1715,9868
1715,9124,1715,10378
1715,12250,1715,11483
1715,10281,1715,10711
1716,10944,1716,10222
1716,10075,1716,8565
1716,9306,1716,9994
1716,9354,1716,9378
1716,10536,1716,10403
1716,9536,1716,7818
1716,7847,1716,8411
1716,8561,1716,7612
1716,7869,1716,8182
1716,8718,1716,7999
1716,8283,1716,8868
1716,9356,1716,8997
1716,9048,1717,8614
1717,8103,1717,7640
1717,9023,1717,8539
1717,9228,1717,9660
1717,9072,1717,7356
1717,7896,1717,8871
1717,9404,1717,9790
1717,10152,1717,8105
1717,8589,1717,10456
1717,9896,1717,9790
1717,9381,1717,9840
1717,10613,1717,9328
1717,8611,1718,9434
1718,9997,1718,11738
1718,11248,1718,8996
1718,9894,1718,9175
1718,9097,1718,9715
1718,9918,1718,10713
1718,10814,1718,10150
1718,12095,1718,11758
1718,10714,1718,10455
1718,9174,1718,9276
1718,9739,1718,9814
1718,9329,1718,9306
1718,9151,1719,7717
1719,7770,1719,9332
1719,10404,1719,9253
1719,8561,1719,9256
1719,12194,1719,11891
1719,9716,1719,10636
1719,11401,1719,10661
1719,8254,1719,8637
1719,8894,1719,9871
1719,10174,1719,10277
1719,9970,1719,9995
1719,10739,1719,10943
1719,10914,1719,10122
1720,9178,1720,9613
1720,10020,1720,9816
1720,8510,1720,8788
1720,11607,1720,11936
1720,11092,1720,11379
1720,12271,1720,11117
1720,9714,1720,10226
1720,11582,1720,11861
1720,11862,1720,12375
1720,13089,1720,13242
1720,12402,1720,10916
1720,11224,1720,10893
1721,9154,1721,8203
1721,9892,1721,11202
1721,11121,1721,9968
1721,11942,1721,11891
1721,11531,1721,11660
1721,12069,1721,11480
1721,10403,1721,11788
1721,11866,1721,10632
1721,10581,1721,11402
1721,11228,1721,9230
1721,8101,1721,9232
1721,8816,1721,8283
1722,9074,1722,8227
1722,9021,1722,9842
1722,9277,1722,8383
1722,10100,1722,10666
1722,9946,1722,9662
1722,10610,1722,10787
1722,8226,1722,8256
1722,9380,1722,8944
1722,8612,1722,9894
1722,10865,1722,9867
1722,8025,1722,7899
1722,9125,1722,8922
1722,7128,1723,6538
1723,8152,1723,9253
1723,8818,1723,8126
1723,8847,1723,9923
1723,9970,1723,9329
1723,10278,1723,10150
1723,8462,1723,7003
1723,8333,1723,8256
1723,7566,1723,6234
1723,7742,1723,8972
1723,10381,1723,10970
1723,10200,1723,9073
1723,8333,1724,8538
1724,9357,1724,8489
1724,7461,1724,8483
1724,8616,1724,7896
1724,7667,1724,7616
1724,7972,1724,8970
1724,7922,1724,8662
1724,9946,1724,9046
1724,7178,1724,7284
1724,7770,1724,8846
1724,8998,1724,9403
1724,9691,1724,7997
1724,6438,1725,8153
1725,9640,1725,8870
1725,7231,1725,7460
1725,8692,1725,8842
1725,8485,1725,8461
1725,9225,1725,9180
1725,9202,1725,8462
1725,7592,1725,8482
1725,7232,1725,8357
1725,9252,1725,8895
1725,8307,1725,8149
1725,8840,1725,9124
1725,8975,1725,7972
1726,8765,1726,8456
1726,7407,1726,8795
1726,10176,1726,9255
1726,8716,1726,9302
1726,11171,1726,10685
1726,8845,1726,10175
1726,11274,1726,10251
1726,9150,1726,9741
1726,10707,1726,9712
1726,10076,1726,9686
1726,8153,1726,8998
1726,7795,1726,7152
1727,9126,1727,9484
1727,7279,1727,7483
1727,9610,1727,10687
1727,9332,1727,8454
1727,9071,1727,8229
1727,6820,1727,8023
1727,9048,1727,8127
1727,7077,1727,8486
1727,9922,1727,10894
1727,10354,1727,10151
1727,10507,1727,9406
1727,8051,1727,7206
1728,9635,1728,10019
1728,8741,1728,9510
1728,9789,1728,8612
1728,7821,1728,8483
1728,9329,1728,9051
1728,7051,1728,7410
1728,9404,1728,8868
1728,8509,1728,8227
1728,9302,1728,9024
1728,8331,1728,7741
1728,8869,1728,7898
1728,6823,1728,6618
1729,6822,1729,7205
1729,7589,1729,9252
1729,10125,1729,9560
1729,8333,1729,8179
1729,10279,1729,11197
1729,8179,1729,7154
1729,8071,1729,8917
1729,8767,1729,7872
1729,8306,1729,8660
1729,7845,1729,8177
1729,8587,1729,7356
1729,6744,1729,6541
1729,8231,1730,8793
1730,7435,1730,7946
1730,9050,1730,8536
1730,7102,1730,8176
1730,7845,1730,8231
1730,8561,1730,7793
1730,9074,1730,8870
1730,8585,1730,8971
1730,8355,1730,7921
1730,8151,1730,8510
1730,9945,1730,8764
1730,7306,1730,7026
1730,7460,1731,8459
1731,8407,1731,6615
1731,8690,1731,9276
1731,7894,1731,7845
1731,9433,1731,9175
1731,8691,1731,9660
1731,11094,1731,9459
1731,7897,1731,8250
1731,9634,1731,7258
1731,6846,1731,7872
1731,10018,1731,7945
1731,5847,1731,7462
1731,8253,1732,7591
1732,7510,1732,8738
1732,9534,1732,8204
1732,7180,1732,8280
1732,8870,1732,8563
1732,7796,1732,6850
1732,8638,1732,8743
1732,7207,1732,7689
1732,9585,1732,9229
1732,7308,1732,7309
1732,9329,1732,9508
1732,9045,1732,9431
1732,9200,1733,8433
1733,8921,1733,9352
1733,9613,1733,8868
1733,8564,1733,10044
1733,10657,1733,10071
1733,10792,1733,11326
1733,9228,1733,9045
1733,9458,1733,7919
1733,8792,1733,9046
1733,7793,1733,6904
1733,9328,1733,8719
1733,6437,1733,6695
1733,8024,1733,8640
1734,8025,1734,8200
1734,8969,1734,8662
1734,8073,1734,7870
1734,8844,1734,8716
1734,7435,1734,7591
1734,8488,1734,8023
1734,7383,1734,8690
1734,9228,1734,7821
1734,8793,1734,8226
1734,8871,1734,7947
1734,6850,1734,7565
1734,8666,1734,8153
1735,7027,1735,7745
1735,7998,1735,8103
1735,8590,1735,6720
1735,6595,1735,6745
1735,7461,1735,7129
1735,7512,1735,7029
1735,6464,1735,6695
1735,7309,1735,6458
1735,7486,1735,8768
1735,8511,1735,7664
1735,6976,1735,6543
1735,7619,1735,8434
1736,8074,1736,8538
1736,9432,1736,8690
1736,8585,1736,9757
1736,9891,1736,9507
1736,9403,1736,9686
1736,9941,1736,9869
1736,9178,1736,8919
1736,10276,1736,8946
1736,7001,1736,8336
1736,10792,1736,9435
1736,7283,1736,7433
1736,8968,1736,8279
1737,7438,1737,6616
1737,7846,1737,9175
1737,9843,1737,8686
1737,8974,1737,9000
1737,9378,1737,8946
1737,7743,1737,6869
1737,7846,1737,7973
1737,8308,1737,7714
1737,6893,1737,7153
1737,7767,1737,8230
1737,6974,1737,6180
1737,8102,1737,8715
1738,9327,1738,11405
1738,9967,1738,8230
1738,9050,1738,9202
1738,10356,1738,9965
1738,9893,1738,10713
1738,12324,1738,11481
1738,9890,1738,8920
1738,8026,1738,8102
1738,8277,1738,9279
1738,10685,1738,10151
1738,8769,1738,8077
1738,7948,1738,9125
1738,7542,1739,8180
1739,8948,1739,8021
1739,8943,1739,9560
1739,8380,1739,8537
1739,7666,1739,7974
1739,8484,1739,8126
1739,8410,1739,9228
1739,9765,1739,9840
1739,8664,1739,7820
1739,7821,1739,8255
1739,7818,1739,7948
1739,9227,1739,8380
1739,6978,1740,7437
1740,8177,1740,6542
1740,6486,1740,7074
1740,8638,1740,7950
1740,5979,1740,7740
1740,10044,1740,9586
1740,8590,1740,7180
1740,8282,1740,7181
1740,6745,1740,8178
1740,8304,1740,8051
1740,8308,1740,8077
1740,9102,1740,7567
1740,7332,1741,8074
1741,8459,1741,7384
1741,5901,1741,6617
1741,7410,1741,7208
1741,6872,1741,8100
1741,8613,1741,7976
1741,7666,1741,7023
1741,7616,1741,8306
1741,9407,1741,10067
1741,8819,1741,6951
1741,6156,1741,6514
1741,7460,1741,6488
1741,5646,1742,6720
1742,8231,1742,8179
1742,7230,1742,7769
1742,8485,1742,10276
1742,10507,1742,9403
1742,9818,1742,8508
1742,9587,1742,10840
1742,11786,1742,10070
1742,9814,1742,10073
1742,11838,1742,10941
1742,9277,1742,9818
1742,10713,1742,9664
1742,7667,1743,8179
1743,9588,1743,8488
1743,6999,1743,8204
1743,10023,1743,9023
1743,8277,1743,8104
1743,9169,1743,9946
1743,9582,1743,10814
1743,11222,1743,11453
1743,11480,1743,10249
1743,9686,1743,9891
1743,8970,1743,9740
1743,11275,1743,11043
1743,10453,1743,10017
1744,9996,1744,9611
1744,10277,1744,10559
1744,9206,1744,7743
1744,8053,1744,8282
1744,9869,1744,11431
1744,11070,1744,11119
1744,11273,1744,9969
1744,8637,1744,7845
1744,8662,1744,8409
1744,8741,1744,9868
1744,11607,1744,11477
1744,9125,1744,9255
1745,10582,1745,9460
1745,9075,1745,9127
1745,7741,1745,8333
1745,9048,1745,8715
1745,9047,1745,10431
1745,9304,1745,8198
1745,9278,1745,9175
1745,8584,1745,7536
1745,7997,1745,8587
1745,7923,1745,7049
1745,8076,1745,8181
1745,7715,1745,7870
1746,7129,1746,7359
1746,7126,1746,8306
1746,9815,1746,10251
1746,8971,1746,8972
1746,10534,1746,9147
1746,8538,1746,7768
1746,9277,1746,9895
1746,7512,1746,6333
1746,8330,1746,10840
1746,9250,1746,8150
1746,9483,1746,8894
1746,7461,1746,7511
1747,9150,1747,8896
1747,6976,1747,6257
1747,7486,1747,7999
1747,7490,1747,7895
1747,9202,1747,9563
1747,7898,1747,8587
1747,8256,1747,7995
1747,7486,1747,8079
1747,10046,1747,9663
1747,8589,1747,8148
1747,9047,1747,7462
1747,6645,1747,6951
1748,7970,1748,8174
1748,6923,1748,6493
1748,9711,1748,9814
1748,9098,1748,8588
1748,8765,1748,7613
1748,6080,1748,6848
1748,8176,1748,7180
1748,7384,1748,8072
1748,10016,1748,8973
1748,8410,1748,8229
1748,9304,1748,8717
1748,9024,1748,8303
1749,8356,1749,9077
1749,8354,1749,7739
1749,9302,1749,10175
1749,8740,1749,8077
1749,9228,1749,8844
1749,8867,1749,8869
1749,9453,1749,9380
1749,8329,1749,9352
1749,9786,1749,9788
1749,8256,1749,7565
1749,8306,1749,8559
1749,7869,1749,9023
1750,9639,1750,8974
1750,8407,1750,8387
1750,9894,1750,10384
1750,8280,1750,8540
1750,10684,1750,9663
1750,8256,1750,7868
1750,10352,1750,10761
1750,9279,1750,9764
1750,10147,1750,9893
1750,8507,1750,8304
1750,8508,1750,7587
1750,8842,1750,9995
1750,10505,1751,9608
1751,7666,1751,8920
1751,11940,1751,10991
1751,9588,1751,8102
1751,10076,1751,9535
1751,8283,1751,8102
1751,9120,1751,8972
1751,8816,1751,10072
1751,10764,1751,10970
1751,10228,1751,8280
1751,8792,1751,10349
1751,8486,1751,7485
1751,8179,1752,8432
1752,7644,1752,7080
1752,7461,1752,8229
1752,8843,1752,7819
1752,10020,1752,9205
1752,9023,1752,9358
1752,9101,1752,8154
1752,8408,1752,9482
1752,9229,1752,7413
1752,6641,1752,7301
1752,9022,1752,9329
1752,8074,1752,7643
1752,8896,1753,8586
1753,7922,1753,6513
1753,7769,1753,7694
1753,8025,1753,8922
1753,8924,1753,7589
1753,7255,1753,7385
1753,8362,1753,8050
1753,7819,1753,7155
1753,7893,1753,7770
1753,7791,1753,7817
1753,9560,1753,9278
1753,9102,1753,8711
1753,8999,1754,8098
1754,7894,1754,8280
1754,8690,1754,7356
1754,6743,1754,5645
1754,6514,1754,7105
1754,6897,1754,7232
1754,8641,1754,7791
1754,8509,1754,9069
1754,8867,1754,9251
1754,8973,1754,8309
1754,9302,1754,9152
1754,8024,1754,7821
1754,8817,1755,8486
1755,8050,1755,6690
1755,7178,1755,8537
1755,9127,1755,7409
1755,6871,1755,8661
1755,9431,1755,8769
1755,9609,1755,8535
1755,8407,1755,7667
1755,8967,1755,8741
1755,8281,1755,9103
1755,9667,1755,8918
1755,8050,1755,7691
1755,9122,1756,9382
1756,7382,1756,7589
1756,8715,1756,8693
1756,7000,1756,6923
1756,8176,1756,8690
1756,7332,1756,6845
1756,7308,1756,7592
1756,7718,1756,6669
1756,5899,1756,7232
1756,7641,1756,8053
1756,9151,1756,7745
1756,6030,1756,7538
1756,9228,1757,7332
1757,6283,1757,6666
1757,6843,1757,6795
1757,8385,1757,7694
1757,8309,1757,8256
1757,6692,1757,5389
1757,5718,1757,7490
1757,6975,1757,7718
1757,9201,1757,8178
1757,6592,1757,6489
1757,7257,1757,7973
1757,7949,1757,6874
1757,7306,1758,7997
1758,8306,1758,8254
1758,8410,1758,8636
1758,8152,1758,7666
1758,7280,1758,6260
1758,6332,1758,6364
1758,6745,1758,7100
1758,7106,1758,6206
1758,8150,1758,8383
1758,8126,1758,7127
1758,8202,1758,8767
1758,7408,1758,6693
1758,8305,1759,8077
1759,6564,1759,6771
1759,7255,1759,7201
1759,7283,1759,7818
1759,9201,1759,7715
1759,8075,1759,9277
1759,9791,1759,10199
1759,10379,1759,9662
1759,9587,1759,9558
1759,8690,1759,7563
1759,10097,1759,11656
1759,10432,1759,8590
1759,10174,1760,10894
1760,9383,1760,8665
1760,10382,1760,9203
1760,7412,1760,9050
1760,10585,1760,9791
1760,8558,1760,8124
1760,9308,1760,8999
1760,8457,1760,6998
1760,9050,1760,9432
1760,8411,1760,8817
1760,9099,1760,9022
1760,8693,1760,9102
1760,8688,1761,8892
1761,8151,1761,7561
1761,8565,1761,9459
1761,8590,1761,8179
1761,9945,1761,9842
1761,8255,1761,9254
1761,10892,1761,11017
1761,9379,1761,9661
1761,10047,1761,9283
1761,6900,1761,7745
1761,8693,1761,8821
1761,7181,1761,7589
1761,8691,1762,8155
1762,8741,1762,10405
1762,11250,1762,10738
1762,11122,1762,11734
1762,11404,1762,11609
1762,12169,1762,12400
1762,13733,1762,13375
1762,11532,1762,11888
1762,12660,1762,10791
1762,9459,1762,7872
1762,10455,1762,12963
1762,11837,1762,10864
1762,10966,1763,11277
1763,11353,1763,11785
1763,13148,1763,12299
1763,11710,1763,12020
1763,12863,1763,13859
1763,12864,1763,12476
1763,14447,1763,14396
1763,15063,1763,15648
1763,15393,1763,14244
1763,14011,1763,13552
1763,14063,1763,13169
1763,12660,1763,12583
1763,11456,1764,10534
1764,10252,1764,11836
1764,12633,1764,10968
1764,10222,1764,10224
1764,11967,1764,12147
1764,10557,1764,10638
1764,13624,1764,12553
1764,12146,1764,12018
1764,11020,1764,10580
1764,10100,1764,7896
1764,9252,1764,8894
1764,9097,1764,9689
1764,10687,1765,10328
1765,9790,1765,8946
1765,10332,1765,9919
1765,10043,1765,10990
1765,10634,1765,10175
1765,11040,1765,9535
1765,9737,1765,9945
1765,8177,1765,8665
1765,10305,1765,9869
1765,8154,1765,8202
1765,9177,1765,10048
1765,9714,1765,9635
1765,9536,1766,8384
1766,7567,1766,7563
1766,8841,1766,10657
1766,9122,1766,7948
1766,9022,1766,9507
1766,10788,1766,9943
1766,10069,1766,9767
1766,9051,1766,9125
1766,10915,1766,9151
1766,8002,1766,7514
1766,7764,1766,8791
1766,9433,1766,9661
1766,10175,1767,9611
1767,9202,1767,9609
1767,11019,1767,11045
1767,9204,1767,9814
1767,12217,1767,11735
1767,10839,1767,10354
1767,10557,1767,10200
1767,10253,1767,10197
1767,12094,1767,11582
1767,9201,1767,8455
1767,8896,1767,9047
1767,10199,1767,10583
1767,11687,1768,10714
1768,9049,1768,10300
1768,11530,1768,12887
1768,11585,1768,9715
1768,8635,1768,9047
1768,9125,1768,9662
1768,10734,1768,10432
1768,10687,1768,11529
1768,11121,1768,10098
1768,9994,1768,10580
1768,12705,1768,11451
1768,8409,1768,8229
1768,9739,1769,10686
1769,11276,1769,10533
1769,12174,1769,12735
1769,9968,1769,9841
1769,10685,1769,10813
1769,9611,1769,9690
1769,11376,1769,9433
1769,9175,1769,10071
1769,11556,1769,10814
1769,8818,1769,8099
1769,8768,1769,9996
1769,9460,1769,7665
1769,7896,1770,7872
1770,7923,1770,8584
1770,8460,1770,7927
1770,7871,1770,8639
1770,9280,1770,8279
1770,8537,1770,8381
1770,9227,1770,10203
1770,9716,1770,8637
1770,8125,1770,8330
1770,7439,1770,7513
1770,9074,1770,9359
1770,7691,1770,7025
1770,8847,1771,8406
1771,8305,1771,8995
1771,8792,1771,8692
1771,8383,1771,8793
1771,8462,1771,8028
1771,7260,1771,8176
1771,8612,1771,9302
1771,9993,1771,8459
1771,8329,1771,8125
1771,8535,1771,8844
1771,10147,1771,9100
1771,7843,1771,7995
1771,8232,1772,7486
1772,6489,1772,7898
1772,9254,1772,8946
1772,8027,1772,8614
1772,9226,1772,8715
1772,7819,1772,7974
1772,9201,1772,7360
1772,7102,1772,8252
1772,8333,1772,8255
1772,6978,1772,7284
1772,8694,1772,8380
1772,8513,1772,8460
1772,9124,1773,8870
1773,9946,1773,9717
1773,8922,1773,8381
1773,8382,1773,8255
1773,8178,1773,8664
1773,8461,1773,8513
1773,10357,1773,10458
1773,8763,1773,7617
1773,8689,1773,9843
1773,8840,1773,8127
1773,9228,1773,9920
1773,8460,1773,8304
1773,8846,1774,8074
1774,8330,1774,8104
1774,7847,1774,7846
1774,8129,1774,9662
1774,11120,1774,8998
1774,6849,1774,6643
1774,8384,1774,8410
1774,6924,1774,6872
1774,9560,1774,10123
1774,8150,1774,7971
1774,7972,1774,6644
1774,6106,1774,8152
1774,10019,1775,8668
1775,7897,1775,8536
1775,10636,1775,10532
1775,8896,1775,7692
1775,7564,1775,7055
1775,7308,1775,8229
1775,9433,1775,9613
1775,10122,1775,8794
1775,8024,1775,7614
1775,7893,1775,8308
1775,7978,1775,6901
1775,5106,1775,5080
1775,7158,1776,7616
1776,7255,1776,8919
1776,9480,1776,8229
1776,7716,1776,9280
1776,9201,1776,8483
1776,8331,1776,8179
1776,9075,1776,8355
1776,8028,1776,8251
1776,8201,1776,7641
1776,7282,1776,7130
1776,7051,1776,7743
1776,7562,1776,7027
1776,7487,1777,6974
1777,6054,1777,7307
1777,8946,1777,7743
1777,6592,1777,6487
1777,7463,1777,7795
1777,6285,1777,6131
1777,8129,1777,8307
1777,6896,1777,6717
1777,8176,1777,7433
1777,6233,1777,7818
1777,10736,1777,9178
1777,7385,1777,7310
1777,8897,1778,9023
1778,9816,1778,8740
1778,7923,1778,7973
1778,7922,1778,6973
1778,8203,1778,8176
1778,8895,1778,8200
1778,8894,1778,10585
1778,9226,1778,7820
1778,8233,1778,9052
1778,8410,1778,7767
1778,7693,1778,7333
1778,6822,1778,7514
1778,8460,1779,8815
1779,9332,1779,9152
1779,8201,1779,6923
1779,7333,1779,7535
1779,8921,1779,8355
1779,8489,1779,8589
1779,7667,1779,7795
1779,7639,1779,6927
1779,7410,1779,7233
1779,7106,1779,8128
1779,9994,1779,9485
1779,8563,1779,8511
1779,8894,1780,7617
1780,6284,1780,6054
1780,7514,1780,7567
1780,6770,1780,6386
1780,7028,1780,8739
1780,8103,1780,7922
1780,7897,1780,7897
1780,8768,1780,8842
1780,8385,1780,6742
1780,6411,1780,7101
1780,8737,1780,8232
1780,7411,1780,6413
1780,7335,1781,8282
1781,6953,1781,6205
1781,7943,1781,8616
1781,7976,1781,8304
1781,9050,1781,9560
1781,8181,1781,7614
1781,8151,1781,7488
1781,7306,1781,7409
1781,8305,1781,7076
1781,5615,1781,6208
1781,8129,1781,8179
1781,6797,1781,6183
1781,7307,1782,7796
1782,7078,1782,6415
1782,7439,1782,8000
1782,7053,1782,7334
1782,8258,1782,7821
1782,7436,1782,7663
1782,8510,1782,7331
1782,7563,1782,8461
1782,9740,1782,9509
1782,7209,1782,6490
1782,8741,1782,8821
1782,8845,1782,7793
1782,8433,1783,8845
1783,7819,1783,7234
1783,7819,1783,7254
1783,6388,1783,6257
1783,8281,1783,8179
1783,7638,1783,6821
1783,5771,1783,6206
1783,5390,1783,6358
1783,6361,1783,7541
1783,8283,1783,8971
1783,8333,1783,7818
1783,7130,1783,7639
1783,9049,1784,7949
1784,6620,1784,6821
1784,8105,1784,8536
1784,7693,1784,7336
1784,8437,1784,9048
1784,8360,1784,7872
1784,7920,1784,7744
1784,7846,1784,7741
1784,8692,1784,6667
1784,6183,1784,7256
1784,8713,1784,7229
1784,4979,1784,4898
1785,7739,1785,8715
1785,6897,1785,6335
1785,8102,1785,8176
1785,8078,1785,8486
1785,8690,1785,8739
1785,7744,1785,7587
1785,8435,1785,8715
1785,8024,1785,7464
1785,7974,1785,8179
1785,8972,1785,8716
1785,7489,1785,6593
1785,6848,1785,7462
1786,6796,1786,6848
1786,7896,1786,7256
1786,7461,1786,6771
1786,6054,1786,7638
1786,8664,1786,9024
1786,8768,1786,9610
1786,9479,1786,8021
1786,7690,1786,7894
1786,7974,1786,7745
1786,7459,1786,8024
1786,8460,1786,8077
1786,6567,1786,6613
1787,7972,1787,8817
1787,7691,1787,6901
1787,6874,1787,7643
1787,7874,1787,7101
1787,7565,1787,7128
1787,6256,1787,6491
1787,9125,1787,7512
1787,5643,1787,5771
1787,6284,1787,6106
1787,7281,1787,7307
1787,7538,1787,8691
1787,7846,1787,7128
1788,8486,1788,7896
1788,6282,1788,5926
1788,6669,1788,7282
1788,7210,1788,6899
1788,7922,1788,8665
1788,7386,1788,6668
1788,7055,1788,7459
1788,7359,1788,8662
1788,9892,1788,9026
1788,7973,1788,9171
1788,10611,1788,9462
1788,7617,1788,7949
1789,8715,1789,8154
1789,8207,1789,8026
1789,8204,1789,8260
1789,7464,1789,8485
1789,10456,1789,9306
1789,7460,1789,8179
1789,9073,1789,8280
1789,9177,1789,9482
1789,8638,1789,7358
1789,7077,1789,7156
1789,8970,1789,8767
1789,8585,1789,9129
1790,8921,1790,8717
1790,7101,1790,6103
1790,7873,1790,8564
1790,7565,1790,9177
1790,10811,1790,9484
1790,8155,1790,7820
1790,9227,1790,8841
1790,7740,1790,8458
1790,9841,1790,9533
1790,6999,1790,6515
1790,8382,1790,9123
1790,8664,1790,8614
1791,8359,1791,7974
1791,6975,1791,7081
1791,8512,1791,9407
1791,9639,1791,8765
1791,9305,1791,9459
1791,8281,1791,8709
1791,10045,1791,9814
1791,8716,1791,8278
1791,9946,1791,10916
1791,9053,1791,7485
1791,9636,1791,9409
1791,8409,1792,8255
1792,8920,1792,7768
1792,7075,1792,8613
1792,10046,1792,7820
1792,7842,1792,9478
1792,9896,1792,7822
1792,8051,1792,10535
1792,11196,1792,10175
1792,9455,1792,9763
1792,10275,1792,8305
1792,8054,1792,8259
1792,8535,1792,7563
1792,6822,1793,7076
1793,8432,1793,9255
1793,7746,1793,6873
1793,7892,1793,6972
1793,5489,1793,5566
1793,8611,1793,10378
1793,9665,1793,9072
1793,9456,1793,8714
1793,8589,1793,9662
1793,10172,1793,9916
1793,7639,1793,6439
1793,9219,1793,9766
1793,8100,1794,7670
1794,9176,1794,8997
1794,7690,1794,7462
1794,8718,1794,7667
1794,8154,1794,8383
1794,8922,1794,9507
1794,8615,1794,10890
1794,12477,1794,11940
1794,10865,1794,11066
1794,12374,1794,11117
1794,11019,1794,11123
1794,13266,1794,13452
1794,11197,1795,11068
1795,12142,1795,11199
1795,10638,1795,10970
1795,12861,1795,10684
1795,9764,1795,11350
1795,12834,1795,11379
1795,11760,1795,12890
1795,13858,1795,11710
1795,11762,1795,12322
1795,13551,1795,14244
1795,14014,1795,12864
1795,14064,1795,14781
1795,13015,1796,13426
1796,14193,1796,14039
1796,11401,1796,9686
1796,12093,1796,12555
1796,11939,1796,12631
1796,13528,1796,12735
1796,12429,1796,12479
1796,13627,1796,14502
1796,13656,1796,12706
1796,12707,1796,13115
1796,13706,1796,12631
1796,12405,1796,11349
1797,9479,1797,9229
1797,11887,1797,11354
1797,9916,1797,10222
1797,10632,1797,10382
1797,9739,1797,9869
1797,9228,1797,8384
1797,8741,1797,9916
1797,11092,1797,8742
1797,8459,1797,9280
1797,11301,1797,11608
1797,11094,1797,10274
1797,9200,1797,8307
1798,8612,1798,8587
1798,8866,1798,9125
1798,8383,1798,8202
1798,9072,1798,9000
1798,7383,1798,7922
1798,9074,1798,9438
1798,9046,1798,9894
1798,10791,1798,9662
1798,8484,1798,8077
1798,9280,1798,8665
1798,7282,1798,6666
1798,7921,1798,8077
1799,7946,1799,7795
1799,7437,1799,6951
1799,7690,1799,7564
1799,8124,1799,8278
1799,8589,1799,9100
1799,9026,1799,8176
1799,7128,1799,6182
1799,7563,1799,7997
1799,7382,1799,6386
1799,6360,1799,7382
1799,7950,1799,7360
1799,8126,1799,7434
1800,6364,1800,6003
1800,6925,1800,7284
1800,6976,1800,7362
1800,8664,1800,7590
1800,7311,1800,7355
1800,8662,1800,7643
1800,6720,1800,8278
1800,8765,1800,8203
1800,7869,1800,7335
1800,7435,1800,8101
1800,7741,1800,7743
1800,8795,1800,9125
1801,8588,1801,8409
1801,9252,1801,9333
1801,8588,1801,8102
1801,9254,1801,8972
1801,7744,1801,8513
1801,10559,1801,11222
1801,10680,1801,7815
1801,7890,1801,8947
1801,9202,1801,8873
1801,9385,1801,9330
1801,8305,1801,8176
1801,9712,1802,9813
1802,8539,1802,9257
1802,10535,1802,8918
1802,9175,1802,8971
1802,10222,1802,9634
1802,8483,1802,7228
1802,8511,1802,9149
1802,8765,1802,9997
1802,10482,1802,8993
1802,7511,1802,7896
1802,10327,1802,10073
1802,8253,1802,7460
1802,7640,1803,7640
1803,8383,1803,8332
1803,9869,1803,10354
1803,9125,1803,8460
1803,10068,1803,9146
1803,8230,1803,8918
1803,10355,1803,9893
1803,8231,1803,7767
1803,9278,1803,10197
1803,10070,1803,9254
1803,8871,1803,8410
1803,7846,1803,8534
1803,9942,1804,8792
1804,7360,1804,6975
1804,9433,1804,9458
1804,9252,1804,9275
1804,8433,1804,7563
1804,7693,1804,7180
1804,8180,1804,8437
1804,8792,1804,7357
1804,7613,1804,9408
1804,8717,1804,7692
1804,8225,1804,8050
1804,7899,1804,8176
1804,8124,1805,8949
1805,8433,1805,7974
1805,8945,1805,7765
1805,6516,1805,7591
1805,9252,1805,8768
1805,8026,1805,8152
1805,9021,1805,7894
1805,6082,1805,5439
1805,6205,1805,6542
1805,7385,1805,7358
1805,7308,1805,7511
1805,8412,1805,7974
1806,7770,1806,8127
1806,7691,1806,6695
1806,6871,1806,7491
1806,7004,1806,7588
1806,7973,1806,7258
1806,6308,1806,7105
1806,7001,1806,6308
1806,7486,1806,7797
1806,7331,1806,6869
1806,6844,1806,8101
1806,9177,1806,7769
1806,6617,1806,6437
1807,7026,1807,7106
1807,6950,1807,7280
1807,8639,1807,8126
1807,7972,1807,8177
1807,7281,1807,7794
1807,6953,1807,7308
1807,8508,1807,7384
1807,6207,1807,7436
1807,8742,1807,8282
1807,7824,1807,7869
1807,7357,1807,6643
1807,7075,1807,7818
1808,7564,1808,6101
1808,6282,1808,7870
1808,8307,1808,6871
1808,6411,1808,5363
1808,6513,1808,6795
1808,5414,1808,6233
1808,7920,1808,8613
1808,6542,1808,7431
1808,9226,1808,8999
1808,8127,1808,8716
1808,9534,1808,7641
1808,6927,1808,6721
1809,6545,1809,6619
1809,6411,1809,5848
1809,7870,1809,9178
1809,8024,1809,7820
1809,8744,1809,8511
1809,6617,1809,5901
1809,7994,1809,8559
1809,7642,1809,7330
1809,8254,1809,7820
1809,6975,1809,6589
1809,6796,1809,6081
1809,5261,1810,5439
1810,6489,1810,7384
1810,8383,1810,8254
1810,9000,1810,10430
1810,9458,1810,7127
1810,7948,1810,8204
1810,7665,1810,7307
1810,7871,1810,7845
1810,7668,1810,6899
1810,9358,1810,9154
1810,6564,1810,5747
1810,6976,1810,7182
1810,6207,1811,6845
1811,8200,1811,8587
1811,7337,1811,6028
1811,8178,1811,7665
1811,7564,1811,7535
1811,8766,1811,8971
1811,7718,1811,7591
1811,8590,1811,7922
1811,6490,1811,6592
1811,7150,1811,7768
1811,8308,1811,8588
1811,8330,1811,8078
1811,7793,1812,7868
1812,7152,1812,7203
1812,8004,1812,8355
1812,8050,1812,7053
1812,5670,1812,5569
1812,6078,1812,6179
1812,5951,1812,5623
1812,6311,1812,7358
1812,7415,1812,7026
1812,7256,1812,7101
1812,6769,1812,7079
1812,7129,1812,6644
1813,6086,1813,5771
1813,6695,1813,8152
1813,7743,1813,6181
1813,6896,1813,7717
1813,6669,1813,8049
1813,8355,1813,7894
1813,7436,1813,7356
1813,7691,1813,7000
1813,6925,1813,7791
1813,9021,1813,6976
1813,6591,1813,6899
1813,8668,1813,8766
1814,7640,1814,7592
1814,8641,1814,8104
1814,7129,1814,6923
1814,7410,1814,7490
1814,7437,1814,7381
1814,8228,1814,8101
1814,7000,1814,7074
1814,6995,1814,6203
1814,7614,1814,8713
1814,8969,1814,7970
1814,7642,1814,9175
1814,9327,1814,9174
1815,6769,1815,8256
1815,9589,1815,9203
1815,9252,1815,9790
1815,9816,1815,9051
1815,8075,1815,8231
1815,8818,1815,8742
1815,9306,1815,11225
1815,12452,1815,10507
1815,8536,1815,7512
1815,8027,1815,7818
1815,9586,1815,11838
1815,12656,1815,14553
1816,19263,1816,26839
1816,37232,1816,49594
1816,65673,1816,83056
1816,103997,1816,125502
1816,149463,1816,172732
1816,194437,1816,219679
1816,245993,1816,262679
1816,272766,1816,272230
1816,260216,1816,248168
1816,239330,1816,226710
1816,220185,1816,217115
1816,212991,1817,208798
1817,207186,1817,204465
1817,209463,1817,217144
1817,227560,1817,237293
1817,253369,1817,273107
1817,294122,1817,314091
1817,335366,1817,349747
1817,360936,1817,379061
1817,392679,1817,385046
1817,363981,1817,348207
1817,339149,1817,319509
1817,299874,1817,289462
1817,283849,1818,272456
1818,264909,1818,256336
1818,254210,1818,256362
1818,255927,1818,254697
1818,258230,1818,262563
1818,265013,1818,267958
1818,278225,1818,284726
1818,284977,1818,282416
1818,285643,1818,283132
1818,271182,1818,257079
1818,243070,1818,230862
1818,226638,1818,221440
1818,212175,1819,199791
1819,192077,1819,189572
1819,185192,1819,179899
1819,177109,1819,175673
1819,177566,1819,179158
1819,176312,1819,172550
1819,174701,1819,174699
1819,173164,1819,172389
1819,169906,1819,160304
1819,149119,1819,140086
1819,134712,1819,123907
1819,119174,1819,115996
1820,113619,1820,106679
1820,102432,1820,99514
1820,99307,1820,96748
1820,95542,1820,95291
1820,97108,1820,92829
1820,92475,1820,93064
1820,96054,1820,90248
1820,85711,1820,86020
1820,88271,1820,80441
1820,75448,1820,72426
1820,70124,1820,62653
1820,56707,1820,56734
1821,56840,1821,54204
1821,53689,1821,52158
1821,54815,1821,51951
1821,48779,1821,47599
1821,51082,1821,50927
1821,47241,1821,46420
1821,48646,1821,47062
1821,45701,1821,42787
1821,41890,1821,39843
1821,38789,1821,38431
1821,37663,1821,32366
1821,29986,1822,28836
1822,29195,1822,28603
1822,29195,1822,26709
1822,25403,1822,25098
1822,24791,1822,22537
1822,22540,1822,22124
1822,21567,1822,21081
1822,21566,1822,21310
1822,21566,1822,20899
1822,21566,1822,21103
1822,19567,1822,19542
1822,20975,1822,21232
1822,22333,1823,23997
1823,24970,1823,24997
1823,24332,1823,21540
1823,20848,1823,20797
1823,22205,1823,20979
1823,19415,1823,17697
1823,17137,1823,17134
1823,18876,1823,18902
1823,16703,1823,15679
1823,16831,1823,16522
1823,16243,1823,17315
1823,19644,1823,19646
1823,19980,1824,22229
1824,22562,1824,21055
1824,21258,1824,20642
1824,20873,1824,21539
1824,19057,1824,18261
1824,19516,1824,17804
1824,16318,1824,16165
1824,18008,1824,17367
1824,16471,1824,16907
1824,19647,1824,18368
1824,17572,1824,17263
1824,18239,1824,19388
1825,19718,1825,18720
1825,19393,1825,19414
1825,20159,1825,20794
1825,20979,1825,20645
1825,20053,1825,20079
1825,21207,1825,20335
1825,18698,1825,19489
1825,22614,1825,23690
1825,20874,1825,18874
1825,21310,1825,21540
1825,18260,1825,17319
1825,19183,1825,18107
1826,16930,1826,15726
1826,17034,1826,16011
1826,13374,1826,13344
1826,15572,1826,15370
1826,14475,1826,13985
1826,14376,1826,13758
1826,14091,1826,15239
1826,16729,1826,15905
1826,15190,1826,15498
1826,16137,1826,16859
1826,16448,1826,13553
1826,11863,1826,10969
1827,12558,1827,12606
1827,11631,1827,11554
1827,10993,1827,9506
1827,8764,1827,8666
1827,7896,1827,7846
1827,8923,1827,9996
1827,11586,1827,12863
1827,13170,1827,12477
1827,12068,1827,11580
1827,13273,1827,12146
1827,10736,1827,10121
1827,11248,1828,10379
1828,9504,1828,9020
1828,7538,1828,7948
1828,8614,1828,7692
1828,8743,1828,8844
1828,8509,1828,7410
1828,9356,1828,10253
1828,8790,1828,7615
1828,8509,1828,9023
1828,7664,1828,6204
1828,6770,1828,8509
1828,8511,1828,8154
1828,8643,1829,9126
1829,8666,1829,9175
1829,10224,1829,11247
1829,10812,1829,8668
1829,10147,1829,12808
1829,13474,1829,12733
1829,12635,1829,12116
1829,10071,1829,9717
1829,11274,1829,10535
1829,8586,1829,8535
1829,10046,1829,9948
1829,8284,1829,7259
1830,8920,1830,8769
1830,9203,1830,8924
1830,9508,1830,8741
1830,9433,1830,10276
1830,13244,1830,13119
1830,10763,1830,11835
1830,13986,1830,13143
1830,11274,1830,10328
1830,12502,1830,11707
1830,10122,1830,9331
1830,11916,1830,11580
1830,10019,1830,9306
1831,10964,1831,11507
1831,11145,1831,10023
1831,12351,1831,12836
1831,11634,1831,11098
1831,11710,1831,12710
1831,12914,1831,11886
1831,13092,1831,13500
1831,12988,1831,13041
1831,14808,1831,15087
1831,14933,1831,12733
1831,12862,1831,12990
1831,10765,1831,9787
1832,11656,1832,12732
1832,9892,1832,8662
1832,11353,1832,10790
1832,8818,1832,9405
1832,11507,1832,11454
1832,10300,1832,8560
1832,9249,1832,9383
1832,9201,1832,9304
1832,10225,1832,9766
1832,9177,1832,9075
1832,9689,1832,9562
1832,9283,1833,8892
1833,9713,1833,10122
1833,9867,1833,9891
1833,10687,1833,10200
1833,10172,1833,10940
1833,9559,1833,7642
1833,7999,1833,9682
1833,9738,1833,9098
1833,8482,1833,9407
1833,10863,1833,9790
1833,8714,1833,9763
1833,10814,1833,9175
1833,8304,1834,8328
1834,9533,1834,11042
1834,10663,1834,10147
1834,10528,1834,10095
1834,9253,1834,9867
1834,10735,1834,10328
1834,9229,1834,8023
1834,7482,1834,6566
1834,6434,1834,7562
1834,7765,1834,7823
1834,5928,1834,6104
1834,8251,1834,8969
1835,8202,1835,7998
1835,7639,1835,7563
1835,9326,1835,8229
1835,7458,1835,8463
1835,8761,1835,7920
1835,8613,1835,9995
1835,10099,1835,9201
1835,10966,1835,11478
1835,10608,1835,10890
1835,10556,1835,9433
1835,9969,1835,10126
1835,11302,1835,9866
1836,8690,1836,8897
1836,9870,1836,8944
1836,8663,1836,9895
1836,11147,1836,11302
1836,10914,1836,10713
1836,11199,1836,9995
1836,10175,1836,10531
1836,11020,1836,11507
1836,11325,1836,12815
1836,13959,1836,14421
1836,12762,1836,12501
1836,14550,1837,14523
1837,11427,1837,10455
1837,11891,1837,10837
1837,9969,1837,9765
1837,11532,1837,10969
1837,11506,1837,11350
1837,12604,1837,11663
1837,10895,1837,11991
1837,11967,1837,10355
1837,10609,1837,10507
1837,11580,1837,12454
1837,11247,1837,10607
1837,12120,1838,12198
1838,9969,1838,9766
1838,12730,1838,13298
1838,11429,1838,9613
1838,10660,1838,11813
1838,11506,1838,10560
1838,11559,1838,11380
1838,10278,1838,10430
1838,11120,1838,9716
1838,8355,1838,7359
1838,7078,1838,7258
1838,7848,1838,8176
1839,8971,1839,9254
1839,8177,1839,7690
1839,9741,1839,9151
1839,7946,1839,7719
1839,9661,1839,9102
1839,7536,1839,7176
1839,8895,1839,8334
1839,7385,1839,7054
1839,7718,1839,7284
1839,7103,1839,7000
1839,5796,1839,5850
1839,6026,1839,6386
1840,6623,1840,7082
1840,6108,1840,6462
1840,8920,1840,7998
1840,5261,1840,6130
1840,8101,1840,7692
1840,7105,1840,7514
1840,6974,1840,6565
1840,7227,1840,6744
1840,6741,1840,6773
1840,5774,1840,4903
1840,4828,1840,6051
1840,6412,1841,5052
1841,5670,1841,6772
1841,7002,1841,7459
1841,6334,1841,5775
1841,6080,1841,5744
1841,8743,1841,8584
1841,7742,1841,8074
1841,9537,1841,9129
1841,8255,1841,7589
1841,8305,1841,7717
1841,7204,1841,6824
1841,8100,1841,8819
1841,6952,1842,7435
1842,9508,1842,10534
1842,8946,1842,7892
1842,8767,1842,8845
1842,7384,1842,7972
1842,9584,1842,10584
1842,9151,1842,7334
1842,7256,1842,9047
1842,9535,1842,8716
1842,9969,1842,9585
1842,8638,1842,9049
1842,10277,1842,10534
1843,8894,1843,9866
1843,12092,1843,12351
1843,10354,1843,10226
1843,11378,1843,10863
1843,10170,1843,10023
1843,13066,1843,12141
1843,9384,1843,9433
1843,10787,1843,11021
1843,10532,1843,9253
1843,10864,1843,10915
1843,10303,1843,11274
1843,10840,1843,9790
1844,8741,1844,9943
1844,12991,1844,13067
1844,11404,1844,11738
1844,13194,1844,11328
1844,9768,1844,10048
1844,11456,1844,11967
1844,10839,1844,9148
1844,8535,1844,7564
1844,8509,1844,9431
1844,9430,1844,9766
1844,8769,1844,6362
1844,8357,1845,8256
1845,7818,1845,6693
1845,8202,1845,8590
1845,8230,1845,7333
1845,7663,1845,8791
1845,8126,1845,6440
1845,6413,1845,7105
1845,7739,1845,6669
1845,7693,1845,7686
1845,6895,1845,7689
1845,8229,1845,7485
1845,7150,1845,6998
1845,6695,1846,6824
1846,5544,1846,5898
1846,6644,1846,6488
1846,5567,1846,4623
1846,5186,1846,5259
1846,6284,1846,7354
1846,7646,1846,7489
1846,7283,1846,7155
1846,8022,1846,6823
1846,6644,1846,6924
1846,6666,1846,7283
1846,7537,1846,6235
1847,5925,1847,6564
1847,6899,1847,6336
1847,6489,1847,6415
1847,6440,1847,5797
1847,6415,1847,5694
1847,5723,1847,6953
1847,7384,1847,7360
1847,7026,1847,6797
1847,7336,1847,8613
1847,7769,1847,6721
1847,5412,1847,6664
1847,7666,1847,7309
1848,7591,1848,8437
1848,9457,1848,8919
1848,8817,1848,9715
1848,8511,1848,6771
1848,8435,1848,8665
1848,8432,1848,9097
1848,10481,1848,9121
1848,9456,1848,8893
1848,10276,1848,8896
1848,8788,1848,8666
1848,7917,1848,7511
1848,7821,1849,8459
1849,9433,1849,9662
1849,9329,1849,9816
1849,10278,1849,10714
1849,11304,1849,11660
1849,11791,1849,10838
1849,9687,1849,9301
1849,10814,1849,10887
1849,8920,1849,8432
1849,11149,1849,10837
1849,9945,1849,9639
1849,11480,1849,11072
1849,9741,1850,10099
1850,10584,1850,9533
1850,9147,1850,9561
1850,9638,1850,8409
1850,9995,1850,9919
1850,11174,1850,10917
1850,10327,1850,11455
1850,12117,1850,11711
1850,10351,1850,10223
1850,9862,1850,9276
1850,8484,1850,8283
1850,8255,1850,8203
1851,7333,1851,8283
1851,8331,1851,8000
1851,7844,1851,7257
1851,7362,1851,6665
1851,6384,1851,6643
1851,6516,1851,6052
1851,6257,1851,6155
1851,7278,1851,7841
1851,6870,1851,6464
1851,7690,1851,8688
1851,9660,1851,8151
1851,7284,1851,7998
1852,8410,1852,7203
1852,8256,1852,8589
1852,7485,1852,6619
1852,7717,1852,7615
1852,5747,1852,5132
1852,6332,1852,5825
1852,6209,1852,7694
1852,8866,1852,7741
1852,6592,1852,6362
1852,7720,1852,7181
1852,6078,1852,6770
1852,7973,1853,8384
1853,6565,1853,6540
1853,6616,1853,6308
1853,5873,1853,6205
1853,8486,1853,7616
1853,6768,1853,7820
1853,8510,1853,8588
1853,8304,1853,7897
1853,9841,1853,8818
1853,7742,1853,8251
1853,9663,1853,10353
1853,8867,1853,7281
1853,8179,1854,8586
1854,7844,1854,9179
1854,10685,1854,10377
1854,11018,1854,10277
1854,9916,1854,9019
1854,9123,1854,9943
1854,9226,1854,8435
1854,8665,1854,8638
1854,9841,1854,11375
1854,10505,1854,9174
1854,10198,1854,9535
1854,8127,1854,8177
1855,8815,1855,8589
1855,7921,1855,8839
1855,9971,1855,9097
1855,7950,1855,8226
1855,8308,1855,8179
1855,8922,1855,8920
1855,9639,1855,9098
1855,7617,1855,7997
1855,10073,1855,9740
1855,9126,1855,9044
1855,11300,1855,12556
1855,9971,1856,8435
1856,10019,1856,9867
1856,7536,1856,7666
1856,10353,1856,11350
1856,9713,1856,9584
1856,10329,1856,8893
1856,7437,1856,7564
1856,8206,1856,7413
1856,6690,1856,7815
1856,9791,1856,9636
1856,8231,1856,8358
1856,8920,1856,8379
1856,7230,1857,8665
1857,9455,1857,7917
1857,6921,1857,7871
1857,8331,1857,7512
1857,6719,1857,6927
1857,7718,1857,8281
1857,6080,1857,6129
1857,7664,1857,6643
1857,6719,1857,6491
1857,7562,1857,7181
1857,5646,1857,6311
1857,7334,1857,7999
1858,7408,1858,7309
1858,7587,1858,7078
1858,6927,1858,7796
1858,8534,1858,8099
1858,6925,1858,6949
1858,8842,1858,8307
1858,7231,1858,6795
1858,8202,1858,7843
1858,7718,1858,7663
1858,6848,1858,6566
1858,6899,1858,6438
1858,7104,1858,6872
1859,7993,1859,6820
1859,6208,1859,6486
1859,5952,1859,6617
1859,7435,1859,6875
1859,7383,1859,6897
1859,8945,1859,8150
1859,7182,1859,7997
1859,9123,1859,6846
1859,5566,1859,7000
1859,8536,1859,9306
1859,7997,1859,6720
1859,7077,1860,7278
1860,7896,1860,7615
1860,8483,1860,8740
1860,9715,1860,9969
1860,11070,1860,12245
1860,10376,1860,10841
1860,11535,1860,9993
1860,8638,1860,8764
1860,9814,1860,9686
1860,10197,1860,9279
1860,10097,1860,9920
1860,10071,1860,10070
1861,10503,1861,9587
1861,8281,1861,8252
1861,8870,1861,9842
1861,9198,1861,8203
1861,10275,1861,11020
1861,9453,1861,8742
1861,10145,1861,9919
1861,7512,1861,7870
1861,9330,1861,9816
1861,10401,1861,9097
1861,8202,1861,8203
1861,8510,1861,8563
1862,9304,1862,10358
1862,10971,1862,10865
1862,9945,1862,9533
1862,7669,1862,7640
1862,8896,1862,9894
1862,9384,1862,9147
1862,9176,1862,9251
1862,7668,1862,6871
1862,9151,1862,9713
1862,8301,1862,8639
1862,9587,1862,9153
1862,7999,1863,7510
1863,7744,1863,7407
1863,7179,1863,7566
1863,8203,1863,9661
1863,8817,1863,8538
1863,8741,1863,8639
1863,7692,1863,7151
1863,8589,1863,8841
1863,7692,1863,6900
1863,7306,1863,7309
1863,6925,1863,6568
1863,7128,1863,6414
1863,5234,1864,5566
1864,5590,1864,6284
1864,7336,1864,7231
1864,6491,1864,5234
1864,5440,1864,6235
1864,7027,1864,5924
1864,6538,1864,6719
1864,7027,1864,6157
1864,5617,1864,6154
1864,6819,1864,7357
1864,7434,1864,7692
1864,7208,1864,6257
1865,5879,1865,5897
1865,6974,1865,7052
1865,7719,1865,6772
1865,7511,1865,6922
1865,7130,1865,7257
1865,7333,1865,6874
1865,6850,1865,8150
1865,9532,1865,8789
1865,7307,1865,7380
1865,8613,1865,10300
1865,9843,1865,8743
1865,9147,1866,9023
1866,8843,1866,7868
1866,7588,1866,8844
1866,9995,1866,10458
1866,11559,1866,11990
1866,11835,1866,12068
1866,14526,1866,13885
1866,12632,1866,14576
1866,16853,1866,15851
1866,14420,1866,13860
1866,16214,1866,17572
1866,18441,1866,19618
1866,20102,1867,18696
1867,18852,1867,20311
1867,22436,1867,20489
1867,18211,1867,19311
1867,23660,1867,22923
1867,19643,1867,20103
1867,22358,1867,22614
1867,20335,1867,20258
1867,21206,1867,21412
1867,24583,1867,24508
1867,24224,1867,21847
1867,22003,1867,23076
1868,24026,1868,23942
1868,24460,1868,22002
1868,21258,1868,21101
1868,21868,1868,23048
1868,26558,1868,25323
1868,21639,1868,21948
1868,25149,1868,26120
1868,23641,1868,23229
1868,25862,1868,25533
1868,23125,1868,21103
1868,21692,1868,20691
1868,20488,1869,19336
1869,19949,1869,19309
1869,20306,1869,21950
1869,21462,1869,19926
1869,18492,1869,17267
1869,17520,1869,17418
1869,18058,1869,17957
1869,17853,1869,16778
1869,16191,1869,14659
1869,14448,1869,15037
1869,13986,1869,14682
1869,15088,1869,14781
1869,14707,1870,14243
1870,14808,1870,14167
1870,13631,1870,13223
1870,11326,1870,12146
1870,13299,1870,13223
1870,13577,1870,12503
1870,13983,1870,13377
1870,11939,1870,12353
1870,14065,1870,14472
1870,13474,1870,12069
1870,10995,1870,11274
1870,11146,1870,10277
1871,10198,1871,10407
1871,12068,1871,11712
1871,10123,1871,9385
1871,10608,1871,9941
1871,10506,1871,9715
1871,9227,1871,9127
1871,9891,1871,9688
1871,10047,1871,10230
1871,9788,1871,9327
1871,11044,1871,10403
1871,9149,1871,9996
1871,11814,1872,11940
1872,9996,1872,10047
1872,11400,1872,10228
1872,9638,1872,9203
1872,10048,1872,10200
1872,9792,1872,10070
1872,11967,1872,12634
1872,11659,1872,9919
1872,10585,1872,10785
1872,9691,1872,9225
1872,10254,1872,10074
1872,9328,1872,8795
1872,10123,1873,10662
1873,10122,1873,10433
1873,12172,1873,12353
1873,12457,1873,11836
1873,12171,1873,12072
1873,10224,1873,9892
1873,11835,1873,11837
1873,11067,1873,9664
1873,10431,1873,11196
1873,10789,1873,10429
1873,11172,1873,11355
1873,11017,1873,10484
1874,12811,1874,13810
1874,13683,1874,15091
1874,18879,1874,20593
1874,24536,1874,30191
1874,36697,1874,43813
1874,52029,1874,59349
1874,65082,1874,70814
1874,76317,1874,79719
1874,83894,1874,82790
1874,78872,1874,73855
1874,70993,1874,66181
1874,64288,1875,63518
1875,63927,1875,61955
1875,58835,1875,61394
1875,67105,1875,68054
1875,71481,1875,74401
1875,80951,1875,86712
1875,94265,1875,100871
1875,111237,1875,117074
1875,121117,1875,121960
1875,121570,1875,113944
1875,110870,1875,108544
1875,102914,1875,98998
1875,96027,1876,91447
1876,87940,1876,83947
1876,86689,1876,85815
1876,86279,1876,85716
1876,86408,1876,83516
1876,88148,1876,90323
1876,92781,1876,90553
1876,90908,1876,95358
1876,97200,1876,93747
1876,91494,1876,87423
1876,84226,1876,81102
1876,81512,1876,76837
1877,73149,1877,72355
1877,69075,1877,66592
1877,66032,1877,64496
1877,65469,1877,63543
1877,62370,1877,63647
1877,68489,1877,67286
1877,64186,1877,62446
1877,62624,1877,65774
1877,64820,1877,61108
1877,61059,1877,58626
1877,54766,1877,49413
1877,46775,1878,45294
1878,42912,1878,41145
1878,41429,1878,39738
1878,39148,1878,37668
1878,39024,1878,39047
1878,39486,1878,39458
1878,39229,1878,38509
1878,37896,1878,38921
1878,40201,1878,37279
1878,36563,1878,35130
1878,34492,1878,32314
1878,30140,1878,27987
1879,27631,1879,27918
1879,27732,1879,26251
1879,26609,1879,26508
1879,24766,1879,24688
1879,25275,1879,24454
1879,23539,1879,23767
1879,25226,1879,24432
1879,22945,1879,22689
1879,22768,1879,20282
1879,18571,1879,19541
1879,20972,1879,19182
1879,16829,1879,18752
1880,19520,1880,18315
1880,17523,1880,16319
1880,16750,1880,16621
1880,16191,1880,14218
1880,14270,1880,13553
1880,13374,1880,12301
1880,12068,1880,11891
1880,10304,1880,9435
1880,10121,1880,9844
1880,11712,1880,12889
1880,14757,1880,13555
1880,12632,1881,12606
1881,12530,1881,12940
1881,12349,1881,12682
1881,14322,1881,13398
1881,12656,1881,12070
1881,11967,1881,11814
1881,11814,1881,10433
1881,10128,1881,11403
1881,10812,1881,9200
1881,9558,1881,9330
1881,8918,1881,9048
1881,9665,1881,9252
1882,8585,1882,8229
1882,9202,1882,9304
1882,9479,1882,8815
1882,10046,1882,11352
1882,12656,1882,12069
1882,12836,1882,12221
1882,11195,1882,10456
1882,12609,1882,11509
1882,10584,1882,10354
1882,11195,1882,11402
1882,9814,1882,8076
1882,8868,1883,9687
1883,9455,1883,8867
1883,10554,1883,9507
1883,8968,1883,10121
1883,10303,1883,10279
1883,10429,1883,11096
1883,11994,1883,13219
1883,13605,1883,12195
1883,12963,1883,13759
1883,11991,1883,11427
1883,13296,1883,12707
1883,12224,1883,9944
1883,10964,1884,11761
1884,10479,1884,10687
1884,12299,1884,11683
1884,9252,1884,9995
1884,11403,1884,11199
1884,10635,1884,10814
1884,11326,1884,10021
1884,8713,1884,9226
1884,11503,1884,12221
1884,11327,1884,11607
1884,13040,1884,13116
1884,11581,1884,10330
1885,11226,1885,11709
1885,11225,1885,9610
1885,9482,1885,9406
1885,8615,1885,9689
1885,11941,1885,10939
1885,9841,1885,8535
1885,8995,1885,9330
1885,8409,1885,8895
1885,10072,1885,10558
1885,11888,1885,10478
1885,9889,1885,9582
1885,8969,1886,9228
1886,10070,1886,10913
1886,10404,1886,8306
1886,8743,1886,9970
1886,9789,1886,9045
1886,9716,1886,8819
1886,7693,1886,7666
1886,9150,1886,8689
1886,8051,1886,9635
1886,10507,1886,9303
1886,7716,1886,7997
1886,9409,1886,8689
1887,7463,1887,7591
1887,10148,1887,10174
1887,8769,1887,7895
1887,9383,1887,10046
1887,8101,1887,7897
1887,7973,1887,8000
1887,6898,1887,5974
1887,7745,1887,8307
1887,8102,1887,8329
1887,9278,1887,8459
1887,8152,1887,8076
1887,7796,1887,6771
1888,5794,1888,5440
1888,5592,1888,6846
1888,7105,1888,6922
1888,6233,1888,6742
1888,6721,1888,7565
1888,9714,1888,9203
1888,8616,1888,8896
1888,9484,1888,7793
1888,6794,1888,7255
1888,9099,1888,9431
1888,7997,1888,7540
1888,7718,1889,7337
1889,7718,1889,8151
1889,8743,1889,8280
1889,7184,1889,6825
1889,8307,1889,7769
1889,6155,1889,7028
1889,9329,1889,7975
1889,7000,1889,7179
1889,8077,1889,7974
1889,8871,1889,8459
1889,8561,1889,7948
1889,8078,1889,8227
1890,8202,1890,7436
1890,7383,1890,7796
1890,9380,1890,9762
1890,7995,1890,7615
1890,8536,1890,9561
1890,8253,1890,7181
1890,9458,1890,10353
1890,8739,1890,8328
1890,10329,1890,10401
1890,8615,1890,9049
1890,10043,1890,9380
1890,8640,1891,7435
1891,7895,1891,8407
1891,8666,1891,8101
1891,9434,1891,9712
1891,10379,1891,9997
1891,10275,1891,9865
1891,9765,1891,9201
1891,9072,1891,9587
1891,9000,1891,8101
1891,9228,1891,10121
1891,9714,1891,10124
1891,11043,1891,9533
1891,8276,1892,7484
1892,8869,1892,8872
1892,7052,1892,6514
1892,8484,1892,8694
1892,8384,1892,7280
1892,8101,1892,7642
1892,7740,1892,8563
1892,9713,1892,9815
1892,9048,1892,9201
1892,9351,1892,8687
1892,6747,1892,7002
1892,8078,1892,8380
1893,9198,1893,8203
1893,7794,1893,7307
1893,7025,1893,7433
1893,8255,1893,9429
1893,8713,1893,7153
1893,6337,1893,6976
1893,6693,1893,7332
1893,8459,1893,7822
1893,6797,1893,6464
1893,8458,1893,8565
1893,8898,1893,8386
1893,7770,1894,6796
1894,6589,1894,6924
1894,8408,1894,8589
1894,8156,1894,7921
1894,8614,1894,7488
1894,6183,1894,6820
1894,6616,1894,7028
1894,7744,1894,8462
1894,8360,1894,8406
1894,7539,1894,7461
1894,9047,1894,8231
1894,7744,1894,9127
1895,8610,1895,6619
1895,6693,1895,8001
1895,10020,1895,8229
1895,7715,1895,8662
1895,10659,1895,9944
1895,8585,1895,7822
1895,9099,1895,8074
1895,7387,1895,7025
1895,8459,1895,8715
1895,7690,1895,6566
1895,8125,1895,8818
1895,7713,1896,7793
1896,9228,1896,7767
1896,7666,1896,8253
1896,9023,1896,9381
1896,8228,1896,8612
1896,9769,1896,8714
1896,7513,1896,7027
1896,7616,1896,7665
1896,8253,1896,8538
1896,9666,1896,8995
1896,7486,1896,7791
1896,8510,1896,7947
1897,6796,1897,7176
1897,7614,1897,7260
1897,6665,1897,6592
1897,7539,1897,6976
1897,7434,1897,7948
1897,8716,1897,8586
1897,7947,1897,6897
1897,8686,1897,9971
1897,8354,1897,8409
1897,9740,1897,9790
1897,8459,1897,9100
1897,9483,1897,9458
1898,9355,1898,8610
1898,8534,1898,8895
1898,8407,1898,8513
1898,8000,1898,7670
1898,5646,1898,4925
1898,6154,1898,7083
1898,6589,1898,7334
1898,7999,1898,6770
1898,7128,1898,8078
1898,8255,1898,7103
1898,7613,1898,8382
1898,8918,1899,7307
1899,6821,1899,6461
1899,7256,1899,7976
1899,7541,1899,6440
1899,6771,1899,7514
1899,7540,1899,6463
1899,6975,1899,6823
1899,5443,1899,6542
1899,8050,1899,8026
1899,6490,1899,6798
1899,7001,1899,7156
1899,7079,1899,7511
1900,7462,1900,7771
1900,7335,1900,7438
1900,7159,1900,7565
1900,7976,1900,7716
1900,8663,1900,8458
1900,8025,1900,7715
1900,8847,1900,8177
1900,6614,1900,6336
1900,8409,1900,8355
1900,7284,1900,6411
1900,6974,1900,7923
1900,9533,1901,7923
1901,6801,1901,6796
1901,7616,1901,6975
1901,8331,1901,7948
1901,7640,1901,8280
1901,8276,1901,8330
1901,7643,1901,8767
1901,10532,1901,10150
1901,8048,1901,7614
1901,8254,1901,6799
1901,4953,1901,5566
1901,6413,1901,7307
1902,7103,1902,6900
1902,7641,1902,7999
1902,7873,1902,8229
1902,9331,1902,10177
1902,9332,1902,10147
1902,11505,1902,10074
1902,8613,1902,8460
1902,9533,1902,10046
1902,8177,1902,7589
1902,8051,1902,8204
1902,7437,1902,7616
1902,8970,1903,9096
1903,9099,1903,8205
1903,8228,1903,8102
1903,6361,1903,6951
1903,8385,1903,8332
1903,7847,1903,7335
1903,9609,1903,9970
1903,7947,1903,8719
1903,9328,1903,8741
1903,8407,1903,8844
1903,9097,1903,7103
1903,6975,1903,8694
1904,9814,1904,8410
1904,7051,1904,6770
1904,7719,1904,8075
1904,8231,1904,7283
1904,7669,1904,7230
1904,7279,1904,8024
1904,8434,1904,8463
1904,8203,1904,7692
1904,8946,1904,7817
1904,7565,1904,7056
1904,8000,1904,7309
1904,6847,1904,7689
1905,8433,1905,7639
1905,7179,1905,6491
1905,6921,1905,7129
1905,7024,1905,6463
1905,7050,1905,6490
1905,6542,1905,6308
1905,8025,1905,8796
1905,7306,1905,6768
1905,7460,1905,7895
1905,7180,1905,7436
1905,8105,1905,7158
1905,6796,1906,5827
1906,6287,1906,6898
1906,6798,1906,5797
1906,6565,1906,6974
1906,6593,1906,6823
1906,7128,1906,6668
1906,6361,1906,7436
1906,7745,1906,7001
1906,6103,1906,6236
1906,5899,1906,6900
1906,6158,1906,5746
1906,6360,1906,5904
1907,6873,1907,8205
1907,7284,1907,5541
1907,6489,1907,7284
1907,7845,1907,7433
1907,7769,1907,7639
1907,6643,1907,6283
1907,5826,1907,5956
1907,6002,1907,8309
1907,8688,1907,8667
1907,9072,1907,7587
1907,7256,1907,7510
1907,8693,1908,7794
1908,7103,1908,7972
1908,8410,1908,7868
1908,6948,1908,7719
1908,8717,1908,7844
1908,7027,1908,7793
1908,8130,1908,8715
1908,9151,1908,7028
1908,7257,1908,8025
1908,7564,1908,7791
1908,8972,1908,8586
1908,7310,1908,8357
1909,8870,1909,8021
1909,9052,1909,10969
1909,10561,1909,10787
1909,10664,1909,10350
1909,9406,1909,8615
1909,8000,1909,7896
1909,8309,1909,8485
1909,7972,1909,8178
1909,10174,1909,9382
1909,8436,1909,8511
1909,8483,1909,7128
1909,7027,1910,7895
1910,8789,1910,8639
1910,7103,1910,5823
1910,6617,1910,7002
1910,7050,1910,7667
1910,8535,1910,8125
1910,6723,1910,7565
1910,8921,1910,8282
1910,8177,1910,8669
1910,7869,1910,7693
1910,7562,1910,7638
1910,7255,1910,6283
1911,6204,1911,7233
1911,8433,1911,8432
1911,7562,1911,6055
1911,7437,1911,9512
1911,8685,1911,7566
1911,7718,1911,6847
1911,5594,1911,6084
1911,7543,1911,7026
1911,6824,1911,7104
1911,7745,1911,7153
1911,6822,1911,7664
1911,8226,1912,8812
1912,7509,1912,6257
1912,6334,1912,6026
1912,5928,1912,6438
1912,7437,1912,6924
1912,6980,1912,6361
1912,6796,1912,7205
1912,6588,1912,6051
1912,6669,1912,6769
1912,6845,1912,8308
1912,7435,1912,5235
1912,5489,1912,6873
1913,7157,1913,6110
1913,7132,1913,7388
1913,8769,1913,7593
1913,6948,1913,6413
1913,6844,1913,6464
1913,6209,1913,6002
1913,6922,1913,6308
1913,7006,1913,7362
1913,8283,1913,8261
1913,7871,1913,8177
1913,7079,1913,5877
1913,5412,1914,6952
1914,7923,1914,7001
1914,6110,1914,6181
1914,6798,1914,7151
1914,7201,1914,6107
1914,7867,1914,8559
1914,8303,1914,8250
1914,8177,1914,8511
1914,7663,1914,9250
1914,8506,1914,7434
1914,6259,1914,7051
1914,8281,1914,7255
1915,6591,1915,7053
1915,8457,1915,6976
1915,6032,1915,6594
1915,8483,1915,7691
1915,8021,1915,7718
1915,8305,1915,8201
1915,6334,1915,6565
1915,9509,1915,9406
1915,7718,1915,7588
1915,8380,1915,8047
1915,6670,1915,7050
1915,8920,1916,8971
1916,8663,1916,8764
1916,9943,1916,8510
1916,6286,1916,6745
1916,8945,1916,9071
1916,8282,1916,8434
1916,9818,1916,9023
1916,7821,1916,8560
1916,9509,1916,8946
1916,8280,1916,9175
1916,9689,1916,8970
1916,8331,1916,8047
1916,7819,1917,7716
1917,7875,1917,8641
1917,10279,1917,9970
1917,8357,1917,7872
1917,8666,1917,9203
1917,7921,1917,6820
1917,8253,1917,7360
1917,8155,1917,9405
1917,9611,1917,9252
1917,9174,1917,9970
1917,9429,1917,8304
1917,7642,1917,7257
1918,6771,1918,7691
1918,8128,1918,8153
1918,9838,1918,9845
1918,7769,1918,6282
1918,7641,1918,9404
1918,9866,1918,9661
1918,9714,1918,8431
1918,8282,1918,8125
1918,9126,1918,8742
1918,7409,1918,8231
1918,10733,1918,9532
1918,7102,1919,6538
1919,9305,1919,9816
1919,9179,1919,8715
1919,10221,1919,9635
1919,9406,1919,9125
1919,10277,1919,9867
1919,8586,1919,8047
1919,9175,1919,8997
1919,7893,1919,8205
1919,8844,1919,9331
1919,9075,1919,8512
1919,8846,1919,9176
1920,9508,1920,9124
1920,11838,1920,10786
1920,8405,1920,8356
1920,9636,1920,8152
1920,8819,1920,8511
1920,9712,1920,10611
1920,9948,1920,10430
1920,10428,1920,10224
1920,10380,1920,9787
1920,9944,1920,10018
1920,9639,1920,9327
1920,9249,1921,8972
1921,8941,1921,8072
1921,8255,1921,7920
1921,8305,1921,7867
1921,8328,1921,9074
1921,8892,1921,7950
1921,7795,1921,7693
1921,8203,1921,9895
1921,10454,1921,8716
1921,8947,1921,9872
1921,9740,1921,9532
1921,7844,1921,6850
1922,8329,1922,8334
1922,6950,1922,7437
1922,8590,1922,8666
1922,7999,1922,7204
1922,7387,1922,8130
1922,7153,1922,5546
1922,6438,1922,7513
1922,6643,1922,6719
1922,6435,1922,6770
1922,7132,1922,8870
1922,9353,1922,8612
1922,6927,1923,6517
1923,8614,1923,8870
1923,6720,1923,5848
1923,6438,1923,7463
1923,7158,1923,7562
1923,7795,1923,8357
1923,7537,1923,6645
1923,7129,1923,7125
1923,6873,1923,6285
1923,8202,1923,9435
1923,7845,1923,8844
1923,9020,1923,7285
1924,7744,1924,8075
1924,8537,1924,8944
1924,9276,1924,8307
1924,8768,1924,8870
1924,8506,1924,8150
1924,9022,1924,10045
1924,9151,1924,8713
1924,11069,1924,11350
1924,11226,1924,11842
1924,11886,1924,11758
1924,9714,1924,9765
1924,12529,1925,11427
1925,10019,1925,9281
1925,11892,1925,14472
1925,12709,1925,11273
1925,12708,1925,12401
1925,11376,1925,11582
1925,13012,1925,13605
1925,13374,1925,13757
1925,16087,1925,14911
1925,12476,1925,13549
1925,15782,1925,14523
1925,13601,1925,12964
1926,14292,1926,14885
1926,12960,1926,11966
1926,13320,1926,13834
1926,12886,1926,12375
1926,15038,1926,15012
1926,13398,1926,13857
1926,14061,1926,15189
1926,15957,1926,14730
1926,14370,1926,14344
1926,13093,1926,11763
1926,12654,1926,13809
1926,12558,1927,11837
1927,14115,1927,14964
1927,14831,1927,12710
1927,12811,1927,12043
1927,11456,1927,11044
1927,11841,1927,11734
1927,10636,1927,11453
1927,12687,1927,12426
1927,12345,1927,12527
1927,13321,1927,12942
1927,13398,1927,13144
1927,13502,1927,12809
1928,10073,1928,10738
1928,12119,1928,11097
1928,11706,1928,12119
1928,13218,1928,13835
1928,13166,1928,11889
1928,11376,1928,10941
1928,12044,1928,12787
1928,12350,1928,9943
1928,9201,1928,9943
1928,11095,1928,10942
1928,10789,1928,10765
1928,11993,1929,11610
1929,10965,1929,11170
1929,11119,1929,9022
1929,9171,1929,9251
1929,9919,1929,9076
1929,9741,1929,9665
1929,10225,1929,10072
1929,8841,1929,9175
1929,9022,1929,7665
1929,7870,1929,7795
1929,8358,1929,8896
1929,8051,1929,9506
1930,10403,1930,9893
1930,9126,1930,8638
1930,9407,1930,8433
1930,6819,1930,6331
1930,7433,1930,7461
1930,6924,1930,7230
1930,7869,1930,7257
1930,6229,1930,8050
1930,10941,1930,9099
1930,7899,1930,7309
1930,7869,1930,8845
1930,10430,1931,8281
1931,8357,1931,8868
1931,8563,1931,7640
1931,7896,1931,8485
1931,6980,1931,7311
1931,8562,1931,8302
1931,7872,1931,6899
1931,8025,1931,8332
1931,8180,1931,8253
1931,9022,1931,8405
1931,7972,1931,8255
1931,8100,1932,7129
1932,8178,1932,10194
1932,11043,1932,9665
1932,8767,1932,8793
1932,10584,1932,11303
1932,11094,1932,11657
1932,12454,1932,13608
1932,14066,1932,14295
1932,15576,1932,14421
1932,13882,1932,15648
1932,17305,1932,15955
1932,14602,1932,15807
1933,14780,1933,13555
1933,14603,1933,14449
1933,14606,1933,13786
1933,15091,1933,17062
1933,18828,1933,18058
1933,17186,1933,16214
1933,18902,1933,20540
1933,20790,1933,20971
1933,20791,1933,19996
1933,20716,1933,20618
1933,20973,1933,22487
1933,21539,1934,19258
1934,19385,1934,19413
1934,18949,1934,18621
1934,18747,1934,19109
1934,18160,1934,19876
1934,21383,1934,18391
1934,19239,1934,21541
1934,22869,1934,21614
1934,20769,1934,20436
1934,20566,1934,20157
1934,19976,1934,19798
1934,18676,1934,19776
1935,18187,1935,16212
1935,17647,1935,17084
1935,14038,1935,14730
1935,16884,1935,17161
1935,15116,1935,17085
1935,19365,1935,17190
1935,15934,1935,17166
1935,18464,1935,17392
1935,16368,1935,16726
1935,18723,1935,17875
1935,16214,1935,13734
1935,13681,1936,15061
1936,14500,1936,14219
1936,15138,1936,14193
1936,13118,1936,14015
1936,13807,1936,12218
1936,10120,1936,10686
1936,13350,1936,12838
1936,10712,1936,10556
1936,13861,1936,14628
1936,13705,1936,11738
1936,12660,1936,12044
1936,10612,1936,11610
1937,13246,1937,12684
1937,11252,1937,9691
1937,10225,1937,11118
1937,10583,1937,8664
1937,9382,1937,10814
1937,10353,1937,9480
1937,10482,1937,10201
1937,10867,1937,10660
1937,10354,1937,10017
1937,10663,1937,10429
1937,11556,1937,12068
1937,11478,1938,11223
1938,11248,1938,11889
1938,11043,1938,10048
1938,9842,1938,11175
1938,9816,1938,8792
1938,9919,1938,9817
1938,8433,1938,8563
1938,10046,1938,9250
1938,8793,1938,9178
1938,10069,1938,9536
1938,8179,1938,8407
1938,9149,1938,9406
1939,9098,1939,8384
1939,8717,1939,7690
1939,6799,1939,7156
1939,10020,1939,8740
1939,7411,1939,7998
1939,10046,1939,8820
1939,8869,1939,8328
1939,7996,1939,9508
1939,10428,1939,9355
1939,8947,1939,8510
1939,8459,1939,9281
1939,9509,1940,9227
1940,7795,1940,7384
1940,7921,1940,9637
1940,9283,1940,8793
1940,8896,1940,7923
1940,8254,1940,8330
1940,8817,1940,8792
1940,7513,1940,8076
1940,9277,1940,9329
1940,10327,1940,9173
1940,7919,1940,9352
1940,9994,1940,8585
1941,9793,1941,9714
1941,9202,1941,8689
1941,9789,1941,8739
1941,8434,1941,7663
1941,9226,1941,9432
1941,8331,1941,8584
1941,9226,1941,8820
1941,7436,1941,7386
1941,7742,1941,7464
1941,6182,1941,6744
1941,9384,1941,9355
1941,7739,1942,8665
1942,9098,1942,8459
1942,7615,1942,7234
1942,7973,1942,7716
1942,6362,1942,7359
1942,9457,1942,9792
1942,9408,1942,8846
1942,9658,1942,10222
1942,9226,1942,9101
1942,9457,1942,8816
1942,7381,1942,8050
1942,8436,1942,7767
1943,8361,1943,8201
1943,8945,1943,7893
1943,6436,1943,6718
1943,7334,1943,7131
1943,6926,1943,7053
1943,7969,1943,7819
1943,7717,1943,8896
1943,9560,1943,7894
1943,6946,1943,7435
1943,9763,1943,9763
1943,9408,1943,9739
1943,10402,1944,10427
1944,8893,1944,7361
1944,8179,1944,9153
1944,9127,1944,7487
1944,8690,1944,8356
1944,8278,1944,9688
1944,10659,1944,9918
1944,8129,1944,8893
1944,10736,1944,9795
1944,8487,1944,7562
1944,8689,1944,7766
1944,7819,1945,8510
1945,9100,1945,7995
1945,8203,1945,8968
1945,8382,1945,6976
1945,7354,1945,8642
1945,9841,1945,8817
1945,9253,1945,9402
1945,8768,1945,8357
1945,7180,1945,7793
1945,9969,1945,9584
1945,7717,1945,7513
1945,9302,1945,9971
1946,9434,1946,10307
1946,10891,1946,9228
1946,7950,1946,8765
1946,11196,1946,10456
1946,8638,1946,9379
1946,10252,1946,9790
1946,9199,1946,9815
1946,9869,1946,10173
1946,9252,1946,8688
1946,9890,1946,9024
1946,8051,1946,7585
1946,8049,1947,8409
1947,8462,1947,8001
1947,8867,1947,8510
1947,7666,1947,8180
1947,9020,1947,8074
1947,6739,1947,7027
1947,8561,1947,8075
1947,6644,1947,6614
1947,7233,1947,8587
1947,8101,1947,7460
1947,8279,1947,8789
1947,7588,1947,7922
1948,8844,1948,8332
1948,6920,1948,6027
1948,7130,1948,7769
1948,7053,1948,7258
1948,8131,1948,7383
1948,7384,1948,8101
1948,8691,1948,8636
1948,8410,1948,9228
1948,9203,1948,8813
1948,7717,1948,7796
1948,7178,1948,8073
1948,8792,1949,8410
1949,8945,1949,9741
1949,9151,1949,9609
1949,10327,1949,9304
1949,8177,1949,7538
1949,7844,1949,7407
1949,7207,1949,7181
1949,8615,1949,8666
1949,7205,1949,6698
1949,6974,1949,7643
1949,6206,1949,7105
1949,8924,1949,8409
1950,8535,1950,8203
1950,8357,1950,8328
1950,8637,1950,7486
1950,7462,1950,8587
1950,7820,1950,7716
1950,7180,1950,8869
1950,9431,1950,8715
1950,9638,1950,10354
1950,8897,1950,8021
1950,9944,1950,9277
1950,7821,1950,8227
1950,9098,1951,9331
1951,8307,1951,9074
1951,9044,1951,8229
1951,8150,1951,7435
1951,9587,1951,10454
1951,8919,1951,7998
1951,9382,1951,8995
1951,7410,1951,7920
1951,8969,1951,9767
1951,8793,1951,8381
1951,9844,1951,11147
1951,9842,1952,8000
1952,8767,1952,9455
1952,8257,1952,7766
1952,7282,1952,7822
1952,7869,1952,7103
1952,8280,1952,9151
1952,8637,1952,7103
1952,8483,1952,9945
1952,9742,1952,7389
1952,8048,1952,8564
1952,8000,1952,8049
1952,9790,1952,9303
1953,7925,1953,7740
1953,8511,1953,8743
1953,8640,1953,8820
1953,9686,1953,8458
1953,7563,1953,7536
1953,8022,1953,7358
1953,6491,1953,6617
1953,8277,1953,8562
1953,7870,1953,7484
1953,8048,1953,7230
1953,5975,1953,7921
1953,8152,1954,8127
1954,8281,1954,6923
1954,7718,1954,7235
1954,7640,1954,7358
1954,7075,1954,7562
1954,6489,1954,6335
1954,8509,1954,7899
1954,7514,1954,7821
1954,7796,1954,7129
1954,6588,1954,7129
1954,8104,1954,6874
1954,7384,1954,8073
1955,7998,1955,7079
1955,6314,1955,7411
1955,9046,1955,7382
1955,7487,1955,7869
1955,8051,1955,6363
1955,6204,1955,6591
1955,7641,1955,7770
1955,7204,1955,7537
1955,8535,1955,8125
1955,8380,1955,7768
1955,7999,1955,7925
1955,7384,1956,6869
1956,6769,1956,7052
1956,7871,1956,8077
1956,7588,1956,7229
1956,7050,1956,7845
1956,7897,1956,7232
1956,6847,1956,7821
1956,8741,1956,8174
1956,6951,1956,6590
1956,7817,1956,8023
1956,8382,1956,8127
1956,8767,1956,8025
1957,7535,1957,7356
1957,7384,1957,7385
1957,6614,1957,7181
1957,8179,1957,7514
1957,7486,1957,7047
1957,7535,1957,8256
1957,8203,1957,8894
1957,9255,1957,8308
1957,6823,1957,7742
1957,8997,1957,8279
1957,8025,1957,7282
1958,7409,1958,8151
1958,8025,1958,8306
1958,9433,1958,9047
1958,8636,1958,7893
1958,9687,1958,9869
1958,8075,1958,8256
1958,8001,1958,6620
1958,7129,1958,6670
1958,7052,1958,7131
1958,7644,1958,7895
1958,8332,1958,7924
1958,7693,1959,6950
1959,7512,1959,7923
1959,7815,1959,6669
1959,6157,1959,7231
1959,7766,1959,7563
1959,7360,1959,7127
1959,7309,1959,6740
1959,7053,1959,7487
1959,7408,1959,7771
1959,8356,1959,8822
1959,8334,1959,7053
1959,7998,1959,8230
1960,7331,1960,8818
1960,9609,1960,7105
1960,7052,1960,8125
1960,9300,1960,8482
1960,6513,1960,7079
1960,8892,1960,8228
1960,7409,1960,7511
1960,9585,1960,9510
1960,7053,1960,6079
1960,7870,1960,8563
1960,7226,1960,6257
1960,6824,1961,8410
1961,7643,1961,6945
1961,7257,1961,7206
1961,8101,1961,7843
1961,9125,1961,8048
1961,7181,1961,7871
1961,7128,1961,7025
1961,6695,1961,6895
1961,7894,1961,8227
1961,6564,1961,6950
1961,9866,1961,9584
1961,8305,1962,7972
1962,8768,1962,8971
1962,7309,1962,6259
1962,7279,1962,7716
1962,8767,1962,7536
1962,7051,1962,7003
1962,6976,1962,7665
1962,9408,1962,9024
1962,8813,1962,8281
1962,8998,1962,8585
1962,8049,1962,8486
1962,9305,1962,7618
1963,7027,1963,8024
1963,8024,1963,7183
1963,7129,1963,7847
1963,10174,1963,7846
1963,6283,1963,7512
1963,8821,1963,7563
1963,7745,1963,7459
1963,8459,1963,8485
1963,8026,1963,8409
1963,9125,1963,7305
1963,7258,1963,8974
1963,9409,1964,8690
1964,8104,1964,9459
1964,8970,1964,7641
1964,7819,1964,8333
1964,7924,1964,7413
1964,6875,1964,6666
1964,7283,1964,6569
1964,6720,1964,6617
1964,7333,1964,6310
1964,5977,1964,7028
1964,7821,1964,7283
1964,6514,1964,8127
1965,8103,1965,7743
1965,7743,1965,8046
1965,6977,1965,6946
1965,7285,1965,7361
1965,8459,1965,7820
1965,6974,1965,6952
1965,8201,1965,8385
1965,7718,1965,8255
1965,9043,1965,7767
1965,7743,1965,8151
1965,8795,1965,7690
1965,6666,1966,7766
1966,8303,1966,8664
1966,8003,1966,6414
1966,7487,1966,7178
1966,7971,1966,7462
1966,7589,1966,7996
1966,8075,1966,8331
1966,8945,1966,8921
1966,6208,1966,5571
1966,7744,1966,9845
1966,8207,1966,7383
1966,10175,1967,10377
1967,9484,1967,8510
1967,8970,1967,7895
1967,6696,1967,7054
1967,7896,1967,7131
1967,6537,1967,6105
1967,7282,1967,8918
1967,9274,1967,9074
1967,8972,1967,8307
1967,9076,1967,8817
1967,9942,1967,10225
1967,8716,1967,6944
1968,8715,1968,8868
1968,8125,1968,7615
1968,8205,1968,8717
1968,7896,1968,8049
1968,9534,1968,9122
1968,8176,1968,7487
1968,9944,1968,10712
1968,10505,1968,10125
1968,10915,1968,9535
1968,8407,1968,7488
1968,7026,1968,7718
1968,8383,1969,9226
1969,10941,1969,10792
1969,9224,1969,8204
1969,9817,1969,10196
1969,8204,1969,8176
1969,10509,1969,9025
1969,7208,1969,6489
1969,8509,1969,10328
1969,8945,1969,7564
1969,8717,1969,8234
1969,7125,1969,6845
1969,8943,1969,9538
1970,7792,1970,6976
1970,9382,1970,9482
1970,8023,1970,7948
1970,9612,1970,9790
1970,7948,1970,8359
1970,10406,1970,8662
1970,7358,1970,9048
1970,10483,1970,10281
1970,7922,1970,7024
1970,8328,1970,8022
1970,7307,1970,7538
1971,9330,1971,8280
1971,7410,1971,6487
1971,8154,1971,8049
1971,7052,1971,7998
1971,9407,1971,9711
1971,9150,1971,9100
1971,9508,1971,8635
1971,7512,1971,8382
1971,10305,1971,8792
1971,7103,1971,7155
1971,8485,1971,8436
1971,8795,1972,9254
1972,7383,1972,7592
1972,7307,1972,7765
1972,10583,1972,9966
1972,7845,1972,7846
1972,9233,1972,9025
1972,6595,1972,6565
1972,8304,1972,8489
1972,8634,1972,8484
1972,9125,1972,8384
1972,7689,1972,7357
1972,8562,1972,7769
1973,7643,1973,7636
1973,6539,1973,5924
1973,6925,1973,8635
1973,8821,1973,7541
1973,6311,1973,6411
1973,7950,1973,7820
1973,6668,1973,7227
1973,8866,1973,8102
1973,7435,1973,8203
1973,9430,1973,9328
1973,9354,1973,10224
1974,10223,1974,8741
1974,7286,1974,7839
1974,8326,1974,8024
1974,6743,1974,7231
1974,9355,1974,8383
1974,7871,1974,7973
1974,8330,1974,8562
1974,7897,1974,7151
1974,7025,1974,7435
1974,8383,1974,7227
1974,7972,1974,7743
1974,6794,1975,7842
1975,9433,1975,7869
1975,7666,1975,8454
1975,7869,1975,8459
1975,8742,1975,9026
1975,7923,1975,7794
1975,8123,1975,8254
1975,7974,1975,8611
1975,8228,1975,7586
1975,6922,1975,7717
1975,8177,1975,7077
1975,8202,1975,8611
1976,7615,1976,6693
1976,7820,1976,7666
1976,7973,1976,8178
1976,7923,1976,7666
1976,7463,1976,7411
1976,7920,1976,8129
1976,7437,1976,6873
1976,8589,1976,8484
1976,8200,1976,8076
1976,9815,1976,10121
1976,9328,1976,10992
1977,10330,1977,8690
1977,7715,1977,8180
1977,9126,1977,9457
1977,9586,1977,8970
1977,9330,1977,7869
1977,7000,1977,8205
1977,10969,1977,10582
1977,8588,1977,8281
1977,9768,1977,9482
1977,7794,1977,7202
1977,6871,1977,7717
1977,7825,1978,7256
1978,6747,1978,6794
1978,7973,1978,9048
1978,8690,1978,7768
1978,8435,1978,8693
1978,8564,1978,7077
1978,6745,1978,7308
1978,9639,1978,8665
1978,5876,1978,7078
1978,8204,1978,8152
1978,8049,1978,6848
1978,6567,1978,6334
1979,5776,1979,6260
1979,7689,1979,8231
1979,8257,1979,6617
1979,7076,1979,7845
1979,6999,1979,6950
1979,7922,1979,7229
1979,6437,1979,7333
1979,7101,1979,5899
1979,7005,1979,7435
1979,7614,1979,6207
1979,6105,1979,6950
1979,7797,1980,7742
1980,5776,1980,5058
1980,6157,1980,6364
1980,6516,1980,5772
1980,5875,1980,6670
1980,6643,1980,6005
1980,6490,1980,6156
1980,6335,1980,7205
1980,7181,1980,6055
1980,5260,1980,6386
1980,6921,1980,7435
1980,7310,1981,8332
1981,8357,1981,7567
1981,7539,1981,6694
1981,7741,1981,8589
1981,8689,1981,8153
1981,7565,1981,6820
1981,5976,1981,6056
1981,7053,1981,6977
1981,8204,1981,8076
1981,7822,1981,6697
1981,6567,1981,7972
1981,8305,1981,7666
1982,6669,1982,6460
1982,6747,1982,7130
1982,6567,1982,6513
1982,7356,1982,7157
1982,8025,1982,8640
1982,9329,1982,9098
1982,8514,1982,8047
1982,8204,1982,8387
1982,8536,1982,7894
1982,8175,1982,8076
1982,6080,1982,7050
1982,8559,1983,8640
1983,7333,1983,7030
1983,7895,1983,9198
1983,8386,1983,7588
1983,8818,1983,7205
1983,6490,1983,8203
1983,9663,1983,8637
1983,6260,1983,6487
1983,7742,1983,7998
1983,8025,1983,8921
1983,9974,1983,8690
1983,8664,1984,9429
1984,10532,1984,8693
1984,7231,1984,7230
1984,8252,1984,9277
1984,8332,1984,8076
1984,8076,1984,7769
1984,8585,1984,9458
1984,9434,1984,8283
1984,8181,1984,8870
1984,10024,1984,9789
1984,9226,1984,8511
1984,7462,1984,7950
1985,8844,1985,8562
1985,8638,1985,7436
1985,7484,1985,7153
1985,8745,1985,9944
1985,9457,1985,8278
1985,7280,1985,7766
1985,8074,1985,7718
1985,8284,1985,8129
1985,7412,1985,7077
1985,8101,1985,9198
1985,8228,1985,8739
1986,9173,1986,7537
1986,6995,1986,7872
1986,9174,1986,8998
1986,7306,1986,7947
1986,9227,1986,10330
1986,10200,1986,10121
1986,9916,1986,10150
1986,9893,1986,9561
1986,9864,1986,9944
1986,9430,1986,9993
1986,11249,1986,10508
1986,9660,1987,9482
1987,11610,1987,9897
1987,8000,1987,8001
1987,9585,1987,10813
1987,10224,1987,10275
1987,11658,1987,12298
1987,11738,1987,10992
1987,11302,1987,11375
1987,10840,1987,11660
1987,12605,1987,11250
1987,10304,1987,10455
1987,10404,1987,10048
1988,9538,1988,9944
1988,10177,1988,11124
1988,10995,1988,9868
1988,10021,1988,11020
1988,11557,1988,12530
1988,12326,1988,10122
1988,9944,1988,10048
1988,10455,1988,9435
1988,9177,1988,9276
1988,10304,1988,10506
1988,8511,1988,8104
1989,10099,1989,9025
1989,9227,1989,8664
1989,9559,1989,9686
1989,8946,1989,7794
1989,9278,1989,10275
1989,8307,1989,7079
1989,7872,1989,10280
1989,10022,1989,9125
1989,9867,1989,9688
1989,8358,1989,8866
1989,9256,1989,9917
1989,8819,1990,8125
1990,8563,1990,9484
1990,9560,1990,8873
1990,8970,1990,9790
1990,9409,1990,8460
1990,8410,1990,9663
1990,10378,1990,9051
1990,9154,1990,9306
1990,9435,1990,8638
1990,9278,1990,9661
1990,8078,1990,7307
1990,9124,1990,9584
1991,9305,1991,8304
1991,8153,1991,8638
1991,9099,1991,8305
1991,9483,1991,9508
1991,7743,1991,8665
1991,11481,1991,11630
1991,10554,1991,10630
1991,10482,1991,9738
1991,8790,1991,8256
1991,9231,1991,9971
1991,9177,1991,8074
1992,8791,1992,8634
1992,7564,1992,7998
1992,9199,1992,8972
1992,10223,1992,11248
1992,11557,1992,11071
1992,9331,1992,9046
1992,9969,1992,8893
1992,8996,1992,9149
1992,8637,1992,7944
1992,8357,1992,9150
1992,10635,1992,10584
1992,9483,1993,9328
1993,10329,1993,10408
1993,9971,1993,9177
1993,8765,1993,8767
1993,9637,1993,9355
1993,9816,1993,10097
1993,9815,1993,9536
1993,10658,1993,10202
1993,9099,1993,8156
1993,10199,1993,10429
1993,9178,1993,8690
1993,9637,1994,9124
1994,9024,1994,7258
1994,7309,1994,7489
1994,7945,1994,8176
1994,7688,1994,8331
1994,8791,1994,8152
1994,8434,1994,9665
1994,9485,1994,10252
1994,11277,1994,10301
1994,9251,1994,8612
1994,11427,1994,11043
1994,7945,1994,6129
1995,7921,1995,9358
1995,8459,1995,9023
1995,10429,1995,8691
1995,7691,1995,8918
1995,9455,1995,9816
1995,9689,1995,7945
1995,7921,1995,7793
1995,7204,1995,8918
1995,10098,1995,8484
1995,7179,1995,6897
1995,8842,1995,7540
1995,7819,1996,8691
1996,11071,1996,11354
1996,9333,1996,7818
1996,9714,1996,9971
1996,9202,1996,8691
1996,8436,1996,8896
1996,8971,1996,7309
1996,9533,1996,9610
1996,8665,1996,7970
1996,8126,1996,7590
1996,6208,1996,6077
1996,7154,1997,7203
1997,7488,1997,7895
1997,9612,1997,8895
1997,7228,1997,7514
1997,8638,1997,8583
1997,8971,1997,9126
1997,8585,1997,7612
1997,8000,1997,8432
1997,8998,1997,8334
1997,7691,1997,8051
1997,8741,1997,8154
1997,7412,1997,8564
1998,9614,1998,8561
1998,7076,1998,8306
1998,9096,1998,6974
1998,6693,1998,8228
1998,7054,1998,6157
1998,6768,1998,7049
1998,7538,1998,6566
1998,5388,1998,6771
1998,7103,1998,7742
1998,6207,1998,6004
1998,7946,1998,8766
1999,8205,1999,6926
1999,6669,1999,7335
1999,7181,1999,6182
1999,7511,1999,7280
1999,5363,1999,5537
1999,6844,1999,7103
1999,6364,1999,6850
1999,6898,1999,7614
1999,7488,1999,7870
1999,8868,1999,7818
1999,6921,1999,6592
1999,6282,2000,6670
2000,7512,2000,9430
2000,10428,2000,9406
2000,8614,2000,8615
2000,9740,2000,9435
2000,8281,2000,8228
2000,9176,2000,8282
2000,7538,2000,7105
2000,8689,2000,9201
2000,8462,2000,7536
2000,9228,2000,9792
2000,8892,2001,7921
2001,7871,2001,7540
2001,6922,2001,7589
2001,9098,2001,8535
2001,7998,2001,9790
2001,10504,2001,8128
2001,7666,2001,7540
2001,9355,2001,9970
2001,7845,2001,6053
2001,7640,2001,8636
2001,8332,2001,7539
2001,9151,2001,8971
2002,7510,2002,6822
2002,8460,2002,9126
2002,7591,2002,6696
2002,6642,2002,6158
2002,6361,2002,7514
2002,8331,2002,7434
2002,7973,2002,7003
2002,8078,2002,9025
2002,8636,2002,7535
2002,8742,2002,8305
2002,6899,2002,6873
2002,8460,2003,10049
2003,9178,2003,8409
2003,8075,2003,7691
2003,8306,2003,7184
2003,7642,2003,7101
2003,6844,2003,7080
2003,7950,2003,7842
2003,7434,2003,6823
2003,8177,2003,8563
2003,7383,2003,7691
2003,8586,2003,8157
2003,7253,2004,7793
2004,8411,2004,7820
2004,7769,2004,7409
2004,8229,2004,7868
2004,6692,2004,6900
2004,7386,2004,7668
2004,6589,2004,6617
2004,6617,2004,5723
2004,5926,2004,6643
2004,8258,2004,8001
2004,6209,2004,6361
2004,7436,2004,8740
2005,7639,2005,7382
2005,9023,2005,9714
2005,9508,2005,8509
2005,9228,2005,9026
2005,8052,2005,7695
2005,8720,2005,8125
2005,8279,2005,6953
2005,7183,2005,6335
2005,5212,2005,6001
2005,7461,2005,6694
2005,5466,2005,5899
2006,7203,2006,7077
2006,5925,2006,6104
2006,7768,2006,7948
2006,6179,2006,5236
2006,7283,2006,7153
2006,6027,2006,5747
2006,7051,2006,7437
2006,5874,2006,5954
2006,6337,2006,7078
2006,6564,2006,6413
2006,7849,2006,7590
2006,6131,2007,6201
2007,7383,2007,7719
2007,5904,2007,5543
2007,7333,2007,8077
2007,7001,2007,6054
2007,6924,2007,7848
2007,7461,2007,7721
2007,8050,2007,8000
2007,7101,2007,6821
2007,7001,2007,8408
2007,6900,2007,6745
2007,7718,2008,8461
2008,8149,2008,7973
2008,9152,2008,9660
2008,8307,2008,7693
2008,8461,2008,7898
2008,6563,2008,7152
2008,7924,2008,7076
2008,6260,2008,6746
2008,7997,2008,7714
2008,7487,2008,6310
2008,6696,2008,6848
2008,7566,2008,7001
2009,7998,2009,8074
2009,6256,2009,7311
2009,7309,2009,6644
2009,6743,2009,7154
2009,7945,2009,8869
2009,8690,2009,8229
2009,6949,2009,6077
2009,6029,2009,7892
2009,8969,2009,7819
2009,6361,2009,6232
2009,6179,2009,5593
2010,6233,2010,6898
2010,7385,2010,6822
2010,6924,2010,7256
2010,7334,2010,6926
2010,6643,2010,7177
2010,8639,2010,9458
2010,7872,2010,7641
2010,9585,2010,7869
2010,6336,2010,6537
2010,8790,2010,9506
2010,8203,2010,8433
2010,8688,2011,7258
2011,6798,2011,7102
2011,9377,2011,8308
2011,6847,2011,7280
2011,8332,2011,8231
2011,7616,2011,7436
2011,8382,2011,9406
2011,8306,2011,7182
2011,7486,2011,6389
2011,5824,2011,7105
2011,8304,2011,7104
2011,5820,2012,6514
2012,7180,2012,7361
2012,8051,2012,7103
2012,6540,2012,6388
2012,5593,2012,5674
2012,7179,2012,6950
2012,6539,2012,6437
2012,6948,2012,5977
2012,5877,2012,6901
2012,7283,2012,7154
2012,7211,2012,8512
2012,8817,2012,9254
2013,8488,2013,7437
2013,7845,2013,8666
2013,7973,2013,7668
2013,8818,2013,7692
2013,7488,2013,7664
2013,9249,2013,8330
2013,6641,2013,7207
2013,8077,2013,7766
2013,8382,2013,9098
2013,9331,2013,7895
2013,7414,2013,8127
2014,8642,2014,7840
2014,7051,2014,8332
2014,10301,2014,7818
2014,6311,2014,7102
2014,8051,2014,8739
2014,8973,2014,8230
2014,8024,2014,7999
2014,8105,2014,8970
2014,9099,2014,9024
2014,8024,2014,8331
2014,8609,2014,7798
2014,6926,2015,6797
2015,8225,2015,9431
2015,9278,2015,7357
2015,7618,2015,6925
2015,7177,2015,7640
2015,8227,2015,7075
2015,6536,2015,6464
2015,8255,2015,9174
2015,9072,2015,7821
2015,7639,2015,8099
2015,7921,2015,8229
2015,9329,2016,8972
2016,8305,2016,7946
2016,8509,2016,7922
2016,7615,2016,7031
2016,8434,2016,8690
2016,8434,2016,8793
2016,9254,2016,9227
2016,8639,2016,7662
2016,8457,2016,8634
2016,7586,2016,7309
2016,8584,2016,8331
2016,8203,2016,7742
2017,7767,2017,8102
2017,7209,2017,6793
2017,8511,2017,10149
2017,9740,2017,9023
2017,7818,2017,7590
2017,7795,2017,7204
2017,8846,2017,8230
2017,6872,2017,5665
2017,6439,2017,7896
2017,7612,2017,7232
2017,8765,2017,9585
2018,8847,2018,7335
2018,7768,2018,8820
2018,8638,2018,8405
2018,9201,2018,10094
2018,8891,2018,8180
2018,8971,2018,10121
2018,9533,2018,9790
2018,10813,2018,10582
2018,9329,2018,9201
2018,9352,2018,9684
2018,9708,2018,10324
2018,10912,2019,9022
2019,8357,2019,10148
2019,10990,2019,8971
2019,7541,2019,7130
2019,7945,2019,8128
2019,8971,2019,9457
2019,10869,2019,9329
2019,8458,2019,10760
2019,11989,2019,11300
2019,10581,2019,10967
2019,12679,2019,11759
2019,10862,2020,9560
2020,9738,2020,9818
2020,9866,2020,10481
2020,10402,2020,9099
2020,8048,2020,8356
2020,8487,2020,9409
2020,10301,2020,8765
2020,8815,2020,8330
2020,8436,2020,9073
2020,11015,2020,10151
2020,9841,2020,10097
2020,10123,2021,9713
2021,9124,2021,7817
2021,9534,2021,10887
2021,9917,2021,8407
2021,8844,2021,8486
2021,7999,2021,8255
2021,9023,2021,9381
2021,8999,2021,8458
2021,9098,2021,10250
2021,10429,2021,8716
2021,8795,2021,9052
2021,8483,2021,7946
2022,8282,2022,9127
2022,7892,2022,7464
2022,7435,2022,9586
2022,10712,2022,8968
2022,8405,2022,8769
2022,8128,2022,7613
2022,10152,2022,10125
2022,7821,2022,6079
2022,7487,2022,8716
2022,7536,2022,7817
2022,8895,2022,8793
2023,7739,2023,8025
2023,8252,2023,8254
2023,7564,2023,7330
2023,8283,2023,8508
2023,7973,2023,6361
2023,7588,2023,8590
2023,8457,2023,7079
2023,7079,2023,7435
2023,6308,2023,5620
2023,6232,2023,6641
2023,6563,2023,7792
2023,8766,2024,7822
2024,7561,2024,8279
2024,7644,2024,7566
2024,8202,2024,7998
2024,8483,2024,7690
2024,6849,2024,6514
2024,7436,2024,7718
2024,9919,2024,10099
2024,8231,2024,7051
2024,7461,2024,7103
2024,8256,2024,10020
2024,9610,2025,7715
2025,8742,2025,8153
2025,6867,2025,6617
2025,7539,2025,8203
2025,7745,2025,8459
2025,9282,2025,8718
2025,7719,2025,7744
2025,8689,2025,9077
2025,7615,2025,8153
2025,9971,2025,9923
2025,7872,2025,7666
2025,9328,2025,8896
2026,9076,2026,10071
2026,11760,2026,10350
2026,8561,2026,8305
2026,9635,2026,9534
2026,8562,2026,7613
2026,9126,2026,8508
2026,8150,2026,8201
2026,9124,2026,8766
2026,8867,2026,8051
2026,8382,2026,8615
2026,8228,2026,7153
2027,8203,2027,8457
2027,7741,2027,8588
2027,10225,2027,10428
2027,8765,2027,7408
2027,8841,2027,9663
2027,8688,2027,7362
2027,8740,2027,9124
2027,8331,2027,7252
2027,7073,2027,7614
2027,8537,2027,8382
2027,8534,2027,8406
2028,8533,2028,8126
2028,8253,2028,6974
2028,6311,2028,6490
2028,7384,2028,7436
2028,5672,2028,5337
2028,7720,2028,9179
2028,8103,2028,8793
2028,9432,2028,8332
2028,7436,2028,8122
2028,10045,2028,9457
2028,7382,2028,6844
2028,7918,2029,7691
2029,7181,2029,6282
2029,7027,2029,7031
2029,6515,2029,5903
2029,6923,2029,8917
2029,8178,2029,7180
2029,8793,2029,8204
2029,7899,2029,9407
2029,9635,2029,7308
2029,5517,2029,7331
2029,8587,2029,7691
2029,7361,2030,7820
2030,8460,2030,7720
2030,7077,2030,7178
2030,9457,2030,9638
2030,6847,2030,6281
2030,8124,2030,8076
2030,6798,2030,5722
2030,6516,2030,7512
2030,6898,2030,6798
2030,7488,2030,6873
2030,6412,2030,6667
2030,7408,2030,7255
2031,7693,2031,7845
2031,7312,2031,6850
2031,6439,2031,6001
2031,6205,2031,6540
2031,6694,2031,7357
2031,7409,2031,6462
2031,5516,2031,6130
2031,6127,2031,5925
2031,5492,2031,6439
2031,7616,2031,8740
2031,6999,2031,5799
2032,6158,2032,7306
2032,7487,2032,6846
2032,7539,2032,7718
2032,6770,2032,6185
2032,5899,2032,6924
2032,7107,2032,6618
2032,7127,2032,6385
2032,5901,2032,6747
2032,8765,2032,8913
2032,7284,2032,6389
2032,7795,2032,7282
2033,7026,2033,6873
2033,7385,2033,7333
2033,7846,2033,6899
2033,7078,2033,7821
2033,6695,2033,6126
2033,6106,2033,6183
2033,6666,2033,7743
2033,8356,2033,8227
2033,7284,2033,7588
2033,8281,2033,7746
2033,6846,2033,6744
2033,6742,2034,6668
2034,6666,2034,7104
2034,8305,2034,8053
2034,6851,2034,7587
2034,7746,2034,6899
2034,6517,2034,6049
2034,7976,2034,8205
2034,6745,2034,7921
2034,8715,2034,7589
2034,8001,2034,8359
2034,8666,2034,7921
2034,6695,2035,7335
2035,9225,2035,8667
2035,6256,2035,6155
2035,8205,2035,8410
2035,7255,2035,7588
2035,8739,2035,7870
2035,6101,2035,5825
2035,7487,2035,7155
2035,6515,2035,7256
2035,8410,2035,8127
2035,6184,2035,5851
2035,6183,2036,6156
2036,7563,2036,8408
2036,8410,2036,7923
2036,6692,2036,6540
2036,6156,2036,5104
2036,4748,2036,5671
2036,7642,2036,8331
2036,5542,2036,5515
2036,7234,2036,6794
2036,6284,2036,7000
2036,8357,2036,7642
2036,6129,2036,6081
2037,7593,2037,7514
2037,6594,2037,7000
2037,7337,2037,7793
2037,7795,2037,6744
2037,7413,2037,7848
2037,5748,2037,6719
2037,8510,2037,7716
2037,6922,2037,6617
2037,7004,2037,6514
2037,6409,2037,6413
2037,7461,2037,8205
2038,8486,2038,7054
2038,7972,2038,7718
2038,6566,2038,7336
2038,8792,2038,8126
2038,7360,2038,6541
2038,7434,2038,7947
2038,7462,2038,7795
2038,9330,2038,8280
2038,7436,2038,7487
2038,9022,2038,8124
2038,6821,2038,6437
2038,7255,2039,7487
2039,6951,2039,6260
2039,6768,2039,7872
2039,7384,2039,7818
2039,8148,2039,8435
2039,7563,2039,7794
2039,8305,2039,8127
2039,8382,2039,7713
2039,8716,2039,8511
2039,7791,2039,8381
2039,9382,2039,10814
2039,11379,2040,13348
2040,17957,2040,22177
2040,26248,2040,32880
2040,41180,2040,47495
2040,55459,2040,64625
2040,75556,2040,86205
2040,99467,2040,110447
2040,120271,2040,131382
2040,137240,2040,139059
2040,147759,2040,148502
2040,142997,2040,139598
2040,137367,2041,135732
2041,133686,2041,134377
2041,139882,2041,144284
2041,145669,2041,145897
2041,155319,2041,166890
2041,174985,2041,181638
2041,193901,2041,206595
2041,217656,2041,226023
2041,233855,2041,236004
2041,236774,2041,238206
2041,239894,2041,227633
2041,214373,2041,209994
2042,212172,2042,205420
2042,198991,2042,196405
2042,197246,2042,195149
2042,192822,2042,191721
2042,195972,2042,198148
2042,200553,2042,198583
2042,199713,2042,201171
2042,205317,2042,204313
2042,204617,2042,201753
2042,197657,2042,191617
2042,185879,2042,173234
2043,162947,2043,160022
2043,161079,2043,154118
2043,147536,2043,142287
2043,142669,2043,144850
2043,142980,2043,139092
2043,141113,2043,140908
2043,140191,2043,139145
2043,142497,2043,139449
2043,135858,2043,133400
2043,129972,2043,122162
2043,117221,2043,112309
2044,109086,2044,103171
2044,98512,2044,96696
2044,96313,2044,90143
2044,84459,2044,81004
2044,81057,2044,81569
2044,82001,2044,78752
2044,79186,2044,80467
2044,79468,2044,75676
2044,75574,2044,73250
2044,70330,2044,66589
2044,64721,2044,61601
2045,60471,2045,57527
2045,55686,2045,54485
2045,52226,2045,48316
2045,48058,2045,48672
2045,48059,2045,45372
2045,43556,2045,40891
2045,40813,2045,41201
2045,43451,2045,42993
2045,40045,2045,38307
2045,40118,2045,37742
2045,35336,2045,34007
2045,33467,2046,30676
2046,29018,2046,28577
2046,28170,2046,27887
2046,28222,2046,26071
2046,25888,2046,26223
2046,25660,2046,24537
2046,23870,2046,23457
2046,23355,2046,23456
2046,24714,2046,23535
2046,22124,2046,21280
2046,20513,2046,18518
2046,17341,2047,17677
2047,19645,2047,18670
2047,17699,2047,17291
2047,19056,2047,19697
2047,17494,2047,18521
2047,21157,2047,18955
2047,16420,2047,16446
2047,18544,2047,17364
2047,15420,2047,15495
2047,17159,2047,16598
2047,14141,2047,14705
2047,15290,2048,14267
2048,12757,2048,13958
2048,15652,2048,14605
2048,13070,2048,13886
2048,15168,2048,15474
2048,14502,2048,14939
2048,16216,2048,16243
2048,14779,2048,15083
2048,16367,2048,14729
2048,14499,2048,15138
2048,16216,2048,15653
2048,16347,2048,16674
2049,17548,2049,15374
2049,13320,2049,14192
2049,15646,2049,15165
2049,15242,2049,16343
2049,17188,2049,17545
2049,16799,2049,14526
2049,15472,2049,15064
2049,13785,2049,13731
2049,16162,2049,17086
2049,15493,2049,14777
2049,16289,2049,15752
2050,14118,2050,14962
2050,17263,2050,17311
2050,15319,2050,13602
2050,15473,2050,15062
2050,15522,2050,16728
2050,17164,2050,15757
2050,13246,2050,14297
2050,15035,2050,14090
2050,12605,2050,12608
2050,14979,2050,14573
2050,13036,2050,12378
2051,13631,2051,14167
2051,12786,2051,12047
2051,14373,2051,13478
2051,11840,2051,11812
2051,12401,2051,11532
2051,11838,2051,12580
2051,13400,2051,13579
2051,13093,2051,13478
2051,13065,2051,10737
2051,10173,2051,10557
2051,12607,2051,11353
2051,10431,2052,10458
2052,9920,2052,9973
2052,10253,2052,9871
2052,10586,2052,11351
2052,9074,2052,8280
2052,9612,2052,9637
2052,8925,2052,9149
2052,9942,2052,11040
2052,10249,2052,11220
2052,11503,2052,10812
2052,9586,2052,10403
2052,10738,2053,10713
2053,9588,2053,9227
2053,9485,2053,9023
2053,7615,2053,7181
2053,8101,2053,8282
2053,7104,2053,6869
2053,8178,2053,8869
2053,8049,2053,7438
2053,8513,2053,9865
2053,8765,2053,6823
2053,7437,2053,7131
2053,7671,2054,8436
2054,9282,2054,8154
2054,7434,2054,7843
2054,9685,2054,8717
2054,7946,2054,7664
2054,9128,2054,9227
2054,7155,2054,7233
2054,8973,2054,8539
2054,7768,2054,8027
2054,10355,2054,11580
2054,10274,2054,10048
2054,10252,2055,10332
2055,8691,2055,8206
2055,9171,2055,9814
2055,10021,2055,10486
2055,11120,2055,9633
2055,9101,2055,8487
2055,9178,2055,8688
2055,7718,2055,7565
2055,9176,2055,9483
2055,10225,2055,10150
2055,10558,2055,9639
2055,8000,2055,8075
2056,9742,2056,11353
2056,11122,2056,10326
2056,10559,2056,10097
2056,9792,2056,9071
2056,11784,2056,12580
2056,10246,2056,9020
2056,9611,2056,10865
2056,11480,2056,10966
2056,12141,2056,11863
2056,11687,2056,11299
2056,13452,2056,13221
2057,11990,2057,11425
2057,12761,2057,12324
2057,11096,2057,10788
2057,11377,2057,11583
2057,10789,2057,10177
2057,11403,2057,12146
2057,11452,2057,10070
2057,10254,2057,10049
2057,9558,2057,10636
2057,10149,2057,10099
2057,10914,2057,9967
2058,10868,2058,11023
2058,9942,2058,8921
2058,11736,2058,11915
2058,9583,2058,10302
2058,11095,2058,10581
2058,8457,2058,7207
2058,9330,2058,8941
2058,7179,2058,6897
2058,8201,2058,10893
2058,10765,2058,9843
2058,9458,2058,10612
2059,10508,2059,10325
2059,10096,2059,9637
2059,8638,2059,9176
2059,9562,2059,8666
2059,7358,2059,7564
2059,10994,2059,10638
2059,7382,2059,7125
2059,8533,2059,8865
2059,7896,2059,7818
2059,8481,2059,7872
2059,7921,2059,7693
2059,8205,2060,8462
2060,8000,2060,7410
2060,7767,2060,8304
2060,7949,2060,7742
2060,8357,2060,8535
2060,9660,2060,10939
2060,8895,2060,8150
2060,8663,2060,9612
2060,11018,2060,10021
2060,8254,2060,7487
2060,8720,2060,9278
2060,9278,2061,8051
2061,8304,2061,9665
2061,9127,2061,7717
2061,8283,2061,9228
2061,8100,2061,7281
2061,7944,2061,7770
2061,6796,2061,6617
2061,8330,2061,9457
2061,8563,2061,8381
2061,9561,2061,10583
2061,9052,2061,8587
2061,10375,2062,10993
2062,9613,2062,9024
2062,9664,2062,9257
2062,9275,2062,8666
2062,8610,2062,9538
2062,8847,2062,7973
2062,8664,2062,8382
2062,8049,2062,8280
2062,8665,2062,7693
2062,7745,2062,6976
2062,7843,2062,8149
2062,8254,2063,8820
2063,8638,2063,8024
2063,7971,2063,7868
2063,9736,2063,9611
2063,9610,2063,10304
2063,9891,2063,8737
2063,8078,2063,7076
2063,8560,2063,11478
2063,10942,2063,9456
2063,10019,2063,8612
2063,7433,2063,8765
2063,9660,2064,8868
2064,6847,2064,7538
2064,7439,2064,7205
2064,6976,2064,6874
2064,8718,2064,8384
2064,7664,2064,8097
2064,8713,2064,8303
2064,7512,2064,7484
2064,8870,2064,9354
2064,8536,2064,8385
2064,9226,2064,9356
2064,6976,2064,5769
2065,7944,2065,8507
2065,7541,2065,5950
2065,7384,2065,6996
2065,6490,2065,6205
2065,5979,2065,6103
2065,5746,2065,6104
2065,7593,2065,6925
2065,6311,2065,7233
2065,7972,2065,7178
2065,6818,2065,6001
2065,6639,2065,6410
2066,7001,2066,5671
2066,6129,2066,7206
2066,6489,2066,7101
2066,7618,2066,7692
2066,6335,2066,6407
2066,6587,2066,6644
2066,6514,2066,6411
2066,6999,2066,7794
2066,6822,2066,6279
2066,7741,2066,7975
2066,7486,2066,6488
2067,7331,2067,7257
2067,7430,2067,8023
2067,8461,2067,7690
2067,6541,2067,7565
2067,8565,2067,7900
2067,8023,2067,9152
2067,9427,2067,10020
2067,9405,2067,8742
2067,8973,2067,9023
2067,8540,2067,7385
2067,7842,2067,7305
2068,6844,2068,8379
2068,10582,2068,9586
2068,9201,2068,9430
2068,9146,2068,8743
2068,9097,2068,9409
2068,9532,2068,8534
2068,8077,2068,8996
2068,10508,2068,9562
2068,8179,2068,8510
2068,9889,2068,10251
2068,10249,2068,11968
2069,11145,2069,9996
2069,8639,2069,8765
2069,10329,2069,9534
2069,8130,2069,8867
2069,9102,2069,7639
2069,7944,2069,9410
2069,11098,2069,10791
2069,9178,2069,8408
2069,9101,2069,8333
2069,7666,2069,7540
2069,8463,2069,8666
2069,7539,2070,9303
2070,10250,2070,7972
2070,6772,2070,7744
2070,8561,2070,8079
2070,7229,2070,8125
2070,9048,2070,9482
2070,9097,2070,7305
2070,7689,2070,8354
2070,6896,2070,6948
2070,7177,2070,6643
2070,6002,2070,6617
2070,8458,2071,8482
2071,7229,2071,7639
2071,8151,2071,7665
2071,6770,2071,7514
2071,7231,2071,6974
2071,6645,2071,6514
2071,7308,2071,7229
2071,6027,2071,7153
2071,8332,2071,7717
2071,6487,2071,5057
2071,5799,2071,6744
2071,7951,2072,7437
2072,8381,2072,7381
2072,6004,2072,5797
2072,7411,2072,7871
2072,6101,2072,6770
2072,7125,2072,6570
2072,7768,2072,8537
2072,8510,2072,8255
2072,7948,2072,7590
2072,7950,2072,7718
2072,6950,2072,7052
2072,8509,2073,7843
2073,5998,2073,6001
2073,7409,2073,8667
2073,7592,2073,7714
2073,9741,2073,7844
2073,7359,2073,7947
2073,8816,2073,8741
2073,8819,2073,8742
2073,9019,2073,7715
2073,7459,2073,7536
2073,8997,2073,9174
2073,9686,2074,9558
2074,9227,2074,8381
2074,7051,2074,7998
2074,8253,2074,7974
2074,6950,2074,7000
2074,9124,2074,9227
2074,9252,2074,10018
2074,10405,2074,9482
2074,9023,2074,9378
2074,10383,2074,8688
2074,7742,2074,8429
2074,9688,2075,7616
2075,6720,2075,6740
2075,8867,2075,8843
2075,7229,2075,7715
2075,9920,2075,11709
2075,9660,2075,8943
2075,9175,2075,9199
2075,8919,2075,10454
2075,10710,2075,8816
2075,7689,2075,7920
2075,8894,2075,7382
2075,7283,2075,7768
2076,9638,2076,9023
2076,9175,2076,9918
2076,11174,2076,10177
2076,9382,2076,9021
2076,9662,2076,9175
2076,8740,2076,8304
2076,9664,2076,9944
2076,9151,2076,8565
2076,9867,2076,9155
2076,8997,2076,9177
2076,9864,2076,8586
2077,7742,2077,8151
2077,10225,2077,8968
2077,8560,2077,7971
2077,8077,2077,7820
2077,8281,2077,8256
2077,7306,2077,7820
2077,6568,2077,6696
2077,8897,2077,9538
2077,8332,2077,7458
2077,9404,2077,8486
2077,6899,2077,6741
2078,7899,2078,7795
2078,6617,2078,7281
2078,7511,2078,6976
2078,6925,2078,6083
2078,6002,2078,7103
2078,7130,2078,7977
2078,8791,2078,7539
2078,7283,2078,7360
2078,7716,2078,8637
2078,8050,2078,7945
2078,8738,2078,6052
2079,5362,2079,6387
2079,7768,2079,7819
2079,6591,2079,6768
2079,8790,2079,8045
2079,6747,2079,7591
2079,7999,2079,7282
2079,7359,2079,7103
2079,8382,2079,9303
2079,8563,2079,7232
2079,7949,2079,7868
2079,7383,2079,6384
2080,6770,2080,6308
2080,6031,2080,7716
2080,9612,2080,8920
2080,8302,2080,8844
2080,9690,2080,8665
2080,7101,2080,7539
2080,7692,2080,7386
2080,6822,2080,6562
2080,8103,2080,7871
2080,6694,2080,7180
2080,8536,2080,8740
2081,7511,2081,7640
2081,8841,2081,9176
2081,8205,2081,7257
2081,8587,2081,9482
2081,8867,2081,7510
2081,7897,2081,7460
2081,6591,2081,6745
2081,8636,2081,9688
2081,8077,2081,8408
2081,10482,2081,9687
2081,8664,2081,8840
2082,9943,2082,10019
2082,7690,2082,6949
2082,6798,2082,8026
2082,10636,2082,10279
2082,8073,2082,7563
2082,6694,2082,7333
2082,9481,2082,8970
2082,7538,2082,6437
2082,7383,2082,7947
2082,6901,2082,6310
2082,7260,2082,7769
2083,7894,2083,7000
2083,8534,2083,7919
2083,6411,2083,7357
2083,10555,2083,9789
2083,7589,2083,7413
2083,7844,2083,7179
2083,6615,2083,7437
2083,8177,2083,8127
2083,8691,2083,7308
2083,6999,2083,7181
2083,8202,2083,8126
2084,7614,2084,6516
2084,5926,2084,7537
2084,8048,2084,6439
2084,6742,2084,6233
2084,6896,2084,6616
2084,6360,2084,6642
2084,6870,2084,6156
2084,6486,2084,8203
2084,9201,2084,8227
2084,7922,2084,8434
2084,9869,2084,9459
2084,7975,2085,7844
2085,8483,2085,8154
2085,7848,2085,8284
2085,9174,2085,6897
2085,5825,2085,7434
2085,8000,2085,6824
2085,6770,2085,6385
2085,7078,2085,8201
2085,8692,2085,8512
2085,8918,2085,8435
2085,6924,2085,6950
2085,7462,2086,6894
2086,6947,2086,6541
2086,7435,2086,7026
2086,7180,2086,7541
2086,7845,2086,8051
2086,7080,2086,6462
2086,7771,2086,7793
2086,7409,2086,6929
2086,7439,2086,7665
2086,6156,2086,6768
2086,8050,2086,7743
2086,8410,2087,9099
2087,9866,2087,9430
2087,9356,2087,9100
2087,9152,2087,9126
2087,9329,2087,9946
2087,9355,2087,8716
2087,7464,2087,7668
2087,8716,2087,9430
2087,9124,2087,9048
2087,8996,2087,8328
2087,8406,2087,7051
2087,7794,2088,9253
2088,7951,2088,6976
2088,7772,2088,8617
2088,7411,2088,7255
2088,8742,2088,8177
2088,7516,2088,6848
2088,6822,2088,7411
2088,8101,2088,7510
2088,6722,2088,7333
2088,7002,2088,6413
2088,8023,2088,8047
2088,7024,2089,6720
2089,9305,2089,9380
2089,8943,2089,8715
2089,8768,2089,7384
2089,6330,2089,6463
2089,8892,2089,8437
2089,6309,2089,5747
2089,6640,2089,6999
2089,6467,2089,6950
2089,7971,2089,7613
2089,8003,2089,8002
2089,8125,2090,7511
2090,7820,2090,7334
2090,8587,2090,10282
2090,10406,2090,10327
2090,10761,2090,10452
2090,9893,2090,9513
2090,9559,2090,9509
2090,10456,2090,10425
2090,11322,2090,11454
2090,11273,2090,11455
2090,12093,2090,11761
2090,11481,2091,11711
2091,13962,2091,13856
2091,13067,2091,12709
2091,14703,2091,15604
2091,14732,2091,13042
2091,14297,2091,15700
2091,15937,2091,15522
2091,17087,2091,16828
2091,15831,2091,14679
2091,15650,2091,17389
2091,17391,2091,15908
2091,17445,2092,17775
2092,17340,2092,15602
2092,17033,2092,18340
2092,19078,2092,16698
2092,17832,2092,17956
2092,16342,2092,15259
2092,16857,2092,19363
2092,18826,2092,17672
2092,18845,2092,19619
2092,18848,2092,17671
2092,17063,2092,17237
2092,18134,2093,17828
2093,19772,2093,18977
2093,17669,2093,17136
2093,17369,2093,17338
2093,16216,2093,14677
2093,16802,2093,16649
2093,16803,2093,17828
2093,19901,2093,18648
2093,16956,2093,16600
2093,17215,2093,17523
2093,15938,2093,15344
2093,15854,2094,15600
2094,15472,2094,16137
2094,15393,2094,15656
2094,14887,2094,14092
2094,18084,2094,18621
2094,16599,2094,15829
2094,16521,2094,15881
2094,15169,2094,16241
2094,17777,2094,16218
2094,14014,2094,13042
2094,14423,2094,16366
2094,13913,2095,11889
2095,13174,2095,11994
2095,11222,2095,10864
2095,12042,2095,12171
2095,11867,2095,12245
2095,13811,2095,12015
2095,11044,2095,11941
2095,12756,2095,11915
2095,12270,2095,10942
2095,9944,2095,9765
2095,9967,2095,10762
2095,12405,2096,12606
2096,11352,2096,11918
2096,12499,2096,11941
2096,11276,2096,10890
2096,10071,2096,8996
2096,7843,2096,7437
2096,9126,2096,9228
2096,8996,2096,10532
2096,11302,2096,10352
2096,9048,2096,7998
2096,8945,2096,9792
2096,9610,2097,8436
2097,9483,2097,10507
2097,9688,2097,9046
2097,8585,2097,7335
2097,7053,2097,9509
2097,10560,2097,9307
2097,6975,2097,7944
2097,7975,2097,7972
2097,7644,2097,7308
2097,8049,2097,8738
2097,8179,2097,7026
2097,8561,2098,10275
2098,10763,2098,11607
2098,12580,2098,13066
2098,14863,2098,16751
2098,19109,2098,21768
2098,23255,2098,24738
2098,30094,2098,34980
2098,37973,2098,38460
2098,42090,2098,46034
2098,46543,2098,46238
2098,49510,2098,50692
2098,48106,2099,43064
2099,45366,2099,46544
2099,46957,2099,46776
2099,49874,2099,50027
2099,51053,2099,55353
2099,60498,2099,61116
2099,62597,2099,67487
2099,73377,2099,76422
2099,78035,2099,79134
2099,81899,2099,86760
2099,88628,2099,83151
2099,80997,2100,81562
2100,77671,2100,71865
2100,70860,2100,69046
2100,69510,2100,69740
2100,71508,2100,70277
2100,69920,2100,71995
2100,74886,2100,75218
2100,74681,2100,73401
2100,78187,2100,81231
2100,84280,2100,79211
2100,78952,2100,78007
2100,74218,2101,68485
2101,65848,2101,65384
2101,66107,2101,63572
2101,61597,2101,61779
2101,60270,2101,58757
2101,58992,2101,56969
2101,56738,2101,57123
2101,59301,2101,57991
2101,57221,2101,56556
2101,59013,2101,58499
2101,57012,2101,53299
2101,52000,2102,49720
2102,48622,2102,45731
2102,44347,2102,44555
2102,44679,2102,43247
2102,40072,2102,39073
2102,42071,2102,40304
2102,37515,2102,35106
2102,34031,2102,33852
2102,34621,2102,34156
2102,34006,2102,33286
2102,32852,2102,30266
2102,27988,2103,27092
2103,27450,2103,25226
2103,24841,2103,23663
2103,23894,2103,23383
2103,21620,2103,20544
2103,21695,2103,20514
2103,19649,2103,19952
2103,21333,2103,22694
2103,21103,2103,20720
2103,21280,2103,20821
2103,18899,2103,18286
2103,18876,2104,16419
2104,15778,2104,15649
2104,16675,2104,15577
2104,14041,2104,13552
2104,14475,2104,15267
2104,14068,2104,11505
2104,13659,2104,14091
2104,12883,2104,12326
2104,12836,2104,12660
2104,12319,2104,11761
2104,10564,2104,10506
2104,10919,2105,9430
2105,9152,2105,10604
2105,10967,2105,10638
2105,11711,2105,10836
2105,11303,2105,11531
2105,13115,2105,14039
2105,12276,2105,9970
2105,10149,2105,10483
2105,9124,2105,9021
2105,10068,2105,10844
2105,10452,2105,10018
2105,9408,2106,9816
2106,10892,2106,12302
2106,11812,2106,11065
2106,11097,2106,10196
2106,10839,2106,11350
2106,10330,2106,10151
2106,11735,2106,11531
2106,10458,2106,11118
2106,12044,2106,12941
2106,12682,2106,11810
2106,11910,2106,11351
2106,10787,2107,10815
2107,11199,2107,10786
2107,10918,2107,11838
2107,11095,2107,10967
2107,12401,2107,13220
2107,14269,2107,14016
2107,12120,2107,9916
2107,11302,2107,10738
2107,10020,2107,10816
2107,10867,2107,10200
2107,9790,2107,10532
2107,10965,2108,10613
2108,10380,2108,10484
2108,11326,2108,11427
2108,11684,2108,11429
2108,11401,2108,10997
2108,11071,2108,11993
2108,13195,2108,11837
2108,11707,2108,11426
2108,12348,2108,10685
2108,9688,2108,9331
2108,8046,2108,8252
2108,8820,2109,8634
2109,8815,2109,8711
2109,8486,2109,9432
2109,9817,2109,9019
2109,8047,2109,9123
2109,10637,2109,11071
2109,9712,2109,9456
2109,10889,2109,10611
2109,9892,2109,10585
2109,10379,2109,9280
2109,7204,2109,6132
2109,7582,2110,8024
2110,8459,2110,8538
2110,8971,2110,8994
2110,8409,2110,8946
2110,9302,2110,9175
2110,8434,2110,9303
2110,10632,2110,9278
2110,7560,2110,7922
2110,8738,2110,8205
2110,7768,2110,7539
2110,7178,2110,7435
2110,7665,2111,7767
2111,9099,2111,8840
2111,7204,2111,6644
2111,6744,2111,7029
2111,7082,2111,6719
2111,6644,2111,7231
2111,7741,2111,9100
2111,9100,2111,7206
2111,6797,2111,6741
2111,8383,2111,7795
2111,6107,2111,5667
2111,7539,2112,7820
2112,6952,2112,6896
2112,7074,2112,7101
2112,7971,2112,8100
2112,8843,2112,8768
2112,8232,2112,8076
2112,8614,2112,8124
2112,6899,2112,7409
2112,8382,2112,7920
2112,7665,2112,8459
2112,9125,2112,8434
2112,7409,2113,7794
2113,8074,2113,7744
2113,7102,2113,6743
2113,8101,2113,8564
2113,9356,2113,7944
2113,9969,2113,10532
2113,8893,2113,7791
2113,8510,2113,8613
2113,7080,2113,8206
2113,10712,2113,9076
2113,7311,2113,7972
2113,8947,2114,7771
2114,7564,2114,8230
2114,8998,2114,8076
2114,8207,2114,7281
2114,7721,2114,8716
2114,9048,2114,8562
2114,9072,2114,9303
2114,8948,2114,8871
2114,9586,2114,9686
2114,9508,2114,9889
2114,10993,2114,10327
2114,9711,2115,9636
2115,9225,2115,7771
2115,7617,2115,8278
2115,9255,2115,8868
2115,8308,2115,8025
2115,8611,2115,8181
2115,8254,2115,7843
2115,8587,2115,7946
2115,6567,2115,6695
2115,8870,2115,8690
2115,7335,2115,6129
2115,7306,2116,7611
2116,6846,2116,7153
2116,8279,2116,8432
2116,7284,2116,8766
2116,9948,2116,8667
2116,8228,2116,8586
2116,9177,2116,7744
2116,7102,2116,6669
2116,6283,2116,5774
2116,5031,2116,5977
2116,7179,2116,6872
2116,6717,2117,7331
2117,7565,2117,6667
2117,6718,2117,6488
2117,6409,2117,6561
2117,6748,2117,6618
2117,7205,2117,7256
2117,6720,2117,7232
2117,8179,2117,7208
2117,6542,2117,6387
2117,7153,2117,6385
2117,6436,2117,7538
2117,8226,2118,7973
2118,6666,2118,6364
2118,7540,2118,7821
2118,6796,2118,6566
2118,6179,2118,6666
2118,7639,2118,6720
2118,6897,2118,6542
2118,7002,2118,7823
2118,8048,2118,7972
2118,6232,2118,5822
2118,7767,2118,7433
2118,7643,2119,6184
2119,6821,2119,7078
2119,6466,2119,6667
2119,7975,2119,7666
2119,8176,2119,7280
2119,7308,2119,7103
2119,8306,2119,8280
2119,9147,2119,8124
2119,6616,2119,7972
2119,8844,2119,7870
2119,7205,2119,7793
2119,7868,2120,8331
2120,8258,2120,8358
2120,9304,2120,8636
2120,7869,2120,8103
2120,8514,2120,8869
2120,7822,2120,8820
2120,9305,2120,8540
2120,7360,2120,7411
2120,7514,2120,6667
2120,6641,2120,8077
2120,8765,2120,8229
2120,6821,2121,7538
2121,8079,2121,6923
2121,7589,2121,9585
2121,9868,2121,8920
2121,8615,2121,8078
2121,9640,2121,8921
2121,7026,2121,6077
2121,7181,2121,6689
2121,5464,2121,5363
2121,5774,2121,6234
2121,5879,2121,6438
2121,6894,2122,5900
2122,5414,2122,5517
2122,7359,2122,8331
2122,6155,2122,5747
2122,6873,2122,7591
2122,7233,2122,7437
2122,8716,2122,8920
2122,8049,2122,6361
2122,6159,2122,6335
2122,6620,2122,6773
2122,7256,2122,6490
2123,5718,2123,6055
2123,6745,2123,6154
2123,6331,2123,6696
2123,6898,2123,6592
2123,6903,2123,6820
2123,7514,2123,7077
2123,5823,2123,5824
2123,7590,2123,7256
2123,6415,2123,5565
2123,5055,2123,5646
2123,5544,2123,6613
2124,6719,2124,6722
2124,7257,2124,6361
2124,6565,2124,6310
2124,6389,2124,6744
2124,7309,2124,7206
2124,6513,2124,6307
2124,8047,2124,8405
2124,7385,2124,7305
2124,7513,2124,8459
2124,7997,2124,6922
2124,6541,2124,5975
2125,5721,2125,7003
2125,8148,2125,7667
2125,7259,2125,7663
2125,8513,2125,7333
2125,7028,2125,5387
2125,6772,2125,6671
2125,6027,2125,5360
2125,6844,2125,7691
2125,7947,2125,7538
2125,7280,2125,8536
2125,7639,2125,6438
2126,6564,2126,6895
2126,6999,2126,6824
2126,8177,2126,9867
2126,9329,2126,7662
2126,8769,2126,8720
2126,7335,2126,7154
2126,7663,2126,8460
2126,7153,2126,6977
2126,7946,2126,8099
2126,7436,2126,8388
2126,8843,2126,10047
2127,10377,2127,10457
2127,11249,2127,9330
2127,7589,2127,7844
2127,9175,2127,8561
2127,6951,2127,7666
2127,9814,2127,8510
2127,7203,2127,8433
2127,9946,2127,9612
2127,7332,2127,7487
2127,8356,2127,7765
2127,6975,2127,6690
2128,8023,2128,7000
2128,6591,2128,6642
2128,6898,2128,7049
2128,5951,2128,6513
2128,6974,2128,6896
2128,7103,2128,7156
2128,7947,2128,7896
2128,7898,2128,7255
2128,8128,2128,8996
2128,9354,2128,7844
2128,8101,2128,6744
2129,5825,2129,5466
2129,6335,2129,6489
2129,5744,2129,6516
2129,6590,2129,5697
2129,6284,2129,6486
2129,6030,2129,4568
2129,5134,2129,6236
2129,5825,2129,5567
2129,5130,2129,5567
2129,6924,2129,6592
2129,5568,2129,5646
2130,6949,2130,7128
2130,6083,2130,6105
2130,7512,2130,6976
2130,6308,2130,6080
2130,7233,2130,6232
2130,6287,2130,6690
2130,7968,2130,7179
2130,6388,2130,5877
2130,5873,2130,6284
2130,7025,2130,6560
2130,6643,2131,6821
2131,5874,2131,6669
2131,8896,2131,8333
2131,6464,2131,6155
2131,7204,2131,7257
2131,5825,2131,6744
2131,7872,2131,7382
2131,6975,2131,5798
2131,7078,2131,6822
2131,6081,2131,5901
2131,6492,2131,7002
2131,7486,2132,9380
2132,9230,2132,8076
2132,6439,2132,7714
2132,9274,2132,8025
2132,7535,2132,7203
2132,8304,2132,8025
2132,6591,2132,6435
2132,7591,2132,7642
2132,6744,2132,6745
2132,7052,2132,6901
2132,8358,2132,8431
2132,7898,2133,8306
2133,7924,2133,8718
2133,9049,2133,7384
2133,7411,2133,8535
2133,8609,2133,8230
2133,7997,2133,7437
2133,7690,2133,8127
2133,8024,2133,7536
2133,8152,2133,8739
2133,8075,2133,9023
2133,10405,2133,9462
2133,7923,2134,7821
2134,9433,2134,9509
2134,9076,2134,9128
2134,9431,2134,8816
2134,6800,2134,7256
2134,8663,2134,8100
2134,7412,2134,7334
2134,7280,2134,6386
2134,6282,2134,6052
2134,7105,2134,8254
2134,7923,2134,8049
2134,9894,2135,10125
2135,7669,2135,6795
2135,7971,2135,8076
2135,7871,2135,8148
2135,9153,2135,8202
2135,7896,2135,7025
2135,7463,2135,7076
2135,7078,2135,6948
2135,7950,2135,8433
2135,7717,2135,6847
2135,6542,2135,6618
2135,6463,2136,6206
2136,7486,2136,7078
2136,7791,2136,8229
2136,9303,2136,7616
2136,5595,2136,4976
2136,5796,2136,6107
2136,6077,2136,5387
2136,5490,2136,5439
2136,4928,2136,6308
2136,7023,2136,7256
2136,6130,2136,5515
2136,7179,2137,7308
2137,5745,2137,5464
2137,6385,2137,7358
2137,6205,2137,5467
2137,7592,2137,7742
2137,7512,2137,7464
2137,7718,2137,8717
2137,7744,2137,5719
2137,5774,2137,7000
2137,7358,2137,7562
2137,7104,2137,6335
2138,7949,2138,7332
2138,6538,2138,6564
2138,6387,2138,6567
2138,7153,2138,7770
2138,6412,2138,5262
2138,7438,2138,8873
2138,7287,2138,6465
2138,7975,2138,7537
2138,7181,2138,8333
2138,8820,2138,8818
2138,8002,2138,7743
2139,7946,2139,7537
2139,9254,2139,9815
2139,8944,2139,7692
2139,7510,2139,7510
2139,8326,2139,7667
2139,6875,2139,6924
2139,8050,2139,7102
2139,5720,2139,5181
2139,6284,2139,7179
2139,6742,2139,6765
2139,7077,2139,6618
2140,6567,2140,6645
2140,8357,2140,9177
2140,8102,2140,7282
2140,7666,2140,8433
2140,7817,2140,7382
2140,8714,2140,9893
2140,9252,2140,7049
2140,7587,2140,8455
2140,9306,2140,9431
2140,9406,2140,8871
2140,9587,2140,9483
2141,9250,2141,8330
2141,7026,2141,7385
2141,9202,2141,8207
2141,7847,2141,9253
2141,11298,2141,11430
2141,10996,2141,8560
2141,9481,2141,10407
2141,9148,2141,8587
2141,8532,2141,8406
2141,8537,2141,7280
2141,7126,2141,7691
2142,9255,2142,8896
2142,9073,2142,7871
2142,7153,2142,8152
2142,9380,2142,9176
2142,7767,2142,7153
2142,8075,2142,7871
2142,7485,2142,8051
2142,8719,2142,7798
2142,8381,2142,9455
2142,9711,2142,8461
2142,7027,2143,7360
2143,8508,2143,8640
2143,8076,2143,8357
2143,9581,2143,9071
2143,7662,2143,8049
2143,7846,2143,7822
2143,7000,2143,6436
2143,8407,2143,8584
2143,8660,2143,9223
2143,9838,2143,8227
2143,7972,2143,7921
2143,9278,2144,8840
2144,8359,2144,8178
2144,9533,2144,8331
2144,6289,2144,6640
2144,7258,2144,6975
2144,5876,2144,5671
2144,6978,2144,8541
2144,8178,2144,8332
2144,8767,2144,8970
2144,8616,2144,8304
2144,8460,2144,8790
2144,8126,2145,8637
2145,8305,2145,7849
2145,7742,2145,8101
2145,9230,2145,8845
2145,8280,2145,9488
2145,9943,2145,8461
2145,8103,2145,8560
2145,9276,2145,9205
2145,8382,2145,7717
2145,8975,2145,9201
2145,7208,2145,8125
2145,10277,2146,9761
2146,8767,2146,8791
2146,9868,2146,8922
2146,7408,2146,7361
2146,8536,2146,7797
2146,7051,2146,8252
2146,8790,2146,8918
2146,7338,2146,7920
2146,9917,2146,9995
2146,8664,2146,7845
2146,8306,2146,7592
2146,6564,2147,7565
2147,9100,2147,8739
2147,7464,2147,7282
2147,7512,2147,7154
2147,6105,2147,6746
2147,7740,2147,8407
2147,7948,2147,8664
2147,9507,2147,8585
2147,6897,2147,6104
2147,6129,2147,6639
2147,8514,2147,8200
2148,7438,2148,6923
2148,6567,2148,7717
2148,9096,2148,8971
2148,7921,2148,7635
2148,7487,2148,8227
2148,7817,2148,8378
2148,9735,2148,8684
2148,8333,2148,7947
2148,7898,2148,8663
2148,10124,2148,9483
2148,9636,2148,9382
2149,8844,2149,9282
2149,10761,2149,9662
2149,8460,2149,8383
2149,8252,2149,8102
2149,9764,2149,10377
2149,10863,2149,11479
2149,11247,2149,10427
2149,11197,2149,10607
2149,10455,2149,12913
2149,13701,2149,14730
2149,14062,2149,11883
2150,11196,2150,11347
2150,11302,2150,12093
2150,14138,2150,14011
2150,12373,2150,11966
2150,12861,2150,11555
2150,10021,2150,10072
2150,12350,2150,12325
2150,11224,2150,10888
2150,12298,2150,11967
2150,11632,2150,12680
2150,14040,2150,14017
2151,12909,2151,11608
2151,13835,2151,12835
2151,12043,2151,14297
2151,14141,2151,14345
2151,13985,2151,13400
2151,14446,2151,14244
2151,12066,2151,10811
2151,11637,2151,13398
2151,12678,2151,10992
2151,11862,2151,12556
2151,11863,2152,11788
2152,13166,2152,13017
2152,12402,2152,11147
2152,12247,2152,12043
2152,12165,2152,13271
2152,14093,2152,12914
2152,12269,2152,11453
2152,12143,2152,11506
2152,11273,2152,10689
2152,12937,2152,14117
2152,12019,2152,11583
2152,12274,2153,11843
2153,10763,2153,9970
2153,11887,2153,12628
2153,11862,2153,11069
2153,10247,2153,9816
2153,8839,2153,9737
2153,11097,2153,9608
2153,8715,2153,8124
2153,10072,2153,10276
2153,9228,2153,8406
2153,9126,2153,9635
2153,9072,2154,8767
2154,9816,2154,9102
2154,8667,2154,8357
2154,9865,2154,10068
2154,9742,2154,8690
2154,9919,2154,9713
2154,9408,2154,9558
2154,10200,2154,9558
2154,9381,2154,8968
2154,8255,2154,9074
2154,9279,2154,9074
2154,8745,2155,8026
2155,8995,2155,9635
2155,9586,2155,10098
2155,9611,2155,8920
2155,9023,2155,8206
2155,8384,2155,8101
2155,8355,2155,7587
2155,7081,2155,7359
2155,8435,2155,8841
2155,6924,2155,6822
2155,9356,2155,9871
2156,7767,2156,6512
2156,7510,2156,7385
2156,6618,2156,6926
2156,7385,2156,7716
2156,8253,2156,8510
2156,9049,2156,8771
2156,9690,2156,10147
2156,11196,2156,10944
2156,11376,2156,12090
2156,13655,2156,14341
2156,12501,2156,11710
2157,12811,2157,11682
2157,11350,2157,12479
2157,12985,2157,11553
2157,10917,2157,12043
2157,12710,2157,12400
2157,12349,2157,12961
2157,13858,2157,15447
2157,17291,2157,18182
2157,16444,2157,14109
2157,14701,2157,13984
2157,16798,2157,18439
2158,17981,2158,17238
2158,19183,2158,17188
2158,15599,2158,17110
2158,17723,2158,16983
2158,15985,2158,15650
2158,16161,2158,16983
2158,18723,2158,18364
2158,19389,2158,20438
2158,20079,2158,17799
2158,17849,2158,18978
2158,18440,2159,17777
2159,18697,2159,19412
2159,17164,2159,16650
2159,18007,2159,17519
2159,16267,2159,16754
2159,17472,2159,16828
2159,16445,2159,16704
2159,15652,2159,14498
2159,14396,2159,14858
2159,16318,2159,14782
2159,13990,2159,14475
2159,15088,2160,15040
2160,14067,2160,14143
2160,16958,2160,17470
2160,15573,2160,14448
2160,14191,2160,15168
2160,15550,2160,14037
2160,14832,2160,14423
2160,13628,2160,13501
2160,14626,2160,15214
2160,13526,2160,13423
2160,14086,2160,13196
2160,11477,2161,10201
2161,11506,2161,11300
2161,10661,2161,10816
2161,11123,2161,10815
2161,9688,2161,8790
2161,9406,2161,9812
2161,9150,2161,9740
2161,11685,2161,12375
2161,11584,2161,10787
2161,11987,2161,11426
2161,9739,2161,8997
2161,9738,2162,8844
2162,7873,2162,8308
2162,9200,2162,8763
2162,8201,2162,9074
2162,9635,2162,8921
2162,8178,2162,8459
2162,9508,2162,10225
2162,9227,2162,7951
2162,7951,2162,7413
2162,6541,2162,6844
2162,8765,2162,9534
2163,9637,2163,8052
2163,7667,2163,7335
2163,5822,2163,7411
2163,8306,2163,7693
2163,6720,2163,7028
2163,7512,2163,7846
2163,6818,2163,7004
2163,7692,2163,8383
2163,7720,2163,7925
2163,8104,2163,8077
2163,7874,2163,8226
2164,9230,2164,8514
2164,6977,2164,6001
2164,7414,2164,8848
2164,8664,2164,7233
2164,8026,2164,7948
2164,8460,2164,9663
2164,10174,2164,9922
2164,7844,2164,7870
2164,8689,2164,9049
2164,7795,2164,7537
2164,10096,2164,9431
2165,7691,2165,7357
2165,9356,2165,9380
2165,7819,2165,7459
2165,8820,2165,9126
2165,8486,2165,8564
2165,10637,2165,10457
2165,8588,2165,8566
2165,9737,2165,9485
2165,8487,2165,8001
2165,9173,2165,8053
2165,6743,2166,6898
2166,7844,2166,10251
2166,10476,2166,8742
2166,8689,2166,8512
2166,8690,2166,8562
2166,9382,2166,11427
2166,9714,2166,9354
2166,10097,2166,9793
2166,9816,2166,9689
2166,9382,2166,9994
2166,8253,2166,8841
2166,9868,2167,8228
2167,7715,2167,9021
2167,8869,2167,7797
2167,8049,2167,7873
2167,8384,2167,9432
2167,9122,2167,7332
2167,7818,2167,8766
2167,7281,2167,7281
2167,8354,2167,7714
2167,8614,2167,8382
2167,7946,2167,7643
2167,6768,2168,7816
2168,7973,2168,7203
2168,8330,2168,9229
2168,9379,2168,7842
2168,8256,2168,7923
2168,8103,2168,8969
2168,8871,2168,8253
2168,7563,2168,6746
2168,6619,2168,7924
2168,8715,2168,7741
2168,8180,2168,7641
2169,8307,2169,7639
2169,6512,2169,6441
2169,7383,2169,7177
2169,6516,2169,7227
2169,7333,2169,7334
2169,6514,2169,6664
2169,7179,2169,7589
2169,7716,2169,6715
2169,6613,2169,7128
2169,7409,2169,7920
2169,9096,2169,8306
2170,6514,2170,6850
2170,7643,2170,6671
2170,6717,2170,7793
2170,9228,2170,8535
2170,7002,2170,7385
2170,8178,2170,7484
2170,7463,2170,6466
2170,6363,2170,7050
2170,7590,2170,7767
2170,8255,2170,7692
2170,7617,2170,7668
2171,7513,2171,7102
2171,6669,2171,6747
2171,7974,2171,7360
2171,6693,2171,7381
2171,7895,2171,8206
2171,8359,2171,8433
2171,7667,2171,6231
2171,6514,2171,7179
2171,8406,2171,7640
2171,6974,2171,7462
2171,8744,2172,8410
2172,7359,2172,6440
2172,7177,2172,7054
2172,6695,2172,7051
2172,8308,2172,8998
2172,7999,2172,8305
2172,8947,2172,8379
2172,8998,2172,9279
2172,7921,2172,8049
2172,9019,2172,8534
2172,9202,2172,8410
2172,7053,2173,7003
2173,8257,2173,9099
2173,8431,2173,8180
2173,7456,2173,6489
2173,7284,2173,8951
2173,9096,2173,8307
2173,7743,2173,7231
2173,9126,2173,7870
2173,5772,2173,7922
2173,9560,2173,10559
2173,10048,2173,8536
2173,8638,2174,8383
2174,7410,2174,6565
2174,8001,2174,8230
2174,7895,2174,7921
2174,9457,2174,9126
2174,8023,2174,6974
2174,6923,2174,7076
2174,7611,2174,6309
2174,7000,2174,7538
2174,7642,2174,7922
2174,8177,2174,7436
2175,7130,2175,6158
2175,6641,2175,6792
2175,7129,2175,7102
2175,7644,2175,7285
2175,7283,2175,6771
2175,7436,2175,7279
2175,7204,2175,6894
2175,6104,2175,5389
2175,6434,2175,6947
2175,8077,2175,7971
2175,6821,2175,7868
2176,8768,2176,7208
2176,6028,2176,6744
2176,8330,2176,9098
2176,7718,2176,7490
2176,9124,2176,9456
2176,6361,2176,6385
2176,9226,2176,9326
2176,8001,2176,7049
2176,7459,2176,6129
2176,4953,2176,7024
2176,7510,2177,6333
2177,5440,2177,4722
2177,6925,2177,7870
2177,7107,2177,7130
2177,7848,2177,8126
2177,8231,2177,8202
2177,9536,2177,9481
2177,8256,2177,8152
2177,8482,2177,7996
2177,8694,2177,8694
2177,9457,2177,8534
2177,8485,2178,7901
2178,9198,2178,8716
2178,8435,2178,7615
2178,8151,2178,7412
2178,5388,2178,6795
2178,8002,2178,7922
2178,8308,2178,8153
2178,7411,2178,8409
2178,9637,2178,9150
2178,9023,2178,8102
2178,6642,2178,7076
2178,8481,2179,8718
2179,7820,2179,7056
2179,8152,2179,8586
2179,7896,2179,8534
2179,8052,2179,7642
2179,7692,2179,7412
2179,8691,2179,8358
2179,7873,2179,7154
2179,8358,2179,8483
2179,7053,2179,7875
2179,8693,2179,7998
2180,6824,2180,7230
2180,7130,2180,7900
2180,8306,2180,7693
2180,7255,2180,6745
2180,6437,2180,7125
2180,6974,2180,6589
2180,6666,2180,6465
2180,7899,2180,9585
2180,9273,2180,7308
2180,8204,2180,7258
2180,7253,2180,7256
2181,6540,2181,6819
2181,6233,2181,6002
2181,6414,2181,6082
2181,5596,2181,6744
2181,7537,2181,7794
2181,7229,2181,7079
2181,9023,2181,8510
2181,6717,2181,6408
2181,8253,2181,7689
2181,5542,2181,4981
2181,6208,2181,7052
2182,6925,2182,7310
2182,7050,2182,6104
2182,6181,2182,6309
2182,7820,2182,7537
2182,7026,2182,7183
2182,7999,2182,9078
2182,9484,2182,7133
2182,6284,2182,6745
2182,6054,2182,6360
2182,6769,2182,7202
2182,6975,2183,7130
2183,8024,2183,7459
2183,6721,2183,6642
2183,7871,2183,7743
2183,6053,2183,5869
2183,6768,2183,8894
2183,9178,2183,8381
2183,8333,2183,8563
2183,8383,2183,8431
2183,8050,2183,8536
2183,7461,2183,6770
2183,7154,2184,7385
2184,8664,2184,8613
2184,8665,2184,8202
2184,6542,2184,5385
2184,8204,2184,9122
2184,7718,2184,7229
2184,8281,2184,7203
2184,6051,2184,8180
2184,9200,2184,9584
2184,8742,2184,8484
2184,6872,2184,6413
2185,6977,2185,6107
2185,7613,2185,7795
2185,6950,2185,7051
2185,7514,2185,7638
2185,7644,2185,8947
2185,10150,2185,9484
2185,7847,2185,7258
2185,9764,2185,9713
2185,9172,2185,8536
2185,8176,2185,8255
2185,7080,2185,6798
2186,8025,2186,8689
2186,7666,2186,7666
2186,9100,2186,8202
2186,6823,2186,7310
2186,8969,2186,8538
2186,6745,2186,6694
2186,7868,2186,6692
2186,6641,2186,6591
2186,7099,2186,6055
2186,6412,2186,7843
2186,8228,2187,7950
2187,7923,2187,7360
2187,6977,2187,7181
2187,7360,2187,7944
2187,8381,2187,8610
2187,8330,2187,8562
2187,8124,2187,7127
2187,7690,2187,8715
2187,8843,2187,7000
2187,5539,2187,6205
2187,7744,2187,7869
2187,6440,2188,7844
2188,10047,2188,8769
2188,6796,2188,7258
2188,8712,2188,8023
2188,6177,2188,6463
2188,6822,2188,6640
2188,7794,2188,6873
2188,6947,2188,6768
2188,6284,2188,6463
2188,7999,2188,7744
2188,6283,2188,7128
2188,8308,2189,7996
2189,6926,2189,7589
2189,8438,2189,7359
2189,6363,2189,5900
2189,6203,2189,6182
2189,6204,2189,7794
2189,8893,2189,8405
2189,8306,2189,8177
2189,7491,2189,9021
2189,8203,2189,6977
2189,8484,2189,8510
2190,7257,2190,7000
2190,7461,2190,7744
2190,6593,2190,7610
2190,8050,2190,7616
2190,7869,2190,8177
2190,9022,2190,8718
2190,7870,2190,8583
2190,8664,2190,7945
2190,7130,2190,6413
2190,7233,2190,8432
2190,8531,2190,7891
2191,9378,2191,9354
2191,8916,2191,8638
2191,9480,2191,8973
2191,8329,2191,8815
2191,10432,2191,8896
2191,6436,2191,6590
2191,8510,2191,9070
2191,9408,2191,8024
2191,7360,2191,8257
2191,9202,2191,8432
2191,9660,2192,9303
2192,9352,2192,9761
2192,10941,2192,10047
2192,8356,2192,7310
2192,8432,2192,10172
2192,9870,2192,10660
2192,9636,2192,8566
2192,8714,2192,9534
2192,9302,2192,9482
2192,9226,2192,8686
2192,9485,2192,9485
2192,8869,2193,7921
2193,8664,2193,9354
2193,8053,2193,8101
2193,10281,2193,9278
2193,7920,2193,8175
2193,9103,2193,8562
2193,7179,2193,6715
2193,8154,2193,8256
2193,8691,2193,9941
2193,9124,2193,8512
2193,8306,2193,7257
2194,7509,2194,8201
2194,7332,2194,7053
2194,6639,2194,6158
2194,6156,2194,8228
2194,9819,2194,9224
2194,8098,2194,7793
2194,8615,2194,7638
2194,7207,2194,8099
2194,8766,2194,7307
2194,6541,2194,6794
2194,7869,2194,7693
2195,6616,2195,7156
2195,7538,2195,8001
2195,7696,2195,7282
2195,8151,2195,7949
2195,7259,2195,6822
2195,7617,2195,6925
2195,7769,2195,8715
2195,8458,2195,8638
2195,8458,2195,7435
2195,7463,2195,7001
2195,6439,2196,6744
2196,8105,2196,7619
2196,6645,2196,7333
2196,7613,2196,6793
2196,7945,2196,7643
2196,8226,2196,8587
2196,7894,2196,7768
2196,8104,2196,7690
2196,7462,2196,7204
2196,6102,2196,7255
2196,7126,2196,7717
2196,9660,2197,9559
2197,7489,2197,7691
2197,8845,2197,7974
2197,7716,2197,7897
2197,8870,2197,8817
2197,8384,2197,8615
2197,8842,2197,8765
2197,8047,2197,9022
2197,9353,2197,8867
2197,8051,2197,7994
2197,8202,2197,7695
2198,8484,2198,9050
2198,9919,2198,9712
2198,9072,2198,8947
2198,9405,2198,8333
2198,8641,2198,7712
2198,7537,2198,7821
2198,7384,2198,6102
2198,7304,2198,7564
2198,6207,2198,6843
2198,8303,2198,8306
2198,7105,2198,7562
2199,9204,2199,8355
2199,8027,2199,8231
2199,8945,2199,8560
2199,7667,2199,7771
2199,8254,2199,7974
2199,7331,2199,8100
2199,8791,2199,9227
2199,9634,2199,9558
2199,9712,2199,9458
2199,8434,2199,7693
2199,7894,2199,7052
2200,6360,2200,7001
2200,8667,2200,8587
2200,6005,2200,6873
2200,8538,2200,8334
2200,7645,2200,8126
2200,8615,2200,8357
2200,8024,2200,8076
2200,8306,2200,9125
2200,7973,2200,7103
2200,8227,2200,7820
2200,8560,2201,8919
2201,9537,2201,8843
2201,8257,2201,8101
2201,8409,2201,7615
2201,7924,2201,7822
2201,8845,2201,8509
2201,7925,2201,7410
2201,7796,2201,6821
2201,6388,2201,7050
2201,7537,2201,7565
2201,7358,2201,7512
2201,7895,2202,7898
2202,7513,2202,7542
2202,8562,2202,8537
2202,7333,2202,6844
2202,8306,2202,8406
2202,6771,2202,6335
2202,7433,2202,8460
2202,7285,2202,6873
2202,7413,2202,8736
2202,8126,2202,8103
2202,9021,2202,8409
2203,7793,2203,7357
2203,9178,2203,8640
2203,6745,2203,6925
2203,6799,2203,7259
2203,6973,2203,6156
2203,8406,2203,8459
2203,7844,2203,7923
2203,9383,2203,8152
2203,7258,2203,7740
2203,8845,2203,8129
2203,7512,2203,7616
2204,7667,2204,7975
2204,7079,2204,8821
2204,11021,2204,10765
2204,9841,2204,8639
2204,7081,2204,6671
2204,7847,2204,7997
2204,8486,2204,8205
2204,8534,2204,8943
2204,10199,2204,8946
2204,7384,2204,7306
2204,6897,2205,6539
2205,7026,2205,6436
2205,7229,2205,8405
2205,7768,2205,6876
2205,7437,2205,8917
2205,8481,2205,7282
2205,7797,2205,7642
2205,7205,2205,7207
2205,7693,2205,8229
2205,6770,2205,5980
2205,8154,2205,9484
2206,7694,2206,7564
2206,8357,2206,7566
2206,6566,2206,6361
2206,8998,2206,9537
2206,8179,2206,6487
2206,7665,2206,7410
2206,6593,2206,7463
2206,8177,2206,7667
2206,6593,2206,6797
2206,8154,2206,8383
2206,6695,2206,6108
2207,6616,2207,6385
2207,5877,2207,6949
2207,7333,2207,7567
2207,7384,2207,6668
2207,7792,2207,7588
2207,8102,2207,8460
2207,8744,2207,8103
2207,7460,2207,6516
2207,8511,2207,8309
2207,7285,2207,8001
2207,9304,2208,9078
2208,9279,2208,8435
2208,7874,2208,8485
2208,8382,2208,7435
2208,8514,2208,8791
2208,8023,2208,8821
2208,9562,2208,8407
2208,7616,2208,8024
2208,9329,2208,8381
2208,7153,2208,7384
2208,7792,2208,8537
2208,7920,2209,8228
2209,9253,2209,8971
2209,8768,2209,8000
2209,8690,2209,8457
2209,6744,2209,6950
2209,7332,2209,7025
2209,7563,2209,9557
2209,10453,2209,8816
2209,7307,2209,7308
2209,9382,2209,9277
2209,8894,2209,8587
2210,9020,2210,8893
2210,9048,2210,8694
2210,8613,2210,9536
2210,8666,2210,7770
2210,8382,2210,8331
2210,7817,2210,8690
2210,10789,2210,10020
2210,9022,2210,10559
2210,11606,2210,9636
2210,7767,2210,7589
2210,10557,2210,11250
2211,8534,2211,9408
2211,10353,2211,10481
2211,9994,2211,10298
2211,10201,2211,10532
2211,9795,2211,9509
2211,10379,2211,12042
2211,10891,2211,9356
2211,9842,2211,10377
2211,9765,2211,8966
2211,9279,2211,10301
2211,11298,2212,10172
2212,11021,2212,11634
2212,11609,2212,10224
2212,10505,2212,10405
2212,9433,2212,8690
2212,9380,2212,10276
2212,9613,2212,8972
2212,10557,2212,11607
2212,10377,2212,10149
2212,10993,2212,11377
2212,8870,2212,8431
2212,9916,2213,9303
2213,9074,2213,9406
2213,12274,2213,11303
2213,9257,2213,8975
2213,9534,2213,9122
2213,9174,2213,8846
2213,8637,2213,9305
2213,9890,2213,10172
2213,9894,2213,8738
2213,7437,2213,6898
2213,8610,2213,8974
2214,8130,2214,7997
2214,9638,2214,7768
2214,7201,2214,7563
2214,8049,2214,8025
2214,7386,2214,6793
2214,8177,2214,8766
2214,8817,2214,8330
2214,9276,2214,9969
2214,7746,2214,7920
2214,9970,2214,10098
2214,8736,2214,6362
2215,8794,2215,10737
2215,9301,2215,6923
2215,6204,2215,7074
2215,8179,2215,7795
2215,7589,2215,8153
2215,8973,2215,9864
2215,10375,2215,8740
2215,7898,2215,8435
2215,9229,2215,10149
2215,9583,2215,8919
2215,8433,2216,8177
2216,8358,2216,8255
2216,9511,2216,9970
2216,9305,2216,8997
2216,9459,2216,9330
2216,9175,2216,8770
2216,8361,2216,8922
2216,8310,2216,7921
2216,8789,2216,8968
2216,7128,2216,6766
2216,8685,2216,8609
2217,7642,2217,7281
2217,9686,2217,10764
2217,9484,2217,8381
2217,9098,2217,9969
2217,9356,2217,7894
2217,8282,2217,8842
2217,9302,2217,8743
2217,9279,2217,10123
2217,10251,2217,10763
2217,10302,2217,9227
2217,7921,2217,8634
2218,10324,2218,10504
2218,10176,2218,9559
2218,9099,2218,8584
2218,8512,2218,8997
2218,10736,2218,9532
2218,8714,2218,8125
2218,8970,2218,9153
2218,8385,2218,8281
2218,9122,2218,10019
2218,9740,2218,9865
2218,10610,2219,9511
2219,8996,2219,9661
2219,11762,2219,10200
2219,7641,2219,7463
2219,8307,2219,9073
2219,8537,2219,9560
2219,11124,2219,11068
2219,10554,2219,8947
2219,9815,2219,9459
2219,8534,2219,8049
2219,10222,2219,10201
2219,8381,2220,6975
2220,8306,2220,8026
2220,8947,2220,8843
2220,9332,2220,7640
2220,8075,2220,8253
2220,7894,2220,7690
2220,7770,2220,7567
2220,8075,2220,8489
2220,8975,2220,8051
2220,8127,2220,7459
2220,6517,2220,7615
2221,10019,2221,8227
2221,5874,2221,6182
2221,7871,2221,7178
2221,6002,2221,5337
2221,6336,2221,6820
2221,7003,2221,6694
2221,7131,2221,7587
2221,6949,2221,5134
2221,6435,2221,7331
2221,5976,2221,4823
2221,5823,2221,5409
2222,5336,2222,6519
2222,6181,2222,7309
2222,7869,2222,7973
2222,8023,2222,6873
2222,7228,2222,7309
2222,6818,2222,7284
2222,7642,2222,7515
2222,8564,2222,8561
2222,7663,2222,7381
2222,7792,2222,6719
2222,6872,2223,6921
2223,6384,2223,6234
2223,6714,2223,7434
2223,8278,2223,7766
2223,7050,2223,7079
2223,8050,2223,7513
2223,5693,2223,4801
2223,5259,2223,5570
2223,5544,2223,6003
2223,6746,2223,6029
2223,6281,2223,6565
2224,7944,2224,7231
2224,6514,2224,7693
2224,8691,2224,8536
2224,7562,2224,7001
2224,7952,2224,8715
2224,8744,2224,7360
2224,8022,2224,8277
2224,8051,2224,8282
2224,8971,2224,8459
2224,7387,2224,6309
2224,7483,2224,8331
2225,7976,2225,8460
2225,9178,2225,8051
2225,7178,2225,6689
2225,8173,2225,7719
2225,6822,2225,5773
2225,6414,2225,6185
2225,7457,2225,8276
2225,9253,2225,9838
2225,8228,2225,7256
2225,7949,2225,7793
2225,7490,2226,7845
2226,8692,2226,7001
2226,6156,2226,6645
2226,7228,2226,6029
2226,5413,2226,6256
2226,7515,2226,7074
2226,6615,2226,7487
2226,8563,2226,7334
2226,5724,2226,7103
2226,7868,2226,8151
2226,8689,2226,8153
2226,8640,2227,8563
2227,7208,2227,7024
2227,8202,2227,9178
2227,8589,2227,8332
2227,8588,2227,6747
2227,6308,2227,6051
2227,6947,2227,7998
2227,9102,2227,8919
2227,9280,2227,8253
2227,7616,2227,7433
2227,7766,2227,8277
2228,7332,2228,6903
2228,7617,2228,7333
2228,6516,2228,5951
2228,5696,2228,6718
2228,6437,2228,5850
2228,7306,2228,7818
2228,7255,2228,7617
2228,8842,2228,7641
2228,6748,2228,7669
2228,7355,2228,8047
2228,7671,2229,8025
2229,7895,2229,8077
2229,8615,2229,8231
2229,7794,2229,7181
2229,6181,2229,6078
2229,6948,2229,7615
2229,7356,2229,6536
2229,7563,2229,7766
2229,6563,2229,7740
2229,9534,2229,8384
2229,7155,2229,6875
2229,9126,2230,9228
2230,8203,2230,7257
2230,7024,2230,6668
2230,5976,2230,6181
2230,6543,2230,6720
2230,6849,2230,5796
2230,6385,2230,7103
2230,8257,2230,8025
2230,7870,2230,7770
2230,7129,2230,6105
2230,6337,2230,5797
2231,5620,2231,6565
2231,7306,2231,7104
2231,5311,2231,6209
2231,8666,2231,8101
2231,7127,2231,7384
2231,7460,2231,7183
2231,8818,2231,7769
2231,9022,2231,8329
2231,6182,2231,6181
2231,8638,2231,7126
2231,5489,2232,4849
2232,7026,2232,7590
2232,6439,2232,5694
2232,6899,2232,5948
2232,5775,2232,6998
2232,7332,2232,7103
2232,6541,2232,8409
2232,8153,2232,7231
2232,7385,2232,8457
2232,8661,2232,7308
2232,6597,2232,5745
2232,6517,2233,6976
2233,5568,2233,4673
2233,5700,2233,6670
2233,6700,2233,8357
2233,9792,2233,7796
2233,7463,2233,6413
2233,6667,2233,7515
2233,7230,2233,7205
2233,8125,2233,6848
2233,6387,2233,7051
2233,8584,2233,8556
2234,7668,2234,9148
2234,9533,2234,8637
2234,7438,2234,7793
2234,8382,2234,6949
2234,7258,2234,7228
2234,8457,2234,7975
2234,6822,2234,7026
2234,7127,2234,7667
2234,7715,2234,8280
2234,8308,2234,8716
2234,8051,2235,7716
2235,7947,2235,7797
2235,8307,2235,8228
2235,8535,2235,8511
2235,8510,2235,7920
2235,7949,2235,6668
2235,5747,2235,4926
2235,6233,2235,7745
2235,6975,2235,6289
2235,7641,2235,7613
2235,6410,2235,6107
2235,8024,2236,7536
2236,6308,2236,6361
2236,8232,2236,8025
2236,7204,2236,6719
2236,7896,2236,7486
2236,6593,2236,6898
2236,7356,2236,6230
2236,6104,2236,6028
2236,7591,2236,8126
2236,7796,2236,7205
2236,7817,2236,6332
2237,5893,2237,5926
2237,7540,2237,7103
2237,5693,2237,6645
2237,7462,2237,7815
2237,6998,2237,6256
2237,7819,2237,8948
2237,7899,2237,6130
2237,5949,2237,6694
2237,6668,2237,5924
2237,5694,2237,5643
2237,6077,2238,6055
2238,7306,2238,7203
2238,7131,2238,8484
2238,8815,2238,7231
2238,6796,2238,6643
2238,8949,2238,8737
2238,7284,2238,7715
2238,8921,2238,7948
2238,6745,2238,7815
2238,10301,2238,10477
2238,8640,2238,8385
2238,9536,2239,8969
2239,8590,2239,9764
2239,9613,2239,8203
2239,7946,2239,9024
2239,9866,2239,9074
2239,7053,2239,7231
2239,8076,2239,8102
2239,8511,2239,9074
2239,8562,2239,8688
2239,8893,2239,8613
2239,7691,2239,6592
2240,6436,2240,5825
2240,7024,2240,7207
2240,7157,2240,7233
2240,7768,2240,7486
2240,7791,2240,7411
2240,8231,2240,8256
2240,7565,2240,6539
2240,7258,2240,7332
2240,6898,2240,6875
2240,7615,2240,9049
2240,8176,2241,6871
2241,8483,2241,8636
2241,7591,2241,7258
2241,7407,2241,8001
2241,7870,2241,7234
2241,7206,2241,6927
2241,7026,2241,7407
2241,8175,2241,8229
2241,7587,2241,8688
2241,9737,2241,8456
2241,7770,2241,7616
2241,7179,2242,7052
2242,6617,2242,6771
2242,7512,2242,6131
2242,8076,2242,8823
2242,7564,2242,7208
2242,7797,2242,7437
2242,7434,2242,6463
2242,6488,2242,8509
2242,9559,2242,9023
2242,8765,2242,8846
2242,8973,2242,8151
2243,8177,2243,8995
2243,9920,2243,9279
2243,8843,2243,8640
2243,9815,2243,8767
2243,7437,2243,7668
2243,9714,2243,10662
2243,10047,2243,9968
2243,9893,2243,9870
2243,7614,2243,7356
2243,9199,2243,8204
2243,6132,2244,6720
2244,7003,2244,7385
2244,7894,2244,8484
2244,10250,2244,7665
2244,6643,2244,8128
2244,9405,2244,9149
2244,8509,2244,8740
2244,10019,2244,8841
2244,7588,2244,7716
2244,10121,2244,9735
2244,10200,2244,10664
2244,11072,2245,10713
2245,9255,2245,9280
2245,10816,2245,10175
2245,9127,2245,9175
2245,8460,2245,8280
2245,7661,2245,7993
2245,8945,2245,8052
2245,7845,2245,6975
2245,7027,2245,6772
2245,6821,2245,7587
2245,8254,2245,7228
2246,6335,2246,7002
2246,9330,2246,9176
2246,8052,2246,6772
2246,7589,2246,7206
2246,7078,2246,7074
2246,7261,2246,8125
2246,7613,2246,6946
2246,6845,2246,6922
2246,6382,2246,6206
2246,6899,2246,7307
2246,7996,2247,8000
2247,8610,2247,7718
2247,7361,2247,7511
2247,7640,2247,6947
2247,6464,2247,6310
2247,7311,2247,6259
2247,5106,2247,5108
2247,5467,2247,6285
2247,6771,2247,7615
2247,7564,2247,6875
2247,7793,2247,9226
2248,8789,2248,6975
2248,7284,2248,8049
2248,8331,2248,8457
2248,7846,2248,6693
2248,7897,2248,7460
2248,6974,2248,6183
2248,7178,2248,8663
2248,8379,2248,7435
2248,7743,2248,7588
2248,7158,2248,6436
2248,6822,2248,7589
2249,7790,2249,8487
2249,8945,2249,8819
2249,8487,2249,8538
2249,10042,2249,9638
2249,7924,2249,8179
2249,9000,2249,7205
2249,6746,2249,6362
2249,7870,2249,9125
2249,9275,2249,8203
2249,8819,2249,8717
2249,8867,2250,9051
2250,9503,2250,8539
2250,8125,2250,9485
2250,11146,2250,9047
2250,7740,2250,7306
2250,8358,2250,8382
2250,7333,2250,8434
2250,9310,2250,8383
2250,8359,2250,9022
2250,10043,2250,9920
2250,7487,2250,7589
2251,8459,2251,8564
2251,7924,2251,8714
2251,9915,2251,9070
2251,7284,2251,6973
2251,8509,2251,9946
2251,8995,2251,7434
2251,8176,2251,8202
2251,8664,2251,8994
2251,9152,2251,7867
2251,7563,2251,8076
2251,8458,2251,8792
2252,8076,2252,7790
2252,9481,2252,10815
2252,9611,2252,8737
2252,8665,2252,8973
2252,8253,2252,7152
2252,7947,2252,7562
2252,6771,2252,7564
2252,8484,2252,9535
2252,7845,2252,7843
2252,8713,2252,8846
2252,8486,2253,7355
2253,7948,2253,8050
2253,8459,2253,7514
2253,7000,2253,6154
2253,5234,2253,5591
2253,6948,2253,6847
2253,5495,2253,6179
2253,6742,2253,7000
2253,6925,2253,6872
2253,7256,2253,6260
2253,6536,2253,6590
2254,6925,2254,7972
2254,8592,2254,8279
2254,7922,2254,8968
2254,9175,2254,9151
2254,11123,2254,10739
2254,8485,2254,7307
2254,7203,2254,8614
2254,7742,2254,6462
2254,7126,2254,7080
2254,6465,2254,6287
2254,7894,2255,8459
2255,5851,2255,4927
2255,6358,2255,6715
2255,7280,2255,7207
2255,7438,2255,7973
2255,7996,2255,7588
2255,8231,2255,6900
2255,6309,2255,6592
2255,7590,2255,8306
2255,7666,2255,6333
2255,6975,2255,8305
2255,7411,2256,8180
2256,9482,2256,10228
2256,9532,2256,7690
2256,8231,2256,8231
2256,7177,2256,6309
2256,6717,2256,5673
2256,5209,2256,5846
2256,6488,2256,5721
2256,5311,2256,6285
2256,9101,2256,9358
2256,6847,2256,6284
2257,8203,2257,7719
2257,7923,2257,7077
2257,6978,2257,6772
2257,6207,2257,6489
2257,7514,2257,8486
2257,7306,2257,7719
2257,8537,2257,8410
2257,8001,2257,6900
2257,6976,2257,7234
2257,8512,2257,7588
2257,7771,2258,7388
2258,6566,2258,7744
2258,8332,2258,7741
2258,6535,2258,6412
2258,5672,2258,5180
2258,5671,2258,6900
2258,8125,2258,8639
2258,7999,2258,6720
2258,6845,2258,6463
2258,6463,2258,6745
2258,7331,2258,7280
2259,6774,2259,6412
2259,6821,2259,5824
2259,5516,2259,5852
2259,7464,2259,7411
2259,6235,2259,6796
2259,7768,2259,8026
2259,6208,2259,5852
2259,7744,2259,7742
2259,7539,2259,6666
2259,6589,2259,5540
2259,6031,2260,6184
2260,7257,2260,6668
2260,6463,2260,6487
2260,7282,2260,7461
2260,7101,2260,7770
2260,7975,2260,7719
2260,7281,2260,6539
2260,7152,2260,7181
2260,7334,2260,7129
2260,7922,2260,8767
2260,8202,2260,6666
2260,7591,2261,6875
2261,4725,2261,5159
2261,7463,2261,7611
2261,6873,2261,7462
2261,8484,2261,7847
2261,7923,2261,7384
2261,7411,2261,7080
2261,6948,2261,7868
2261,8562,2261,8228
2261,6745,2261,6591
2261,7053,2261,7641
2262,7104,2262,5698
2262,6361,2262,8923
2262,7893,2262,6925
2262,8101,2262,6999
2262,6104,2262,7001
2262,8408,2262,7896
2262,6720,2262,5928
2262,6745,2262,7464
2262,8534,2262,8075
2262,8331,2262,8150
2262,6055,2263,5004
2263,6206,2263,8409
2263,6746,2263,6796
2263,8280,2263,7307
2263,7232,2263,7333
2263,8584,2263,9277
2263,8716,2263,8203
2263,8692,2263,8077
2263,8488,2263,8050
2263,8486,2263,7818
2263,7411,2263,9662
2264,12986,2264,15115
2264,14216,2264,16087
2264,21823,2264,25045
2264,26533,2264,28251
2264,33599,2264,39407
2264,44785,2264,47062
2264,51520,2264,55151
2264,61961,2264,70024
2264,75116,2264,77036
2264,78849,2264,81229
2264,86090,2265,87065
2265,87884,2265,89064
2265,90778,2265,92804
2265,94954,2265,97003
2265,102020,2265,106886
2265,109674,2265,111057
2265,114489,2265,120638
2265,129978,2265,136071
2265,141675,2265,144107
2265,146923,2265,150012
2265,156309,2265,157206
2265,154902,2266,152013
2266,148810,2266,145173
2266,146049,2266,144206
2266,141208,2266,137170
2266,139060,2266,139833
2266,141854,2266,144160
2266,147333,2266,144801
2266,145849,2266,145467
2266,147867,2266,149098
2266,148512,2266,142616
2266,141900,2266,139854
2267,139595,2267,133609
2267,128637,2267,125589
2267,127209,2267,118606
2267,112669,2267,114822
2267,115693,2267,111133
2267,109523,2267,109290
2267,107989,2267,105451
2267,106245,2267,105885
2267,104246,2267,99690
2267,98362,2267,97617
2267,97286,2268,94651
2268,92108,2268,89629
2268,88118,2268,82641
2268,78979,2268,76930
2268,76065,2268,70382
2268,69458,2268,70968
2268,70970,2268,65258
2268,62573,2268,62524
2268,62699,2268,59984
2268,58631,2268,59240
2268,60501,2268,58241
2269,55991,2269,54587
2269,54584,2269,50822
2269,49623,2269,48492
2269,47675,2269,45064
2269,42940,2269,40250
2269,39840,2269,38380
2269,37308,2269,36234
2269,37949,2269,36947
2269,36231,2269,36309
2269,34469,2269,30323
2269,30170,2270,30091
2270,30906,2270,29140
2270,26784,2270,25969
2270,26530,2270,26019
2270,23915,2270,23411
2270,24430,2270,24302
2270,24327,2270,23767
2270,23330,2270,21486
2270,19517,2270,19284
2270,22358,2270,20950
2270,17776,2270,17925
2270,19671,2271,17902
2271,15473,2271,15573
2271,17393,2271,16595
2271,15525,2271,15187
2271,16727,2271,16420
2271,15551,2271,14600
2271,15291,2271,16010
2271,14196,2271,14039
2271,15885,2271,16059
2271,14011,2271,13351
2271,14500,2271,13782
2272,12173,2272,12555
2272,14934,2272,15420
2272,13937,2272,13036
2272,13885,2272,13092
2272,11629,2272,11277
2272,12737,2272,12858
2272,12860,2272,11762
2272,13194,2272,13861
2272,13912,2272,12887
2272,13728,2272,14265
2272,13962,2273,13987
2273,13653,2273,14269
2273,13655,2273,13268
2273,13912,2273,12728
2273,11247,2273,13274
2273,14911,2273,14037
2273,13933,2273,14475
2273,15627,2273,14244
2273,11481,2273,12504
2273,13961,2273,13170
2273,12939,2273,13346
2274,14397,2274,14218
2274,12529,2274,12787
2274,14964,2274,13707
2274,11403,2274,12653
2274,15038,2274,12781
2274,11272,2274,12198
2274,14142,2274,12684
2274,13069,2274,14656
2274,15213,2274,13245
2274,13347,2274,13168
2274,14217,2275,15269
2275,14013,2275,11919
2275,13778,2275,15266
2275,13683,2275,12835
2275,11526,2275,11505
2275,12606,2275,11757
2275,11197,2275,10918
2275,11912,2275,12172
2275,12376,2275,11301
2275,11636,2275,11329
2275,12580,2275,11784
2276,10996,2276,9790
2276,10201,2276,11172
2276,10120,2276,8715
2276,10120,2276,10170
2276,9942,2276,9864
2276,10096,2276,9788
2276,9608,2276,9662
2276,10017,2276,11351
2276,10892,2276,10993
2276,10662,2276,8973
2276,7895,2276,8686
2277,9843,2277,8869
2277,8665,2277,8228
2277,8583,2277,8206
2277,7869,2277,8279
2277,8484,2277,7539
2277,6358,2277,7587
2277,9609,2277,9403
2277,7843,2277,7668
2277,8230,2277,8714
2277,8150,2277,6717
2277,8512,2278,8485
2278,8666,2278,7535
2278,8100,2278,8463
2278,7923,2278,7463
2278,7566,2278,7563
2278,7690,2278,9174
2278,9428,2278,8559
2278,7357,2278,6743
2278,7539,2278,8178
2278,7051,2278,6539
2278,7644,2278,7690
2279,7713,2279,7566
2279,8407,2279,8973
2279,7334,2279,6642
2279,7435,2279,7284
2279,6387,2279,6257
2279,7638,2279,7744
2279,7793,2279,7641
2279,7359,2279,7871
2279,7998,2279,7692
2279,7921,2279,9024
2279,10996,2280,9865
2280,9332,2280,8686
2280,8180,2280,8103
2280,8408,2280,9944
2280,9324,2280,8334
2280,9532,2280,8892
2280,8537,2280,8178
2280,9535,2280,9431
2280,8870,2280,8409
2280,9869,2280,10381
2280,8768,2280,7796
2281,9689,2281,10428
2281,9737,2281,8613
2281,8562,2281,9151
2281,8643,2281,8814
2281,9790,2281,11044
2281,9409,2281,9533
2281,11070,2281,10358
2281,9611,2281,8483
2281,9379,2281,10201
2281,9535,2281,8175
2281,9611,2282,10787
2282,9329,2282,9176
2282,10684,2282,10405
2282,9380,2282,8611
2282,8357,2282,9585
2282,9689,2282,8611
2282,8560,2282,9612
2282,10097,2282,9506
2282,9177,2282,10124
2282,8792,2282,8612
2282,9355,2282,9281
2283,9479,2283,8585
2283,7666,2283,7947
2283,7412,2283,8025
2283,10178,2283,9049
2283,6493,2283,7305
2283,8534,2283,8176
2283,8407,2283,8944
2283,8740,2283,8487
2283,7818,2283,6364
2283,6768,2283,6845
2283,6310,2284,6079
2284,8358,2284,8072
2284,7226,2284,7333
2284,8331,2284,9633
2284,8356,2284,7897
2284,7359,2284,7947
2284,7692,2284,6819
2284,7458,2284,5491
2284,5031,2284,6336
2284,7588,2284,7688
2284,7332,2284,7560
2284,9198,2285,7690
2285,6617,2285,6567
2285,7716,2285,8073
2285,7715,2285,7101
2285,9459,2285,10125
2285,7103,2285,6900
2285,7692,2285,6949
2285,5440,2285,6386
2285,8663,2285,9023
2285,8333,2285,7490
2285,7843,2285,8484
2286,7591,2286,7153
2286,8049,2286,8714
2286,7997,2286,7278
2286,6949,2286,7923
2286,8585,2286,8916
2286,9713,2286,9612
2286,8304,2286,7541
2286,8380,2286,7767
2286,6692,2286,7407
2286,9407,2286,9301
2286,7644,2287,7230
2287,9101,2287,8664
2287,8612,2287,8049
2287,8024,2287,7283
2287,7308,2287,7870
2287,9484,2287,9204
2287,8309,2287,8486
2287,9308,2287,8767
2287,8409,2287,7336
2287,7970,2287,7743
2287,7489,2287,8128
2288,8461,2288,7818
2288,7127,2288,7770
2288,9917,2288,9511
2288,7665,2288,7843
2288,9073,2288,8769
2288,9048,2288,10459
2288,10044,2288,8770
2288,8151,2288,8207
2288,8842,2288,8101
2288,7947,2288,8870
2288,7336,2289,7155
2289,7333,2289,8203
2289,8510,2289,8588
2289,7638,2289,7997
2289,9279,2289,8614
2289,7079,2289,8077
2289,9485,2289,8203
2289,7901,2289,8280
2289,7461,2289,6208
2289,6054,2289,6412
2289,7486,2289,8582
2290,7714,2290,6493
2290,6925,2290,7181
2290,7208,2290,6592
2290,7563,2290,7099
2290,6876,2290,6973
2290,8356,2290,7207
2290,6922,2290,7208
2290,8587,2290,7387
2290,7103,2290,7994
2290,7461,2290,5949
2290,6586,2291,7435
2291,7848,2291,7154
2291,7358,2291,7612
2291,7588,2291,7105
2291,6567,2291,5670
2291,6871,2291,7332
2291,8025,2291,8254
2291,9279,2291,7791
2291,6693,2291,6793
2291,7895,2291,8561
2291,7922,2291,6873
2292,6796,2292,6640
2292,6026,2292,6078
2292,7486,2292,8562
2292,7283,2292,7739
2292,9051,2292,9457
2292,8177,2292,7407
2292,7461,2292,6978
2292,6516,2292,7207
2292,8690,2292,7791
2292,7509,2292,8641
2292,10249,2293,9716
2293,7997,2293,7255
2293,8047,2293,8687
2293,8332,2293,8588
2293,8536,2293,8305
2293,8203,2293,8229
2293,8305,2293,8205
2293,7793,2293,7154
2293,7409,2293,8126
2293,7308,2293,7562
2293,8689,2293,7971
2294,7511,2294,7539
2294,8202,2294,7766
2294,7849,2294,7870
2294,7514,2294,7358
2294,7690,2294,9072
2294,9151,2294,8639
2294,7614,2294,7385
2294,8791,2294,8462
2294,7385,2294,7717
2294,8923,2294,8284
2294,8259,2295,7438
2295,9359,2295,9946
2295,7360,2295,6156
2295,7150,2295,7590
2295,7946,2295,8461
2295,9024,2295,9150
2295,7155,2295,6027
2295,7640,2295,6820
2295,6719,2295,6691
2295,7104,2295,6440
2295,5926,2295,7383
2296,8689,2296,7488
2296,6849,2296,6896
2296,6897,2296,6795
2296,7408,2296,8154
2296,8357,2296,8715
2296,8387,2296,7080
2296,6489,2296,7026
2296,6949,2296,5973
2296,7643,2296,8051
2296,6155,2296,6310
2296,8407,2297,9051
2297,7639,2297,6027
2297,6869,2297,7872
2297,7333,2297,6413
2297,7435,2297,7412
2297,6773,2297,5975
2297,7846,2297,8410
2297,8359,2297,7107
2297,8204,2297,9178
2297,8358,2297,7767
2297,7331,2297,6642
2297,6696,2298,7358
2298,7230,2298,8102
2298,8256,2298,7665
2298,6156,2298,6053
2298,7104,2298,6950
2298,7202,2298,6563
2298,6667,2298,6771
2298,7766,2298,7796
2298,6693,2298,7486
2298,8355,2298,6184
2298,7230,2298,8152
2299,10095,2299,10147
2299,8818,2299,7613
2299,6593,2299,6130
2299,6698,2299,8126
2299,8254,2299,7563
2299,5952,2299,6336
2299,8662,2299,8128
2299,7639,2299,7767
2299,9023,2299,9147
2299,8048,2299,8788
2299,9741,2300,9383
2300,8252,2300,7585
2300,9201,2300,10529
2300,10226,2300,9612
2300,9228,2300,8254
2300,7919,2300,7284
2300,9254,2300,9921
2300,8304,2300,6847
2300,8998,2300,10327
2300,9714,2300,9945
2300,11046,2300,10407
2301,9943,2301,8072
2301,8918,2301,8456
2301,7641,2301,9255
2301,9661,2301,8612
2301,8305,2301,9174
2301,10197,2301,9894
2301,9946,2301,9377
2301,9995,2301,9199
2301,8201,2301,9226
2301,9509,2301,9175
2301,7977,2302,7766
2302,8894,2302,9355
2302,9069,2302,9689
2302,10176,2302,9331
2302,8585,2302,7615
2302,7794,2302,7104
2302,8051,2302,9330
2302,9813,2302,8155
2302,7440,2302,8488
2302,9355,2302,8791
2302,7076,2302,7358
2303,8584,2303,8996
2303,8512,2303,7001
2303,7818,2303,8716
2303,8228,2303,7538
2303,8126,2303,6823
2303,6516,2303,7308
2303,6798,2303,6055
2303,6283,2303,5645
2303,5667,2303,6564
2303,6489,2303,6745
2303,6899,2304,7819
2304,6972,2304,6181
2304,7231,2304,7105
2304,6951,2304,8026
2304,7334,2304,6235
2304,6055,2304,6057
2304,7462,2304,7870
2304,7178,2304,6693
2304,6926,2304,6209
2304,6132,2304,5183
2304,6641,2304,6566
2305,6441,2305,6565
2305,7617,2305,7437
2305,4772,2305,5671
2305,8385,2305,8409
2305,6772,2305,6054
2305,6771,2305,7411
2305,7202,2305,7000
2305,6695,2305,6414
2305,6103,2305,6308
2305,7538,2305,6484
2305,5464,2306,6514
2306,8180,2306,8512
2306,7515,2306,7513
2306,7819,2306,7688
2306,7281,2306,6105
2306,6235,2306,6338
2306,6414,2306,6387
2306,7510,2306,7486
2306,6160,2306,6100
2306,7332,2306,7255
2306,7356,2306,6948
2307,6746,2307,7201
2307,6310,2307,6564
2307,7385,2307,7693
2307,7386,2307,6463
2307,7177,2307,7355
2307,6950,2307,5950
2307,7129,2307,8279
2307,7337,2307,6721
2307,7921,2307,7820
2307,7794,2307,7492
2307,8252,2308,7871
2308,7280,2308,7948
2308,8996,2308,7613
2308,7820,2308,9429
2308,10278,2308,9152
2308,8793,2308,8613
2308,9018,2308,8820
2308,8996,2308,8971
2308,9051,2308,9025
2308,8358,2308,9302
2308,10837,2308,10326
2309,10045,2309,8330
2309,9099,2309,8433
2309,8538,2309,7256
2309,9150,2309,9967
2309,7948,2309,8510
2309,8844,2309,7105
2309,7076,2309,6926
2309,8254,2309,9482
2309,9123,2309,8103
2309,8433,2309,8178
2309,7460,2310,7513
2310,7798,2310,7382
2310,7026,2310,6232
2310,6568,2310,7514
2310,7079,2310,6232
2310,7510,2310,7694
2310,6669,2310,6388
2310,7615,2310,8205
2310,7512,2310,7130
2310,8026,2310,7432
2310,5412,2310,5797
2311,7718,2311,7128
2311,5670,2311,6154
2311,7077,2311,6743
2311,8000,2311,7104
2311,7514,2311,7538
2311,7335,2311,6540
2311,7435,2311,7000
2311,5645,2311,5108
2311,6464,2311,7303
2311,6824,2311,6924
2311,6436,2312,7024
2312,7896,2312,7612
2312,7075,2312,6542
2312,5387,2312,6847
2312,7970,2312,7232
2312,6052,2312,7409
2312,8483,2312,7842
2312,6669,2312,6101
2312,6000,2312,5156
2312,5211,2312,6079
2312,6440,2312,7202
2313,6693,2313,6590
2313,7074,2313,7029
2313,6773,2313,6844
2313,7488,2313,6767
2313,6435,2313,7791
2313,8100,2313,8279
2313,7744,2313,8694
2313,10044,2313,8637
2313,6564,2313,6439
2313,8586,2313,9277
2313,9249,2314,7997
2314,7999,2314,8151
2314,8178,2314,8155
2314,8892,2314,8563
2314,7260,2314,8407
2314,10454,2314,9482
2314,7715,2314,8640
2314,10173,2314,10249
2314,10633,2314,10022
2314,10661,2314,11071
2314,9766,2314,8612
2315,10122,2315,10735
2315,9921,2315,10403
2315,12324,2315,12476
2315,13039,2315,15039
2315,15879,2315,13907
2315,12221,2315,11991
2315,13579,2315,14268
2315,15343,2315,16083
2315,16111,2315,14781
2315,15856,2315,15801
2315,14910,2316,15163
2316,14140,2316,14270
2316,16006,2316,16855
2316,17110,2316,16675
2316,16266,2316,14499
2316,15240,2316,17213
2316,18854,2316,17648
2316,16190,2316,15497
2316,17313,2316,17110
2316,15706,2316,15931
2316,17112,2316,16595
2317,17115,2317,16393
2317,16163,2317,15475
2317,14832,2317,13296
2317,14191,2317,14242
2317,13602,2317,13349
2317,13193,2317,13349
2317,13479,2317,13653
2317,14730,2317,14089
2317,14527,2317,13625
2317,14193,2317,12553
2317,10506,2318,11170
2318,12631,2318,13219
2318,12988,2318,13067
2318,14245,2318,13632
2318,12297,2318,11556
2318,11735,2318,10942
2318,9046,2318,10841
2318,11913,2318,11375
2318,11042,2318,11915
2318,13706,2318,14397
2318,11530,2318,10149
2319,12582,2319,12070
2319,12222,2319,11374
2319,10864,2319,8767
2319,8638,2319,9917
2319,10327,2319,9712
2319,9612,2319,9274
2319,10147,2319,11452
2319,11376,2319,10918
2319,10560,2319,9689
2319,9202,2319,10609
2320,11201,2320,10331
2320,8896,2320,9664
2320,12018,2320,11684
2320,9586,2320,11456
2320,11708,2320,9793
2320,8535,2320,8282
2320,9585,2320,10250
2320,8869,2320,9584
2320,11123,2320,11657
2320,9303,2320,8257
2320,9842,2321,10250
2321,9122,2321,8022
2321,8922,2321,9180
2321,9256,2321,8817
2321,9228,2321,10453
2321,9943,2321,9740
2321,10379,2321,10663
2321,10379,2321,9610
2321,10941,2321,11713
2321,9153,2321,9327
2321,10990,2321,11144
2322,10095,2322,9842
2322,12168,2322,12787
2322,13194,2322,14244
2322,16394,2322,16988
2322,17421,2322,19416
2322,21210,2322,20104
2322,20005,2322,23435
2322,25429,2322,24837
2322,25144,2322,28650
2322,32641,2322,34515
2322,34666,2323,35458
2323,37045,2323,35741
2323,36128,2323,38402
2323,40220,2323,39813
2323,39354,2323,40737
2323,42118,2323,42992
2323,45756,2323,49774
2323,52462,2323,50954
2323,52053,2323,52206
2323,54613,2323,55866
2323,57833,2323,56526
2324,58397,2324,58422
2324,57527,2324,54916
2324,55530,2324,55711
2324,56836,2324,55710
2324,55944,2324,56429
2324,56707,2324,55686
2324,55249,2324,54616
2324,55074,2324,55434
2324,55994,2324,56814
2324,57448,2324,54691
2324,55148,2325,55602
2325,56014,2325,54177
2325,54406,2325,54740
2325,50924,2325,48135
2325,49672,2325,49389
2325,48773,2325,47521
2325,47755,2325,46648
2325,45321,2325,44705
2325,45090,2325,44882
2325,43167,2325,41629
2325,42574,2325,44703
2326,43986,2326,42375
2326,41960,2326,40734
2326,39408,2326,37437
2326,37284,2326,35413
2326,32544,2326,31699
2326,34082,2326,32932
2326,30524,2326,29242
2326,30397,2326,31880
2326,29425,2326,28424
2326,27429,2326,27890
2326,27735,2327,26840
2327,26632,2327,24995
2327,23048,2327,24123
2327,26813,2327,25818
2327,25121,2327,23299
2327,24942,2327,25636
2327,24379,2327,22177
2327,22435,2327,22488
2327,21155,2327,19649
2327,19208,2327,19694
2327,19385,2327,17443
2328,19617,2328,17854
2328,16753,2328,16370
2328,18545,2328,19259
2328,18668,2328,17394
2328,16906,2328,16448
2328,16395,2328,16115
2328,16853,2328,16267
2328,16191,2328,15089
2328,14043,2328,12732
2328,12430,2328,13887
2328,14447,2329,13887
2329,13987,2329,13862
2329,14167,2329,13016
2329,10558,2329,10737
2329,12503,2329,13602
2329,11759,2329,12351
2329,14141,2329,14040
2329,11584,2329,11888
2329,12295,2329,10504
2329,9586,2329,9277
2329,9839,2329,9330
2330,7619,2330,7564
2330,9326,2330,9329
2330,8563,2330,8740
2330,9404,2330,8895
2330,7563,2330,7310
2330,11222,2330,11581
2330,9152,2330,8922
2330,11454,2330,10713
2330,10144,2330,10663
2330,9868,2330,8869
2330,9508,2331,10228
2331,10276,2331,9278
2331,8433,2331,8868
2331,9255,2331,7743
2331,6948,2331,8255
2331,9253,2331,8432
2331,7081,2331,6283
2331,8301,2331,8894
2331,7028,2331,7330
2331,9455,2331,9766
2331,8841,2332,8102
2332,8971,2332,8843
2332,8666,2332,8306
2332,8892,2332,8253
2332,8407,2332,8820
2332,9716,2332,9485
2332,7720,2332,7100
2332,9096,2332,10837
2332,9150,2332,7640
2332,9330,2332,9255
2332,8842,2332,9025
2333,10021,2333,8868
2333,8308,2333,8535
2333,9250,2333,8022
2333,7180,2333,8078
2333,8485,2333,8589
2333,7998,2333,8972
2333,9637,2333,8459
2333,8127,2333,8738
2333,9147,2333,8330
2333,7845,2333,8821
2333,10122,2334,9918
2334,8892,2334,8663
2334,10887,2334,10098
2334,8561,2334,8640
2334,8587,2334,9507
2334,10816,2334,10274
2334,8794,2334,8255
2334,9254,2334,9865
2334,9865,2334,9279
2334,8947,2334,8328
2334,8432,2334,7616
2335,7100,2335,7718
2335,8458,2335,8405
2335,8229,2335,7894
2335,8154,2335,9023
2335,7719,2335,7461
2335,9508,2335,7998
2335,6568,2335,6234
2335,7487,2335,7872
2335,7409,2335,6848
2335,7435,2335,7617
2335,7233,2336,6387
2336,6663,2336,7796
2336,8226,2336,7130
2336,7488,2336,8381
2336,8278,2336,6641
2336,7562,2336,7182
2336,6746,2336,6205
2336,7717,2336,7662
2336,6157,2336,6618
2336,7617,2336,7513
2336,6870,2336,6613
2337,7898,2337,7563
2337,7306,2337,7767
2337,7845,2337,6591
2337,5747,2337,6308
2337,6949,2337,7051
2337,5976,2337,5363
2337,7104,2337,8561
2337,8766,2337,8025
2337,7054,2337,7769
2337,7971,2337,7691
2337,7771,2338,7256
2338,6797,2338,6109
2338,7228,2338,8741
2338,8232,2338,7614
2338,6925,2338,7665
2338,7076,2338,7024
2338,7920,2338,9253
2338,7793,2338,7692
2338,7157,2338,7311
2338,7664,2338,7358
2338,6949,2338,6335
2339,5543,2339,6209
2339,6484,2339,5977
2339,5952,2339,6821
2339,8458,2339,7513
2339,6102,2339,6590
2339,8894,2339,9635
2339,8744,2339,7744
2339,8612,2339,8611
2339,6976,2339,7539
2339,9506,2339,8915
2340,7407,2340,6794
2340,7283,2340,8152
2340,7487,2340,6922
2340,7972,2340,7844
2340,7594,2340,7536
2340,8666,2340,7564
2340,7871,2340,8357
2340,8100,2340,7258
2340,7001,2340,6949
2340,8536,2340,9741
2340,9356,2341,9763
2341,8820,2341,8021
2341,7411,2341,6999
2341,7796,2341,7665
2341,8050,2341,7920
2341,7974,2341,8715
2341,8153,2341,7694
2341,8509,2341,7434
2341,5594,2341,5747
2341,7310,2341,6748
2341,6437,2341,6950
2342,7794,2342,8079
2342,7564,2342,6872
2342,7791,2342,8434
2342,8539,2342,8204
2342,8739,2342,7229
2342,6128,2342,6975
2342,9123,2342,8204
2342,7256,2342,7153
2342,9251,2342,8867
2342,8840,2342,8765
2342,9276,2343,7641
2343,7618,2343,6643
2343,7027,2343,7898
2343,6644,2343,5366
2343,6031,2343,6872
2343,5617,2343,4749
2343,6309,2343,7465
2343,6415,2343,5876
2343,7285,2343,7950
2343,6592,2343,5162
2343,6387,2343,7820
2344,6055,2344,5287
2344,6589,2344,6412
2344,6183,2344,5874
2344,7278,2344,8277
2344,7000,2344,5925
2344,7591,2344,7411
2344,6461,2344,6928
2344,8025,2344,7718
2344,6949,2344,5900
2344,6952,2344,7769
2344,6491,2345,5924
2345,7334,2345,6793
2345,6181,2345,7694
2345,7766,2345,6746
2345,6028,2345,5105
2345,5748,2345,7052
2345,6848,2345,6951
2345,7667,2345,6922
2345,6591,2345,7540
2345,8052,2345,7127
2345,7281,2345,7051
2346,8358,2346,9174
2346,8817,2346,7973
2346,7485,2346,7871
2346,6718,2346,6591
2346,8177,2346,7667
2346,6975,2346,7180
2346,6770,2346,6233
2346,6204,2346,6592
2346,7103,2346,8075
2346,8534,2346,8077
2347,8487,2347,7254
2347,6385,2347,6514
2347,7793,2347,7615
2347,7002,2347,6540
2347,6947,2347,6437
2347,5699,2347,7206
2347,8026,2347,6896
2347,6030,2347,6872
2347,8078,2347,8384
2347,8178,2347,7410
2347,7711,2348,6412
2348,7490,2348,8586
2348,9074,2348,8230
2348,8279,2348,6769
2348,6285,2348,6263
2348,6696,2348,6691
2348,7769,2348,6770
2348,6002,2348,6921
2348,8635,2348,8609
2348,7205,2348,7001
2348,9173,2348,8464
2349,6744,2349,6899
2349,7896,2349,7643
2349,6439,2349,7153
2349,7565,2349,6463
2349,6408,2349,6594
2349,6668,2349,6233
2349,6620,2349,6899
2349,7485,2349,6359
2349,6132,2349,6435
2349,8151,2349,8155
2349,6949,2350,7000
2350,7797,2350,8026
2350,7438,2350,7231
2350,8434,2350,7590
2350,6231,2350,4797
2350,6718,2350,6845
2350,4953,2350,6131
2350,7689,2350,7155
2350,6056,2350,5897
2350,7078,2350,7280
2350,5644,2350,6233
2351,7054,2351,7204
2351,6184,2351,6412
2351,8867,2351,8154
2351,7308,2351,5618
2351,5620,2351,6666
2351,7921,2351,8308
2351,7536,2351,6719
2351,6234,2351,7052
2351,7460,2351,6821
2351,5925,2351,5697
2352,6747,2352,6564
2352,7288,2352,8280
2352,9558,2352,8229
2352,6386,2352,6974
2352,7076,2352,6697
2352,6156,2352,5439
2352,5899,2352,5849
2352,5442,2352,5490
2352,6312,2352,6307
2352,6075,2352,6027
2352,7077,2353,7846
2353,6691,2353,5955
2353,7817,2353,7590
2353,6336,2353,6361
2353,6332,2353,6491
2353,6667,2353,7360
2353,7818,2353,7845
2353,8303,2353,7614
2353,6979,2353,6260
2353,6516,2353,7335
2353,7846,2353,6667
2354,6108,2354,7231
2354,8175,2354,7538
2354,6153,2354,7202
2354,8000,2354,7389
2354,6107,2354,6490
2354,7412,2354,7745
2354,6387,2354,5875
2354,6618,2354,6665
2354,6567,2354,6309
2354,6386,2354,6770
2354,5977,2355,6235
2355,7691,2355,8639
2355,7694,2355,7154
2355,7795,2355,7383
2355,6107,2355,6207
2355,7508,2355,7843
2355,6437,2355,7128
2355,8307,2355,8329
2355,8439,2355,8307
2355,8201,2355,7257
2355,6207,2355,6974
2356,7153,2356,6718
2356,7208,2356,7638
2356,7385,2356,7434
2356,5800,2356,5798
2356,6949,2356,7155
2356,6617,2356,7338
2356,8227,2356,7614
2356,6848,2356,7541
2356,7512,2356,7796
2356,7487,2356,6924
2357,6950,2357,6824
2357,6079,2357,6797
2357,7718,2357,7925
2357,7184,2357,6515
2357,6362,2357,6719
2357,6256,2357,7003
2357,6974,2357,6589
2357,5719,2357,5818
2357,6176,2357,6261
2357,5593,2357,6459
2357,6973,2358,6975
2358,6901,2358,5949
2358,6312,2358,6260
2358,6872,2358,6929
2358,7458,2358,6180
2358,6209,2358,6410
2358,6539,2358,7000
2358,5769,2358,6083
2358,7231,2358,7002
2358,6822,2358,6898
2358,7691,2358,9305
2359,8387,2359,7052
2359,7845,2359,7514
2359,7076,2359,6971
2359,7739,2359,6872
2359,5363,2359,6055
2359,7896,2359,7101
2359,5673,2359,6285
2359,7078,2359,6975
2359,6924,2359,6515
2359,7233,2359,7154
2359,7235,2360,7308
2360,7385,2360,7588
2360,7025,2360,5517
2360,7741,2360,8051
2360,6129,2360,6616
2360,7791,2360,7335
2360,6745,2360,5568
2360,6590,2360,7901
2360,7612,2360,7665
2360,7973,2360,6129
2360,5465,2361,5566
2361,5925,2361,5540
2361,6311,2361,6798
2361,7080,2361,6183
2361,8181,2361,8077
2361,7463,2361,6870
2361,5872,2361,7179
2361,7615,2361,6439
2361,5822,2361,5745
2361,7075,2361,8200
2361,7179,2361,6029
2362,7336,2362,7872
2362,6771,2362,6077
2362,7255,2362,6794
2362,5924,2362,6487
2362,7538,2362,6053
2362,5645,2362,5670
2362,5977,2362,5641
2362,5718,2362,6308
2362,6564,2362,6080
2362,6128,2362,6999
2362,7104,2363,6540
2363,6337,2363,5564
2363,6412,2363,5873
2363,6231,2363,6540
2363,6589,2363,6537
2363,6667,2363,7816
2363,8458,2363,7229
2363,6234,2363,6641
2363,8151,2363,7157
2363,6978,2363,7207
2363,8102,2363,7870
2364,6564,2364,5847
2364,6896,2364,7282
2364,7004,2364,6849
2364,6974,2364,7535
2364,5571,2364,5591
2364,6668,2364,7052
2364,5975,2364,5976
2364,7305,2364,7718
2364,6950,2364,5875
2364,7127,2364,8204
2364,7997,2365,6105
2365,5441,2365,7076
2365,7204,2365,6565
2365,8947,2365,8154
2365,6509,2365,7000
2365,8257,2365,7565
2365,7103,2365,7154
2365,8202,2365,7561
2365,6565,2365,7437
2365,9072,2365,8585
2365,6975,2366,6947
2366,7794,2366,7693
2366,6641,2366,6051
2366,8204,2366,9307
2366,7641,2366,8688
2366,9870,2366,9991
2366,9559,2366,9613
2366,9970,2366,8509
2366,6643,2366,7001
2366,8331,2366,9303
2366,8693,2366,9050
2367,9381,2367,8360
2367,9737,2367,9685
2367,10531,2367,9071
2367,8743,2367,8206
2367,9304,2367,9382
2367,8406,2367,8002
2367,9379,2367,10381
2367,10353,2367,11302
2367,12376,2367,9661
2367,7026,2367,8024
2367,10892,2368,9997
2368,7307,2368,7640
2368,8537,2368,8668
2368,8561,2368,8277
2368,8590,2368,9300
2368,9150,2368,7050
2368,6847,2368,8045
2368,7871,2368,8000
2368,9175,2368,9895
2368,7436,2368,6437
2368,7848,2369,8511
2369,7617,2369,7308
2369,8816,2369,7999
2369,6439,2369,7689
2369,7822,2369,6693
2369,7179,2369,8359
2369,8154,2369,7794
2369,8047,2369,9151
2369,9483,2369,7409
2369,7284,2369,7177
2369,7409,2369,7896
2370,8406,2370,7589
2370,7616,2370,6852
2370,6128,2370,7616
2370,8512,2370,7462
2370,6796,2370,7668
2370,9436,2370,8537
2370,7872,2370,8921
2370,8461,2370,6692
2370,6801,2370,7282
2370,7436,2370,7004
2370,6771,2371,6826
2371,7637,2371,8509
2371,8533,2371,6643
2371,6670,2371,6001
2371,6181,2371,7463
2371,7410,2371,6925
2371,6744,2371,6589
2371,7870,2371,8205
2371,7512,2371,7539
2371,7740,2371,7588
2371,7637,2371,7768
2372,7894,2372,8021
2372,7176,2372,6926
2372,7486,2372,8177
2372,7616,2372,8921
2372,10637,2372,9714
2372,9380,2372,9584
2372,9101,2372,7870
2372,7716,2372,7309
2372,7178,2372,7952
2372,8228,2372,8304
2373,9150,2373,8793
2373,6974,2373,7179
2373,9403,2373,9071
2373,8052,2373,9510
2373,10100,2373,10561
2373,9124,2373,9228
2373,10354,2373,9204
2373,8279,2373,9353
2373,11353,2373,11687
2373,11204,2373,9738
2373,11223,2374,12347
2374,11403,2374,10966
2374,12478,2374,11452
2374,10249,2374,10708
2374,10891,2374,10280
2374,9817,2374,9787
2374,10197,2374,11353
2374,12247,2374,12273
2374,13577,2374,12811
2374,10841,2374,9125
2374,10406,2374,11736
2375,12916,2375,12398
2375,12529,2375,11838
2375,11451,2375,10733
2375,13270,2375,13783
2375,11814,2375,11045
2375,11812,2375,11274
2375,9972,2375,10302
2375,10505,2375,10455
2375,9305,2375,10175
2375,11890,2375,10508
2376,9255,2376,10403
2376,12273,2376,10429
2376,9534,2376,10610
2376,11018,2376,9661
2376,9223,2376,9743
2376,11094,2376,11121
2376,10685,2376,11786
2376,12940,2376,11608
2376,9893,2376,10582
2376,11735,2376,11196
2376,10278,2377,10097
2377,10912,2377,10660
2377,8870,2377,9149
2377,10505,2377,10811
2377,9945,2377,10402
2377,11169,2377,11250
2377,10097,2377,9838
2377,9457,2377,7998
2377,8820,2377,9534
2377,9558,2377,8095
2377,8023,2377,9510
2378,10407,2378,9688
2378,8280,2378,7692
2378,8149,2378,8589
2378,7386,2378,7566
2378,9075,2378,9202
2378,7309,2378,6922
2378,7435,2378,7770
2378,6415,2378,7002
2378,9050,2378,9665
2378,8946,2378,9382
2378,10252,2379,9410
2379,8000,2379,8254
2379,8534,2379,7284
2379,6850,2379,8078
2379,8229,2379,7691
2379,7105,2379,7335
2379,7540,2379,7845
2379,7769,2379,7897
2379,8437,2379,8970
2379,8746,2379,7615
2379,8845,2380,9607
2380,8510,2380,7669
2380,8384,2380,9947
2380,9843,2380,10149
2380,10226,2380,9178
2380,8610,2380,9407
2380,10787,2380,10045
2380,10019,2380,10356
2380,10994,2380,10687
2380,10454,2380,10327
2380,11326,2380,10277
2381,9406,2381,9429
2381,9662,2381,10759
2381,11606,2381,12733
2381,13733,2381,12324
2381,10631,2381,10838
2381,11814,2381,11916
2381,10504,2381,11249
2381,14710,2381,14524
2381,12654,2381,13680
2381,15700,2381,15082
2381,13037,2382,13246
2382,15806,2382,15368
2382,15060,2382,16315
2382,16979,2382,16316
2382,15113,2382,14859
2382,14652,2382,14705
2382,14426,2382,13375
2382,15705,2382,16806
2382,16135,2382,14317
2382,15574,2382,16723
2382,17183,2383,17471
2383,18161,2383,18160
2383,16854,2383,15652
2383,16547,2383,15905
2383,13450,2383,13757
2383,17492,2383,17597
2383,14654,2383,12681
2383,14090,2383,15807
2383,14419,2383,13194
2383,14089,2383,14651
2383,13091,2383,14857
2384,17617,2384,15752
2384,13039,2384,11760
2384,13036,2384,13400
2384,12148,2384,11427
2384,12916,2384,12735
2384,10816,2384,10915
2384,12475,2384,12888
2384,12884,2384,12401
2384,13682,2384,12965
2384,11506,2384,11863
2384,12120,2385,11121
2385,10325,2385,10121
2385,10073,2385,9841
2385,10712,2385,10020
2385,10890,2385,9917
2385,8047,2385,9611
2385,10813,2385,9715
2385,9128,2385,9049
2385,10481,2385,10585
2385,9353,2385,9714
2385,10637,2386,9151
2386,9431,2386,11557
2386,12605,2386,11555
2386,9556,2386,9715
2386,10046,2386,8970
2386,8075,2386,8972
2386,8329,2386,7329
2386,8486,2386,9587
2386,9508,2386,8820
2386,7512,2386,7229
2386,8022,2386,7996
2387,9611,2387,9892
2387,9457,2387,8331
2387,7949,2387,8022
2387,8737,2387,10203
2387,9457,2387,9202
2387,9252,2387,9403
2387,9841,2387,9791
2387,10507,2387,10509
2387,9866,2387,7920
2387,8688,2387,8507
2387,7663,2388,7279
2388,8894,2388,8896
2388,8717,2388,8688
2388,8179,2388,7718
2388,8154,2388,7387
2388,7692,2388,8148
2388,7639,2388,8407
2388,9637,2388,7869
2388,7000,2388,6898
2388,7488,2388,7844
2388,6899,2389,6232
2389,8355,2389,8920
2389,7893,2389,6898
2389,7538,2389,7665
2389,6152,2389,6205
2389,7564,2389,7717
2389,8330,2389,9462
2389,8765,2389,8537
2389,7050,2389,6869
2389,8431,2389,8281
2389,6922,2389,8021
2390,8434,2390,7154
2390,6129,2390,6179
2390,6080,2390,6412
2390,6158,2390,6566
2390,7283,2390,7103
2390,6901,2390,7746
2390,8614,2390,8227
2390,7362,2390,7720
2390,8484,2390,8588
2390,8638,2390,8307
2391,7846,2391,7972
2391,6949,2391,6206
2391,6847,2391,7079
2391,7413,2391,6823
2391,6260,2391,7309
2391,7207,2391,7664
2391,9612,2391,8100
2391,7101,2391,5977
2391,7128,2391,8152
2391,7899,2391,7718
2391,8101,2392,8482
2392,7845,2392,6381
2392,6897,2392,7515
2392,7742,2392,6668
2392,6593,2392,6441
2392,7259,2392,7716
2392,7921,2392,8612
2392,8871,2392,7384
2392,7025,2392,6721
2392,6079,2392,6741
2392,7872,2392,7202
2393,5821,2393,6207
2393,8385,2393,7718
2393,7566,2393,6845
2393,7328,2393,7866
2393,7461,2393,6746
2393,8229,2393,7745
2393,6490,2393,5975
2393,7361,2393,7001
2393,6948,2393,7635
2393,7972,2393,7358
2394,6946,2394,8252
2394,8740,2394,8076
2394,7231,2394,7999
2394,8406,2394,8382
2394,7305,2394,6616
2394,9407,2394,11072
2394,8994,2394,7154
2394,7999,2394,8129
2394,7640,2394,6646
2394,6206,2394,6435
2394,6079,2395,6131
2395,7588,2395,8869
2395,8993,2395,7897
2395,7485,2395,7204
2395,7462,2395,7693
2395,8769,2395,8818
2395,9431,2395,9175
2395,8740,2395,7691
2395,5799,2395,5999
2395,7515,2395,7973
2395,7407,2395,8023
2396,8968,2396,8306
2396,7355,2396,7563
2396,8358,2396,8664
2396,7615,2396,5720
2396,7054,2396,7692
2396,7183,2396,6079
2396,6869,2396,6946
2396,6184,2396,6898
2396,8179,2396,8331
2396,8229,2396,7540
2397,9148,2397,8793
2397,8999,2397,8615
2397,9021,2397,9151
2397,8611,2397,8026
2397,7872,2397,7768
2397,7536,2397,7336
2397,8024,2397,7920
2397,7690,2397,7461
2397,7383,2397,6899
2397,7434,2397,6900
2397,6385,2398,6560
2398,6669,2398,6847
2398,7919,2398,8022
2398,7181,2398,5772
2398,7515,2398,7283
2398,6207,2398,6409
2398,7078,2398,6793
2398,6566,2398,6690
2398,7284,2398,8024
2398,8152,2398,8892
2398,8278,2399,7104
2399,6361,2399,6899
2399,8277,2399,8101
2399,6513,2399,6691
2399,6539,2399,6668
2399,7155,2399,5875
2399,6720,2399,8231
2399,7946,2399,6822
2399,6696,2399,7537
2399,7766,2399,7181
2399,7282,2399,7409
2400,7081,2400,7564
2400,8610,2400,8688
2400,8409,2400,7718
2400,8384,2400,7181
2400,6972,2400,7950
2400,9098,2400,8562
2400,7614,2400,8483
2400,8462,2400,8024
2400,6669,2400,6617
2400,7819,2400,7944
2400,7050,2401,6437
2401,7048,2401,7333
2401,7641,2401,7815
2401,8331,2401,8073
2401,7129,2401,6361
2401,8360,2401,8996
2401,7896,2401,7589
2401,9025,2401,8663
2401,8177,2401,8483
2401,9202,2401,8255
2401,7230,2402,6566
2402,7869,2402,8280
2402,7898,2402,6543
2402,7612,2402,7487
2402,7562,2402,9147
2402,9073,2402,7304
2402,7436,2402,7334
2402,7124,2402,6694
2402,5594,2402,7228
2402,8358,2402,6590
2402,5619,2402,6283
2403,7537,2403,7971
2403,6388,2403,6414
2403,8381,2403,7717
2403,6898,2403,6110
2403,6851,2403,7000
2403,6285,2403,6515
2403,6949,2403,6771
2403,6693,2403,6285
2403,6565,2403,7306
2403,7130,2403,6644
2404,7336,2404,8000
2404,6771,2404,6360
2404,6668,2404,7179
2404,8177,2404,6082
2404,6182,2404,6515
2404,7409,2404,7255
2404,6643,2404,6361
2404,5442,2404,6898
2404,9429,2404,8230
2404,6564,2404,6261
2404,7796,2405,8182
2405,6979,2405,5493
2405,6003,2405,7104
2405,7000,2405,6206
2405,6768,2405,6796
2405,6207,2405,5154
2405,5078,2405,5416
2405,5236,2405,5747
2405,6410,2405,6745
2405,6409,2405,5591
2405,6080,2406,7002
2406,5747,2406,4926
2406,6054,2406,6179
2406,6362,2406,7125
2406,8663,2406,8205
2406,6769,2406,6235
2406,7616,2406,7487
2406,5902,2406,5670
2406,7589,2406,7384
2406,6130,2406,6694
2406,8129,2406,8204
2407,7408,2407,7280
2407,7179,2407,8330
2407,8152,2407,7105
2407,7307,2407,7103
2407,8129,2407,8153
2407,8279,2407,8103
2407,9380,2407,8306
2407,7562,2407,7796
2407,7461,2407,6898
2407,7794,2407,7284
2407,6128,2408,4929
2408,7155,2408,8999
2408,7104,2408,5899
2408,6232,2408,6696
2408,6463,2408,6465
2408,7845,2408,7156
2408,6512,2408,6848
2408,8283,2408,7487
2408,7744,2408,7156
2408,6642,2408,6719
2408,6874,2409,6900
2409,7719,2409,7513
2409,7462,2409,6771
2409,7359,2409,8614
2409,8458,2409,7842
2409,8510,2409,8229
2409,6823,2409,6258
2409,7306,2409,8257
2409,7488,2409,6003
2409,7768,2409,8562
2409,6746,2409,6617
2410,7513,2410,6669
2410,6694,2410,7362
2410,9021,2410,9637
2410,8821,2410,7434
2410,6387,2410,6180
2410,6311,2410,7081
2410,8562,2410,8078
2410,6924,2410,7048
2410,8355,2410,9127
2410,8790,2410,7408
2411,7766,2411,8229
2411,7587,2411,6945
2411,8078,2411,7539
2411,7388,2411,7977
2411,7666,2411,6973
2411,6358,2411,5795
2411,7052,2411,8355
2411,7691,2411,5929
2411,6741,2411,6770
2411,7101,2411,8198
2411,8331,2412,7690
2412,6310,2412,5979
2412,7231,2412,8281
2412,7719,2412,7411
2412,7566,2412,6977
2412,7001,2412,7000
2412,6485,2412,6669
2412,6031,2412,6335
2412,7463,2412,7822
2412,7512,2412,7412
2412,7692,2413,6564
2413,6081,2413,5567
2413,6439,2413,7126
2413,7333,2413,6256
2413,5977,2413,5487
2413,5057,2413,6748
2413,6899,2413,6002
2413,6209,2413,6260
2413,6695,2413,6257
2413,6567,2413,7233
2413,6589,2413,6819
2414,6307,2414,7153
2414,8483,2414,7000
2414,6646,2414,8613
2414,8282,2414,6949
2414,6411,2414,6309
2414,8051,2414,7640
2414,7130,2414,6747
2414,7156,2414,6722
2414,6052,2414,6411
2414,7333,2414,7433
2415,6925,2415,7309
2415,8048,2415,8202
2415,6797,2415,7178
2415,7358,2415,7662
2415,7869,2415,8382
2415,7898,2415,7844
2415,7536,2415,7458
2415,8227,2415,8485
2415,7563,2415,7358
2415,7336,2415,6154
2415,6388,2416,8485
2416,8614,2416,6746
2416,7103,2416,8437
2416,9277,2416,7613
2416,6847,2416,7540
2416,8918,2416,9889
2416,8922,2416,6975
2416,7819,2416,9251
2416,8224,2416,8691
2416,9868,2416,9102
2416,7483,2417,6643
2417,8307,2417,9200
2417,8566,2417,6770
2417,7714,2417,8050
2417,7616,2417,8048
2417,8409,2417,6337
2417,6234,2417,7151
2417,8741,2417,7535
2417,6716,2417,7383
2417,10021,2417,8179
2417,6564,2417,8206
2418,9151,2418,7796
2418,7411,2418,7713
2418,6619,2418,6695
2418,7563,2418,7947
2418,7719,2418,6719
2418,7155,2418,7948
2418,8614,2418,7925
2418,7662,2418,7155
2418,6567,2418,7307
2418,7412,2418,7667
2419,7871,2419,6952
2419,6458,2419,7409
2419,9995,2419,9228
2419,8052,2419,7483
2419,8920,2419,8923
2419,7231,2419,6695
2419,8411,2419,8025
2419,6515,2419,7130
2419,8487,2419,7850
2419,8560,2419,8588
2419,8331,2420,7589
2420,6873,2420,7412
2420,8637,2420,8714
2420,6949,2420,7821
2420,8790,2420,7563
2420,7054,2420,7767
2420,8843,2420,8435
2420,7641,2420,7027
2420,7949,2420,8611
2420,7767,2420,7102
2420,7922,2421,7001
2421,7307,2421,7817
2421,7588,2421,6844
2421,6208,2421,6924
2421,8641,2421,8585
2421,8077,2421,7434
2421,7513,2421,8484
2421,8996,2421,9279
2421,9076,2421,8841
2421,8127,2421,7435
2421,7995,2421,8432
2422,7640,2422,7101
2422,8129,2422,8075
2422,7387,2422,7971
2422,8663,2422,6770
2422,5905,2422,6849
2422,6951,2422,7102
2422,7563,2422,7354
2422,8692,2422,9687
2422,8076,2422,7363
2422,9480,2422,9507
2423,7488,2423,8816
2423,9484,2423,8228
2423,7666,2423,8432
2423,9995,2423,10610
2423,9837,2423,9637
2423,10941,2423,10453
2423,9640,2423,8636
2423,8253,2423,7256
2423,7183,2423,8025
2423,9126,2423,8973
2423,7026,2424,7589
2424,9559,2424,9534
2424,7848,2424,7206
2424,9303,2424,8283
2424,6694,2424,5896
2424,7106,2424,6851
2424,5314,2424,5567
2424,7641,2424,7463
2424,7997,2424,8738
2424,8331,2424,7587
2424,7719,2425,7766
2425,8689,2425,8051
2425,7974,2425,8155
2425,8718,2425,8002
2425,7769,2425,8100
2425,9358,2425,8027
2425,6973,2425,7176
2425,7412,2425,8179
2425,6898,2425,7742
2425,9866,2425,9764
2425,8995,2425,9225
2426,8894,2426,8254
2426,8512,2426,9175
2426,8997,2426,8306
2426,7436,2426,8716
2426,8586,2426,8612
2426,8046,2426,7664
2426,8713,2426,7359
2426,6337,2426,7127
2426,7921,2426,7972
2426,7719,2426,6540
2427,6744,2427,7025
2427,7689,2427,7231
2427,6695,2427,5438
2427,5850,2427,7895
2427,8843,2427,8072
2427,7003,2427,6615
2427,6745,2427,6769
2427,7333,2427,6745
2427,7334,2427,8666
2427,7692,2427,6410
2427,6081,2428,6081
2428,5697,2428,6873
2428,8381,2428,8049
2428,7283,2428,6643
2428,7407,2428,7231
2428,5438,2428,5795
2428,7358,2428,7794
2428,8050,2428,8254
2428,8872,2428,8618
2428,6977,2428,7153
2428,8458,2429,8228
2429,7282,2429,6079
2429,6209,2429,7130
2429,6873,2429,6691
2429,8409,2429,8101
2429,6975,2429,7768
2429,7948,2429,7794
2429,6897,2429,6516
2429,6900,2429,6309
2429,6334,2429,7004
2429,7489,2429,7334
2430,6519,2430,6025
2430,6515,2430,6180
2430,6053,2430,6303
2430,7050,2430,6975
2430,5669,2430,6231
2430,8253,2430,7104
2430,5492,2430,6158
2430,7639,2430,7514
2430,7076,2430,6922
2430,7127,2430,6284
2431,6516,2431,7613
2431,8536,2431,8051
2431,7387,2431,7002
2431,7410,2431,7359
2431,7183,2431,7795
2431,7050,2431,6206
2431,6130,2431,5695
2431,7694,2431,9354
2431,7434,2431,7127
2431,8562,2431,7820
2431,6387,2432,6486
2432,8049,2432,8690
2432,7926,2432,7794
2432,8100,2432,7948
2432,8075,2432,8073
2432,7562,2432,6258
2432,6334,2432,6564
2432,7791,2432,8076
2432,8181,2432,7463
2432,7383,2432,6974
2432,6463,2433,7666
2433,9174,2433,8124
2433,8125,2433,9073
2433,8793,2433,8741
2433,7486,2433,7306
2433,8714,2433,8025
2433,7207,2433,7463
2433,8460,2433,9097
2433,8841,2433,9175
2433,9687,2433,8434
2433,7996,2433,7689
2434,7844,2434,7718
2434,7002,2434,7001
2434,7024,2434,9048
2434,8334,2434,8125
2434,9023,2434,9074
2434,8591,2434,8510
2434,9457,2434,8484
2434,7074,2434,7537
2434,8561,2434,9918
2434,8277,2434,7686
2435,9357,2435,8639
2435,8279,2435,9119
2435,9150,2435,8354
2435,8278,2435,8970
2435,10558,2435,9505
2435,8384,2435,10021
2435,11428,2435,9534
2435,7282,2435,7951
2435,9892,2435,9945
2435,9917,2435,10302
2435,10070,2436,9327
2436,8483,2436,8485
2436,9331,2436,8742
2436,7383,2436,6670
2436,8002,2436,9485
2436,7795,2436,7460
2436,8409,2436,8463
2436,8403,2436,9300
2436,9560,2436,9308
2436,7538,2436,8206
2436,9662,2437,10047
2437,8765,2437,8970
2437,10049,2437,8871
2437,9894,2437,11099
2437,10684,2437,8842
2437,8819,2437,9509
2437,10151,2437,9790
2437,9305,2437,8381
2437,8408,2437,8845
2437,8739,2437,8355
2437,9097,2438,8611
2438,7973,2438,9328
2438,10580,2438,9508
2438,8075,2438,8815
2438,10272,2438,8868
2438,7822,2438,7923
2438,8795,2438,8101
2438,7105,2438,7204
2438,8639,2438,9329
2438,8534,2438,8050
2438,8920,2438,8866
2439,7972,2439,8102
2439,9585,2439,8717
2439,7411,2439,7945
2439,8688,2439,8432
2439,7947,2439,8281
2439,7615,2439,6950
2439,6846,2439,6746
2439,8435,2439,8177
2439,6798,2439,6797
2439,7998,2439,7485
2440,7411,2440,7127
2440,7843,2440,8996
2440,9431,2440,8868
2440,9099,2440,9405
2440,9098,2440,8818
2440,10862,2440,10790
2440,9863,2440,9839
2440,11787,2440,11174
2440,8945,2440,7973
2440,9614,2440,9792
2440,7665,2441,6440
2441,7867,2441,9227
2441,7613,2441,7694
2441,8485,2441,7973
2441,7563,2441,8024
2441,8843,2441,10251
2441,9558,2441,9410
2441,10688,2441,11321
2441,8920,2441,8483
2441,9609,2441,9945
2441,7510,2442,7409
2442,9922,2442,10483
2442,9279,2442,7770
2442,8689,2442,8637
2442,8817,2442,9022
2442,9635,2442,9278
2442,7335,2442,7846
2442,8409,2442,7899
2442,7023,2442,6976
2442,9048,2442,8612
2442,8307,2442,9304
2443,9818,2443,9329
2443,7952,2443,8202
2443,8713,2443,8639
2443,8814,2443,8897
2443,9510,2443,8563
2443,7894,2443,7819
2443,8666,2443,9788
2443,9408,2443,8562
2443,9126,2443,8737
2443,7537,2443,8026
2444,8616,2444,8921
2444,8561,2444,7924
2444,7921,2444,6846
2444,6004,2444,7103
2444,6999,2444,6438
2444,6848,2444,8872
2444,8894,2444,7280
2444,7433,2444,6819
2444,6873,2444,6922
2444,7719,2444,8333
2445,9508,2445,10069
2445,7891,2445,6334
2445,8230,2445,8231
2445,6895,2445,6847
2445,8307,2445,8305
2445,6668,2445,7209
2445,8563,2445,8254
2445,6335,2445,6309
2445,7048,2445,7335
2445,6541,2445,7077
2445,7689,2446,7204
2446,4925,2446,6335
2446,7871,2446,7028
2446,6261,2446,6798
2446,7821,2446,6873
2446,5565,2446,5287
2446,5542,2446,6179
2446,6461,2446,6463
2446,7584,2446,6921
2446,5926,2446,7410
2446,7721,2447,6950
2447,5876,2447,5897
2447,6870,2447,6003
2447,5902,2447,6798
2447,7229,2447,7025
2447,6410,2447,5465
2447,7587,2447,8205
2447,6847,2447,5899
2447,6896,2447,7127
2447,6079,2447,5871
2447,6179,2447,6794
2448,6823,2448,7846
2448,8817,2448,7848
2448,6643,2448,6332
2448,6614,2448,6798
2448,6948,2448,6182
2448,7791,2448,7588
2448,6820,2448,6742
2448,7536,2448,7512
2448,6800,2448,6153
2448,7335,2448,6873
2449,6260,2449,6308
2449,7409,2449,7053
2449,6899,2449,6309
2449,6823,2449,6847
2449,6694,2449,6358
2449,7434,2449,6975
2449,5591,2449,6693
2449,7588,2449,7131
2449,7203,2449,8511
2449,8589,2449,6720
2450,5746,2450,6824
2450,8101,2450,7178
2450,8228,2450,8844
2450,8203,2450,8458
2450,7919,2450,7076
2450,7462,2450,7564
2450,6998,2450,6977
2450,8174,2450,8303
2450,7074,2450,7000
2450,7846,2450,7563
2450,7462,2451,8664
2451,8077,2451,6847
2451,6849,2451,7385
2451,7075,2451,7512
2451,7971,2451,7643
2451,7666,2451,7461
2451,7259,2451,8894
2451,8866,2451,7029
2451,7231,2451,6565
2451,8486,2451,8074
2451,7409,2452,7999
2452,7794,2452,6949
2452,6926,2452,5514
2452,5827,2452,6154
2452,6157,2452,6257
2452,8407,2452,7665
2452,6848,2452,6618
2452,6975,2452,7896
2452,7717,2452,7410
2452,7410,2452,8509
2452,8565,2453,7971
2453,9687,2453,8232
2453,6134,2453,6792
2453,8690,2453,6489
2453,5696,2453,5465
2453,6158,2453,6206
2453,5233,2453,5516
2453,5775,2453,5461
2453,5415,2453,6410
2453,7818,2453,6772
2453,6205,2453,7511
2454,7768,2454,7330
2454,6307,2454,7843
2454,8049,2454,6743
2454,6259,2454,6132
2454,7257,2454,7258
2454,6950,2454,6360
2454,6435,2454,5566
2454,5007,2454,5774
2454,7566,2454,7513
2454,7231,2454,6952
2455,7180,2455,6999
2455,6054,2455,6132
2455,7152,2455,6490
2455,6106,2455,6771
2455,7026,2455,5846
2455,5850,2455,6336
2455,6488,2455,5386
2455,5535,2455,6181
2455,6438,2455,6438
2455,6129,2455,5462
2455,5512,2456,5693
2456,5284,2456,5593
2456,6950,2456,6795
2456,6284,2456,6797
2456,7483,2456,6897
2456,6510,2456,7052
2456,7357,2456,6413
2456,6208,2456,6875
2456,7125,2456,6949
2456,6692,2456,6847
2456,6977,2457,7486
2457,6568,2457,7001
2457,8050,2457,8435
2457,6107,2457,6002
2457,8126,2457,7437
2457,6004,2457,5850
2457,7024,2457,7792
2457,6028,2457,5544
2457,7078,2457,7155
2457,7949,2457,7712
2457,7767,2458,7333
2458,7202,2458,7385
2458,7356,2458,5925
2458,5514,2458,6084
2458,7205,2458,6055
2458,6694,2458,7335
2458,8557,2458,7539
2458,6667,2458,6975
2458,8766,2458,8584
2458,6819,2458,5926
2458,6925,2458,7615
2459,7974,2459,7285
2459,7465,2459,6974
2459,6719,2459,6868
2459,6952,2459,6489
2459,6641,2459,6974
2459,7590,2459,7075
2459,6383,2459,7564
2459,7361,2459,7537
2459,6875,2459,7438
2459,7616,2459,6639
2460,5722,2460,6666
2460,7028,2460,7231
2460,6411,2460,5492
2460,7129,2460,7664
2460,7152,2460,5333
2460,5720,2460,6516
2460,6562,2460,6845
2460,7613,2460,7131
2460,6437,2460,6798
2460,7153,2460,6746
2461,6921,2461,8024
2461,9304,2461,8025
2461,7079,2461,7718
2461,7818,2461,6488
2461,6310,2461,6208
2461,6978,2461,7668
2461,6749,2461,6182
2461,7767,2461,9253
2461,7180,2461,6899
2461,9101,2461,9074
2461,7488,2462,6208
2462,6796,2462,6135
2462,5802,2462,6053
2462,6413,2462,6207
2462,6388,2462,6745
2462,7028,2462,7359
2462,6613,2462,8257
2462,10048,2462,8869
2462,6872,2462,6847
2462,8790,2462,9381
2462,7616,2463,5696
2463,8228,2463,9559
2463,7768,2463,7078
2463,7231,2463,8740
2463,7309,2463,6846
2463,8356,2463,8459
2463,6870,2463,6310
2463,7974,2463,8178
2463,7154,2463,6412
2463,7483,2463,7870
2463,7464,2464,6715
2464,7153,2464,7413
2464,6873,2464,6335
2464,6873,2464,7104
2464,7001,2464,6591
2464,6898,2464,6620
2464,6435,2464,6590
2464,7742,2464,7282
2464,6613,2464,5973
2464,7281,2464,7767
2464,7797,2464,7871
2465,7920,2465,6900
2465,5439,2465,7361
2465,9511,2465,9023
2465,7716,2465,7976
2465,8765,2465,7387
2465,7361,2465,9154
2465,10357,2465,8382
2465,6640,2465,7712
2465,7947,2465,6359
2465,5515,2465,6028
2466,6690,2466,7639
2466,7438,2466,6720
2466,7920,2466,9205
2466,7181,2466,5286
2466,5973,2466,6616
2466,6617,2466,7028
2466,8074,2466,7613
2466,7769,2466,7230
2466,7719,2466,7513
2466,7330,2466,7408
2467,7486,2467,8484
2467,6691,2467,5564
2467,6923,2467,6489
2467,6819,2467,8305
2467,9612,2467,8385
2467,6461,2467,6182
2467,7388,2467,7284
2467,7433,2467,8437
2467,9665,2467,8692
2467,8101,2467,8561
2467,8920,2468,8490
2468,6694,2468,7667
2468,9045,2468,9354
2468,7231,2468,7101
2468,8254,2468,8150
2468,7921,2468,7566
2468,7741,2468,7536
2468,6694,2468,7285
2468,8278,2468,8869
2468,9533,2468,7538
2468,7591,2469,7717
2469,8306,2469,8383
2469,8076,2469,7126
2469,6436,2469,6951
2469,8024,2469,7461
2469,7388,2469,8128
2469,8563,2469,7362
2469,6388,2469,6080
2469,6309,2469,7000
2469,7437,2469,8536
2469,7920,2470,7180
2470,7001,2470,7821
2470,6975,2470,5877
2470,7054,2470,7820
2470,7516,2470,7336
2470,8461,2470,8250
2470,8690,2470,7232
2470,5694,2470,5825
2470,5745,2470,5799
2470,6871,2470,7872
2470,9020,2471,8255
2471,7182,2471,6386
2471,6795,2471,7105
2471,6206,2471,6489
2471,7308,2471,6082
2471,5157,2471,6823
2471,7745,2471,7233
2471,6745,2471,6540
2471,7485,2471,7819
2471,7308,2471,7231
2471,8406,2471,8714
2472,7128,2472,7077
2472,7382,2472,6003
2472,6592,2472,6389
2472,7076,2472,8384
2472,7463,2472,6873
2472,7231,2472,6641
2472,7207,2472,7103
2472,6873,2472,6561
2472,5901,2472,6058
2472,7538,2472,7665
2473,8126,2473,7974
2473,8075,2473,7461
2473,8663,2473,9020
2473,9230,2473,8791
2473,7976,2473,7670
2473,10121,2473,10068
2473,8636,2473,9459
2473,9480,2473,7897
2473,7897,2473,8461
2473,9406,2473,8023
2474,7103,2474,7231
2474,8048,2474,8510
2474,7845,2474,7203
2474,7259,2474,7129
2474,6593,2474,6666
2474,7768,2474,8178
2474,8331,2474,7588
2474,8206,2474,7208
2474,6359,2474,7129
2474,7486,2474,6512
2474,6770,2475,7333
2475,7412,2475,7716
2475,7642,2475,8896
2475,9201,2475,8355
2475,8508,2475,8432
2475,7897,2475,7205
2475,6844,2475,6949
2475,8613,2475,8052
2475,7385,2475,6998
2475,8179,2475,8587
2475,8689,2476,7230
2476,8282,2476,8920
2476,8994,2476,8459
2476,8895,2476,8154
2476,6945,2476,6692
2476,8380,2476,8460
2476,6766,2476,6619
2476,8356,2476,8486
2476,6669,2476,7898
2476,8668,2476,8713
2476,7975,2477,7487
2477,8308,2477,8538
2477,5874,2477,5337
2477,7722,2477,7334
2477,5157,2477,6078
2477,7178,2477,7589
2477,7897,2477,7537
2477,6467,2477,6183
2477,5645,2477,6334
2477,9253,2477,7817
2477,5262,2478,5874
2478,8484,2478,7338
2478,6282,2478,6718
2478,7665,2478,7254
2478,6944,2478,7280
2478,8227,2478,8562
2478,8588,2478,8128
2478,8770,2478,6769
2478,7207,2478,8278
2478,8355,2478,7255
2478,7025,2478,7896
2479,8946,2479,8025
2479,7078,2479,7949
2479,9332,2479,8766
2479,7872,2479,7589
2479,9227,2479,9379
2479,7874,2479,6950
2479,7691,2479,7795
2479,7233,2479,6542
2479,6542,2479,6285
2479,6157,2479,7052
2480,7614,2480,6722
2480,5543,2480,5133
2480,6180,2480,7184
2480,6645,2480,5286
2480,6128,2480,6493
2480,6233,2480,6182
2480,7054,2480,7689
2480,5901,2480,5489
2480,7230,2480,7332
2480,6590,2480,6566
2481,7336,2481,7587
2481,6439,2481,5492
2481,6642,2481,7461
2481,6798,2481,6107
2481,7079,2481,6769
2481,6257,2481,6286
2481,6258,2481,5821
2481,5108,2481,5181
2481,6408,2481,6663
2481,6028,2481,5800
2482,5872,2482,6921
2482,6590,2482,6338
2482,7796,2482,7896
2482,7208,2482,6256
2482,6638,2482,6948
2482,7021,2482,7588
2482,7666,2482,6207
2482,7002,2482,7435
2482,6028,2482,5464
2482,5900,2482,4903
2482,5003,2483,5417
2483,6562,2483,7306
2483,7510,2483,7230
2483,7180,2483,7027
2483,7334,2483,7026
2483,6999,2483,6925
2483,7460,2483,7154
2483,6973,2483,6692
2483,7075,2483,7052
2483,6871,2483,5591
2483,6337,2484,5619
2484,5414,2484,6540
2484,7997,2484,6772
2484,5418,2484,5593
2484,6719,2484,6666
2484,6127,2484,6895
2484,7028,2484,6415
2484,6435,2484,6871
2484,7257,2484,5698
2484,4722,2484,6104
2484,6570,2485,6718
2485,6183,2485,6926
2485,8025,2485,7996
2485,7693,2485,6491
2485,6434,2485,6974
2485,6541,2485,5592
2485,7410,2485,6516
2485,5771,2485,6001
2485,7435,2485,7361
2485,6822,2485,7331
2485,7182,2486,6671
2486,6924,2486,6694
2486,6925,2486,8104
2486,6845,2486,6260
2486,8407,2486,7997
2486,6568,2486,7233
2486,7462,2486,6540
2486,7385,2486,7205
2486,6618,2486,6796
2486,6439,2486,6719
2486,7559,2486,7025
2487,7076,2487,6897
2487,7233,2487,7872
2487,7284,2487,5720
2487,6998,2487,7846
2487,7360,2487,6667
2487,6769,2487,7027
2487,6950,2487,6746
2487,6514,2487,5977
2487,7974,2487,10021
2487,10661,2487,10608
2488,11811,2488,12017
2488,14758,2488,17165
2488,16857,2488,16880
2488,19083,2488,21953
2488,24154,2488,25484
2488,29831,2488,33110
2488,33419,2488,34033
2488,38076,2488,40557
2488,41396,2488,43783
2488,47187,2488,48643
2489,50821,2489,51689
2489,54990,2489,57063
2489,59855,2489,62471
2489,66079,2489,68228
2489,70894,2489,72739
2489,76194,2489,77726
2489,80207,2489,82518
2489,87557,2489,88994
2489,91575,2489,93084
2489,94696,2489,96155
2490,97178,2490,97255
2490,100048,2490,99994
2490,99048,2490,96590
2490,99123,2490,97382
2490,96103,2490,94927
2490,100357,2490,101790
2490,100945,2490,97744
2490,99614,2490,100892
2490,103584,2490,105141
2490,107503,2490,107012
2490,103454,2491,100405
2491,101249,2491,100992
2491,99255,2491,95157
2491,95026,2491,91905
2491,89222,2491,87018
2491,90886,2491,88506
2491,85203,2491,85129
2491,85251,2491,84382
2491,80825,2491,79749
2491,82875,2491,81462
2491,78855,2492,74110
2492,75851,2492,73603
2492,72193,2492,70582
2492,70068,2492,66280
2492,65792,2492,62287
2492,60193,2492,59013
2492,58811,2492,59472
2492,61372,2492,58300
2492,54332,2492,52435
2492,54071,2492,50696
2492,48163,2493,47623
2493,47671,2493,44601
2493,43215,2493,41706
2493,41401,2493,39326
2493,38536,2493,37895
2493,37126,2493,35974
2493,36566,2493,34055
2493,33415,2493,32212
2493,31368,2493,30245
2493,30265,2493,27762
2493,25635,2494,26682
2494,28475,2494,26839
2494,25374,2494,26067
2494,27885,2494,25710
2494,22126,2494,21568
2494,22462,2494,21566
2494,19341,2494,18059
2494,19388,2494,20307
2494,19182,2494,18109
2494,20029,2494,21105
2494,19545,2495,18185
2495,19672,2495,19411
2495,17804,2495,16372
2495,16985,2495,15957
2495,13781,2495,14474
2495,15266,2495,15492
2495,13397,2495,14012
2495,14803,2495,14631
2495,13394,2495,13371
2495,14374,2495,13349
2495,13170,2495,13347
2496,13912,2496,14752
2496,13734,2496,11835
2496,13883,2496,14217
2496,12887,2496,12121
2496,12399,2496,12324
2496,11686,2496,11247
2496,11938,2496,12171
2496,10940,2496,9787
2496,10456,2496,10967
2496,10404,2496,10148
2497,11660,2497,12864
2497,13373,2497,12553
2497,12760,2497,12147
2497,10585,2497,10201
2497,10864,2497,11021
2497,12328,2497,11403
2497,11761,2497,12836
2497,10765,2497,9275
2497,11837,2497,12401
2497,9969,2497,8458
2498,10253,2498,12402
2498,11301,2498,10328
2498,11478,2498,12914
2498,10866,2498,9024
2498,9787,2498,11249
2498,11786,2498,11991
2498,13219,2498,12400
2498,10612,2498,10580
2498,12012,2498,11557
2498,12913,2498,13246
2499,12326,2499,10634
2499,10074,2499,11250
2499,12071,2499,10761
2499,8740,2499,9511
2499,11529,2499,10761
2499,10224,2499,10406
2499,11630,2499,12297
2499,10714,2499,9739
2499,8717,2499,8177
2499,8690,2499,9634
2500,10228,2500,8975
2500,7283,2500,7769
2500,10534,2500,11580
2500,10967,2500,9559
2500,9714,2500,10842
2500,10869,2500,10839
2500,12453,2500,10811
2500,8792,2500,8385
2500,9867,2500,9767
2500,9613,2500,9123
2500,9967,2501,9454
2501,9048,2501,9354
2501,9766,2501,9686
2501,8536,2501,8999
2501,9636,2501,9021
2501,8279,2501,8767
2501,10432,2501,8432
2501,7998,2501,8637
2501,9356,2501,9584
2501,8155,2501,7638
2501,8711,2502,9279
2502,8153,2502,7282
2502,7433,2502,6462
2502,7335,2502,7333
2502,7281,2502,5667
2502,6438,2502,7054
2502,9175,2502,9560
2502,8487,2502,9481
2502,9893,2502,8384
2502,7721,2502,7358
2502,7946,2503,7459
2503,7231,2503,8483
2503,9068,2503,7819
2503,7539,2503,7284
2503,9124,2503,8359
2503,6408,2503,6414
2503,8100,2503,7795
2503,6849,2503,8127
2503,8848,2503,8461
2503,7766,2503,6946
2503,8740,2504,8333
2504,6412,2504,6309
2504,8231,2504,9050
2504,6465,2504,6235
2504,8025,2504,8152
2504,7203,2504,6923
2504,8283,2504,9023
2504,8536,2504,8099
2504,9483,2504,8156
2504,6669,2504,7103
2504,8868,2505,8023
2505,7820,2505,7998
2505,7665,2505,8639
2505,9024,2505,8101
2505,8383,2505,6847
2505,7563,2505,8020
2505,9023,2505,7410
2505,6310,2505,6465
2505,7974,2505,7589
2505,6823,2505,7385
2505,9456,2506,9972
2506,8308,2506,8203
2506,9303,2506,9306
2506,8077,2506,9304
2506,10482,2506,9434
2506,8561,2506,8154
2506,9993,2506,9149
2506,8893,2506,9611
2506,10865,2506,10402
2506,9206,2506,9383
2506,10072,2507,9274
2507,8024,2507,8945
2507,10353,2507,9740
2507,8358,2507,9278
2507,11606,2507,10863
2507,9200,2507,9638
2507,10485,2507,9534
2507,8099,2507,8665
2507,8688,2507,7845
2507,7792,2507,7715
2507,8355,2507,8074
2508,8818,2508,9455
2508,8971,2508,8556
2508,7821,2508,7976
2508,8123,2508,6898
2508,7642,2508,9150
2508,10324,2508,8716
2508,7820,2508,8024
2508,9892,2508,9226
2508,6950,2508,7051
2508,8002,2508,7383
2509,7332,2509,6667
2509,7770,2509,8024
2509,7438,2509,7182
2509,7873,2509,7410
2509,7028,2509,7464
2509,8104,2509,6387
2509,5517,2509,5951
2509,6668,2509,6693
2509,7079,2509,7435
2509,6233,2509,5976
2510,6158,2510,6921
2510,8485,2510,8741
2510,6848,2510,5668
2510,6411,2510,6744
2510,6129,2510,6126
2510,6181,2510,7156
2510,6337,2510,5569
2510,7383,2510,7486
2510,7157,2510,6872
2510,7052,2510,7386
2511,7590,2511,7795
2511,6949,2511,7796
2511,8076,2511,6822
2511,7307,2511,7972
2511,8206,2511,7284
2511,7462,2511,7898
2511,7411,2511,6745
2511,5771,2511,6386
2511,6204,2511,7793
2511,9611,2511,9331
2512,7846,2512,7692
2512,8226,2512,8356
2512,8584,2512,7997
2512,7079,2512,7973
2512,7922,2512,7745
2512,8307,2512,6977
2512,5978,2512,6054
2512,6821,2512,6490
2512,6130,2512,6666
2512,7535,2512,8666
2513,9305,2513,7615
2513,8103,2513,8820
2513,8152,2513,6822
2513,7717,2513,7743
2513,7128,2513,8355
2513,9325,2513,8945
2513,7949,2513,7743
2513,7868,2513,7154
2513,6519,2513,6306
2513,6976,2513,7873
2514,7720,2514,7053
2514,7695,2514,8432
2514,7564,2514,6668
2514,7226,2514,8002
2514,7667,2514,7817
2514,8564,2514,8152
2514,6669,2514,6925
2514,8946,2514,9307
2514,7154,2514,6949
2514,7617,2514,7182
2514,7054,2515,7285
2515,8330,2515,7383
2515,7154,2515,7408
2515,8383,2515,7716
2515,7310,2515,6791
2515,8176,2515,8819
2515,7973,2515,6896
2515,8613,2515,8719
2515,7413,2515,7182
2515,7334,2515,7845
2515,7461,2516,6615
2516,7052,2516,7434
2516,6027,2516,7513
2516,8666,2516,7639
2516,6592,2516,8614
2516,8715,2516,7331
2516,6820,2516,7972
2516,8178,2516,8179
2516,7538,2516,6588
2516,6920,2516,7280
2516,8129,2517,7563
2517,7667,2517,5800
2517,5517,2517,7486
2517,8512,2517,8153
2517,7743,2517,5695
2517,6107,2517,6925
2517,7258,2517,7510
2517,7588,2517,7129
2517,7025,2517,6844
2517,7615,2517,6975
2517,7334,2518,6873
2518,7590,2518,8432
2518,7026,2518,5723
2518,6640,2518,7409
2518,5694,2518,5257
2518,6589,2518,6565
2518,6465,2518,7003
2518,7076,2518,5643
2518,5339,2518,7236
2518,8284,2518,7259
2518,6259,2519,8049
2519,9765,2519,8891
2519,7155,2519,7105
2519,8179,2519,8281
2519,7150,2519,7639
2519,8049,2519,8101
2519,6798,2519,7309
2519,7972,2519,7434
2519,6492,2519,6976
2519,8509,2519,7564
2519,6541,2520,6619
2520,7845,2520,8099
2520,6741,2520,7101
2520,8589,2520,8768
2520,7976,2520,8077
2520,7870,2520,7436
2520,7180,2520,6744
2520,7943,2520,7484
2520,6923,2520,6515
2520,8155,2520,8689
2520,6951,2521,7100
2521,8920,2521,9024
2521,7131,2521,8204
2521,9687,2521,9125
2521,8254,2521,7719
2521,8460,2521,8130
2521,8099,2521,7540
2521,8049,2521,7642
2521,7001,2521,7690
2521,9177,2521,7410
2521,6795,2522,7103
2522,7613,2522,6746
2522,7847,2522,9047
2522,8458,2522,6617
2522,5363,2522,6462
2522,7155,2522,6946
2522,6566,2522,7055
2522,7507,2522,7303
2522,6770,2522,7563
2522,8100,2522,7412
2522,5948,2523,5951
2523,6947,2523,6999
2523,7100,2523,7843
2523,9306,2523,7845
2523,6844,2523,7590
2523,8794,2523,8745
2523,7922,2523,6361
2523,8277,2523,7104
2523,7127,2523,7410
2523,7235,2523,7024
2523,6030,2524,6132
2524,7793,2524,9021
2524,8227,2524,6666
2524,7334,2524,7049
2524,6844,2524,7077
2524,6540,2524,6079
2524,7027,2524,8077
2524,10124,2524,9561
2524,6977,2524,6618
2524,8484,2524,8868
2524,6719,2524,6338
2525,7511,2525,7824
2525,8509,2525,8663
2525,8742,2525,8614
2525,8664,2525,8794
2525,8330,2525,6770
2525,6005,2525,7079
2525,7742,2525,8025
2525,7820,2525,6132
2525,6949,2525,7410
2525,8819,2525,8177
2526,7618,2526,8538
2526,8251,2526,7590
2526,9305,2526,9021
2526,8180,2526,8052
2526,9043,2526,8488
2526,7615,2526,7484
2526,8586,2526,9687
2526,8000,2526,7382
2526,8001,2526,7638
2526,8202,2526,9203
2527,8970,2527,8766
2527,8971,2527,10714
2527,12093,2527,11195
2527,9740,2527,8944
2527,8487,2527,7179
2527,7128,2527,9611
2527,10075,2527,7717
2527,6105,2527,6642
2527,7947,2527,7740
2527,6898,2527,6948
2528,7229,2528,8021
2528,7331,2528,6795
2528,8154,2528,8410
2528,7540,2528,6718
2528,7305,2528,7768
2528,6487,2528,6539
2528,8562,2528,7717
2528,6922,2528,7637
2528,8178,2528,7156
2528,6874,2528,7024
2529,7794,2529,7769
2529,5902,2529,5976
2529,7306,2529,7487
2529,7616,2529,8099
2529,8742,2529,7771
2529,7026,2529,7154
2529,7335,2529,6895
2529,6695,2529,6873
2529,7180,2529,6692
2529,6796,2529,7615
2530,7228,2530,6364
2530,6849,2530,8049
2530,8178,2530,7308
2530,5696,2530,5028
2530,6616,2530,6620
2530,6078,2530,5903
2530,6562,2530,6026
2530,6823,2530,7002
2530,6491,2530,5951
2530,5539,2530,6052
2531,6463,2531,6821
2531,6642,2531,6232
2531,5260,2531,4873
2531,5363,2531,5488
2531,5951,2531,6361
2531,7078,2531,6284
2531,6692,2531,7003
2531,7180,2531,7461
2531,7742,2531,6489
2531,5570,2531,5464
2532,7949,2532,10044
2532,9230,2532,8613
2532,8308,2532,8048
2532,7869,2532,7438
2532,8309,2532,8434
2532,6872,2532,6052
2532,7792,2532,8277
2532,6898,2532,6797
2532,7616,2532,8098
2532,8049,2532,8301
2533,8381,2533,7845
2533,7565,2533,7025
2533,8484,2533,8102
2533,6645,2533,6846
2533,8258,2533,7513
2533,6824,2533,8382
2533,9254,2533,8559
2533,7972,2533,8027
2533,9332,2533,8666
2533,7589,2533,7076
2534,8537,2534,9663
2534,9995,2534,9971
2534,9998,2534,10327
2534,8127,2534,7510
2534,8280,2534,7972
2534,7052,2534,6183
2534,7462,2534,7462
2534,6825,2534,7412
2534,7845,2534,6309
2534,5058,2534,6181
2535,7951,2535,7618
2535,6641,2535,7461
2535,7868,2535,7384
2535,6718,2535,5978
2535,6720,2535,7873
2535,6794,2535,6079
2535,7051,2535,6974
2535,6208,2535,6080
2535,8154,2535,8459
2535,5979,2535,6078
2536,6898,2536,8128
2536,7719,2536,7972
2536,9022,2536,7535
2536,5949,2536,5337
2536,6534,2536,6080
2536,6410,2536,5847
2536,6772,2536,7001
2536,6003,2536,5058
2536,6208,2536,6235
2536,6132,2536,5669
2537,7412,2537,7356
2537,6772,2537,7098
2537,7868,2537,6048
2537,5823,2537,6616
2537,5670,2537,5186
2537,4804,2537,5339
2537,6747,2537,6408
2537,5953,2537,7000
2537,7304,2537,6154
2537,6233,2537,7055
2538,9329,2538,8973
2538,7157,2538,7308
2538,7947,2538,6747
2538,6489,2538,7029
2538,7360,2538,8151
2538,8514,2538,7765
2538,7257,2538,7229
2538,8202,2538,8845
2538,9458,2538,9019
2538,8201,2538,8817
2539,9743,2539,8384
2539,6951,2539,7615
2539,8972,2539,9306
2539,9276,2539,9639
2539,10151,2539,11017
2539,10404,2539,10071
2539,12067,2539,12197
2539,11454,2539,11604
2539,11890,2539,10379
2539,10763,2539,12353
2540,12398,2540,11172
2540,11147,2540,12071
2540,13347,2540,13122
2540,11965,2540,13220
2540,14881,2540,14526
2540,12193,2540,12631
2540,15394,2540,14272
2540,11967,2540,12915
2540,16213,2540,15934
2540,14602,2540,13474
2541,14729,2541,14370
2541,14449,2541,14452
2541,15264,2541,14349
2541,14984,2541,15089
2541,14371,2541,14320
2541,13909,2541,14090
2541,14909,2541,14498
2541,14320,2541,14627
2541,14782,2541,13528
2541,12065,2541,12351
2542,13347,2542,13858
2542,13475,2542,11915
2542,13038,2542,12784
2542,11763,2542,12784
2542,13067,2542,11916
2542,10791,2542,12324
2542,12505,2542,12581
2542,13140,2542,12831
2542,11966,2542,10506
2542,10147,2542,11480
2543,12298,2543,11046
2543,10275,2543,9046
2543,10586,2543,11965
2543,10277,2543,9100
2543,10508,2543,11631
2543,12374,2543,11424
2543,10688,2543,9763
2543,8897,2543,9406
2543,9738,2543,9689
2543,8257,2543,8098
2544,9380,2544,9559
2544,8457,2544,8564
2544,10305,2544,9329
2544,8667,2544,8307
2544,8488,2544,8768
2544,8687,2544,6876
2544,7744,2544,8919
2544,9383,2544,8283
2544,9327,2544,9996
2544,7771,2544,7568
2545,9357,2545,9331
2545,7896,2545,6258
2545,7357,2545,6872
2545,5974,2545,6998
2545,7538,2545,8258
2545,8588,2545,8253
2545,8612,2545,8255
2545,7923,2545,8432
2545,9171,2545,9790
2545,10176,2545,9660
2546,9562,2546,10278
2546,10026,2546,10713
2546,11198,2546,12656
2546,13142,2546,11559
2546,12092,2546,13759
2546,13399,2546,14293
2546,16267,2546,16550
2546,15063,2546,16364
2546,19617,2546,22719
2546,22895,2546,22688
2547,24836,2547,25351
2547,25992,2547,25937
2547,27398,2547,28292
2547,27116,2547,26684
2547,30571,2547,32697
2547,33596,2547,33265
2547,35515,2547,36873
2547,38228,2547,38740
2547,40125,2547,41916
2547,42171,2547,41783
2548,42960,2548,43905
2548,43957,2548,44265
2548,45721,2548,45033
2548,44628,2548,45880
2548,45855,2548,45164
2548,43808,2548,42735
2548,44677,2548,46752
2548,48342,2548,48135
2548,48520,2548,47057
2548,45187,2548,46034
2549,49358,2549,50003
2549,48672,2549,46035
2549,46008,2549,44061
2549,42682,2549,41474
2549,43192,2549,41580
2549,39048,2549,38841
2549,42399,2549,42505
2549,41249,2549,39020
2549,38868,2549,39939
2549,38280,2549,36361
2550,38174,2550,37208
2550,36023,2550,35900
2550,36279,2550,33419
2550,32444,2550,31908
2550,30856,2550,29937
2550,29394,2550,28578
2550,29830,2550,30448
2550,29269,2550,28554
2550,29654,2550,28374
2550,26889,2550,27069
2551,27169,2551,24689
2551,22282,2551,22284
2551,24122,2551,23175
2551,21947,2551,22149
2551,22763,2551,20362
2551,17931,2551,17903
2551,19415,2551,20054
2551,18749,2551,16062
2551,17161,2551,17549
2551,17879,2551,18005
2552,18928,2552,18902
2552,17341,2552,16933
2552,18774,2552,17776
2552,16162,2552,15678
2552,15960,2552,14861
2552,13705,2552,13551
2552,14599,2552,14426
2552,11862,2552,10891
2552,11608,2552,11685
2552,10971,2552,11966
2553,12527,2553,11452
2553,10685,2553,12093
2553,13425,2553,11861
2553,10356,2553,10816
2553,10968,2553,10994
2553,10276,2553,10379
2553,11557,2553,11940
2553,10633,2553,9612
2553,9637,2553,10096
2553,9509,2553,9558
2554,9562,2554,10174
2554,10506,2554,10479
2554,10148,2554,8999
2554,9406,2554,8615
2554,8795,2554,9049
2554,8410,2554,9048
2554,10840,2554,10375
2554,9610,2554,8689
2554,9328,2554,8663
2554,8232,2554,8332
2555,9254,2555,9356
2555,9740,2555,9330
2555,9199,2555,8740
2555,8001,2555,8509
2555,9460,2555,9305
2555,8613,2555,8688
2555,8482,2555,8871
2555,9483,2555,9688
2555,10147,2555,10149
2555,9125,2555,8639
2556,9968,2556,10484
2556,8283,2556,8691
2556,10100,2556,9841
2556,8228,2556,8182
2556,10044,2556,10048
2556,8383,2556,8231
2556,9712,2556,10022
2556,10665,2556,9818
2556,9454,2556,9199
2556,9843,2556,9818
2557,9996,2557,9047
2557,8308,2557,8254
2557,8563,2557,8715
2557,8663,2557,7256
2557,8200,2557,8586
2557,8356,2557,8663
2557,8664,2557,8898
2557,7821,2557,8841
2557,9586,2557,8458
2557,6666,2557,6260
2558,8356,2558,8692
2558,7182,2558,7127
2558,9663,2558,9637
2558,8203,2558,7410
2558,9201,2558,9325
2558,8513,2558,8839
2558,9917,2558,9123
2558,7746,2558,7617
2558,7513,2558,8278
2558,6820,2558,6257
2559,6694,2559,7206
2559,7407,2559,7920
2559,8329,2559,8282
2559,6692,2559,5513
2559,7051,2559,7513
2559,6745,2559,6487
2559,7001,2559,7001
2559,7408,2559,7052
2559,6387,2559,5771
2559,6385,2559,5542
2560,5798,2560,6796
2560,6414,2560,6639
2560,6364,2560,6590
2560,6693,2560,7359
2560,8229,2560,7690
2560,6565,2560,6514
2560,7103,2560,6441
2560,6104,2560,5878
2560,7513,2560,7081
2560,6307,2560,7152
2561,8894,2561,7641
2561,7027,2561,6666
2561,7975,2561,8052
2561,6255,2561,5744
2561,6746,2561,6746
2561,6543,2561,6744
2561,5796,2561,5721
2561,6030,2561,7387
2561,8788,2561,8385
2561,8022,2561,7977
2562,7308,2562,7563
2562,7717,2562,6848
2562,6514,2562,6031
2562,6050,2562,7257
2562,8048,2562,7589
2562,6897,2562,6767
2562,7384,2562,7562
2562,8258,2562,8229
2562,8484,2562,7307
2562,6052,2562,5874
2563,7768,2563,8485
2563,8022,2563,8356
2563,9918,2563,9075
2563,6516,2563,6055
2563,7637,2563,7744
2563,8127,2563,8357
2563,8537,2563,8868
2563,8895,2563,8077
2563,8387,2563,8611
2563,8000,2563,7410
2564,7848,2564,7868
2564,7204,2564,6410
2564,7893,2564,8201
2564,6388,2564,5695
2564,6589,2564,7663
2564,6056,2564,6540
2564,8357,2564,8254
2564,7848,2564,8023
2564,8378,2564,8563
2564,7615,2565,7613
2565,8179,2565,7563
2565,7874,2565,8667
2565,9252,2565,9204
2565,8536,2565,8843
2565,10738,2565,9457
2565,6440,2565,6466
2565,7359,2565,6539
2565,5951,2565,6897
2565,7101,2565,7411
2565,6742,2566,6003
2566,5826,2566,6336
2566,5516,2566,5157
2566,6872,2566,6795
2566,5029,2566,5181
2566,6132,2566,7360
2566,5976,2566,4392
2566,5768,2566,7359
2566,7098,2566,5873
2566,6617,2566,6259
2566,5694,2567,5491
2567,6129,2567,5593
2567,6284,2567,5132
2567,5184,2567,7025
2567,8382,2567,7590
2567,7511,2567,7231
2567,7051,2567,7894
2567,8022,2567,6386
2567,5874,2567,6153
2567,7613,2567,7027
2567,6158,2568,5847
2568,6617,2568,7359
2568,6646,2568,6231
2568,7460,2568,7410
2568,6540,2568,7898
2568,8304,2568,8048
2568,7026,2568,6950
2568,7023,2568,6617
2568,5795,2568,6515
2568,8024,2568,6998
2568,6157,2569,7562
2569,8355,2569,6744
2569,5643,2569,6103
2569,6617,2569,6541
2569,6077,2569,5107
2569,5951,2569,6465
2569,7308,2569,7334
2569,7870,2569,7386
2569,6337,2569,7102
2569,7002,2569,6568
2569,5748,2570,6079
2570,7129,2570,7614
2570,7330,2570,6437
2570,6568,2570,6284
2570,7105,2570,7919
2570,8484,2570,6465
2570,6082,2570,6232
2570,7056,2570,7565
2570,6820,2570,6232
2570,6818,2570,6618
2570,6182,2571,5388
2571,7463,2571,8665
2571,7028,2571,6513
2571,8819,2571,7997
2571,6849,2571,8384
2571,9099,2571,8920
2571,7717,2571,6820
2571,6947,2571,6973
2571,6051,2571,6514
2571,6562,2571,6744
2571,6642,2572,6794
2572,6923,2572,7205
2572,6818,2572,6538
2572,7308,2572,7359
2572,7770,2572,7464
2572,6899,2572,6181
2572,6155,2572,6230
2572,7434,2572,7410
2572,7052,2572,6593
2572,6385,2572,7002
2572,5619,2573,6718
2573,8514,2573,7054
2573,6643,2573,7819
2573,8792,2573,7074
2573,6002,2573,6336
2573,7717,2573,7896
2573,6970,2573,6873
2573,5031,2573,5031
2573,6109,2573,5591
2573,5699,2573,4265
2573,4980,2574,6360
2574,7768,2574,6052
2574,6283,2574,6512
2574,7357,2574,7436
2574,6565,2574,5849
2574,6767,2574,5927
2574,5364,2574,5976
2574,7025,2574,7591
2574,6414,2574,6362
2574,8458,2574,7388
2574,6877,2575,6691
2575,8512,2575,7948
2575,6287,2575,6028
2575,7127,2575,7132
2575,7563,2575,7436
2575,7662,2575,6538
2575,5590,2575,6078
2575,6518,2575,7180
2575,7792,2575,6768
2575,6924,2575,7691
2576,7974,2576,7003
2576,6975,2576,8331
2576,8688,2576,6692
2576,7538,2576,7049
2576,5771,2576,7205
2576,8586,2576,8052
2576,7154,2576,6178
2576,5413,2576,5669
2576,6541,2576,5979
2576,6230,2576,6361
2577,5925,2577,6847
2577,6974,2577,7461
2577,6587,2577,5462
2577,7102,2577,7716
2577,6848,2577,6671
2577,8203,2577,7896
2577,6747,2577,6718
2577,7642,2577,7001
2577,6539,2577,7641
2577,8947,2577,8333
2578,7204,2578,7561
2578,8535,2578,7409
2578,7514,2578,7640
2578,8357,2578,7792
2578,7511,2578,7002
2578,6460,2578,7052
2578,7127,2578,6874
2578,7537,2578,7306
2578,6615,2578,7590
2578,9401,2578,7564
2579,7363,2579,6844
2579,6513,2579,5773
2579,5109,2579,5618
2579,6770,2579,7387
2579,7513,2579,6514
2579,6975,2579,6901
2579,5670,2579,4957
2579,5874,2579,7104
2579,7051,2579,6794
2579,6773,2579,6282
2580,5157,2580,6406
2580,6946,2580,6284
2580,6588,2580,6491
2580,5416,2580,5718
2580,6848,2580,6771
2580,6591,2580,7204
2580,7639,2580,7508
2580,7897,2580,8278
2580,7742,2580,7615
2580,6541,2580,6665
2581,6284,2581,6338
2581,7358,2581,6591
2581,5873,2581,5594
2581,6283,2581,6208
2581,6641,2581,5696
2581,6438,2581,6004
2581,5927,2581,7027
2581,7747,2581,5950
2581,5696,2581,6668
2581,7539,2581,6004
2582,5927,2582,6694
2582,7668,2582,6854
2582,6541,2582,6744
2582,8356,2582,8409
2582,6333,2582,6542
2582,7177,2582,6130
2582,6077,2582,5698
2582,6567,2582,6846
2582,5667,2582,5415
2582,6591,2583,6543
2583,7155,2583,7382
2583,8103,2583,7715
2583,7359,2583,5773
2583,6668,2583,8665
2583,8970,2583,7075
2583,7668,2583,7744
2583,6796,2583,6770
2583,7722,2583,7415
2583,6130,2583,6384
2583,7795,2584,9332
2584,8875,2584,7129
2584,6718,2584,7307
2584,7616,2584,6821
2584,9203,2584,8409
2584,6875,2584,8025
2584,8560,2584,8461
2584,7231,2584,6950
2584,7232,2584,6284
2584,5286,2584,5850
2584,6567,2585,7434
2585,6132,2585,5797
2585,6388,2585,6922
2585,7615,2585,6438
2585,6308,2585,6565
2585,6104,2585,6005
2585,7176,2585,7769
2585,5798,2585,5746
2585,7512,2585,7078
2585,6233,2585,6820
2585,7692,2586,7154
2586,6974,2586,6874
2586,7360,2586,7281
2586,5748,2586,6260
2586,6078,2586,5489
2586,5467,2586,5670
2586,6465,2586,6773
2586,5748,2586,5262
2586,6054,2586,5827
2586,5697,2586,6438
2586,7051,2587,7664
2587,5748,2587,5311
2587,6414,2587,5057
2587,4188,2587,4751
2587,6053,2587,5495
2587,5211,2587,5055
2587,7615,2587,8103
2587,6464,2587,6643
2587,6795,2587,7103
2587,6361,2587,5668
2587,5541,2588,5899
2588,6236,2588,6313
2588,6875,2588,6002
2588,5645,2588,5798
2588,7178,2588,7542
2588,6515,2588,5796
2588,6791,2588,6025
2588,5571,2588,6031
2588,8506,2588,8740
2588,6671,2588,6102
2589,7151,2589,6360
2589,6361,2589,7463
2589,7437,2589,6204
2589,5895,2589,7079
2589,8329,2589,7874
2589,7643,2589,8053
2589,8997,2589,8227
2589,6928,2589,6694
2589,7206,2589,7972
2589,7460,2589,7102
2590,7357,2590,7844
2590,7768,2590,7358
2590,7076,2590,7130
2590,7102,2590,7642
2590,8820,2590,7972
2590,7052,2590,7738
2590,7769,2590,7486
2590,7180,2590,7924
2590,8255,2590,8585
2590,8842,2590,8486
2591,8458,2591,8154
2591,8254,2591,9123
2591,10506,2591,9714
2591,8892,2591,8589
2591,9919,2591,8541
2591,7278,2591,7920
2591,9843,2591,10072
2591,9277,2591,9226
2591,10738,2591,9461
2591,7716,2591,9767
2592,9997,2592,8944
2592,7540,2592,7590
2592,8638,2592,8484
2592,7744,2592,8075
2592,9509,2592,9585
2592,8383,2592,8588
2592,9333,2592,10761
2592,10074,2592,8765
2592,9511,2592,8506
2592,7205,2592,6617
2593,6898,2593,7077
2593,7588,2593,8848
2593,9124,2593,8253
2593,7029,2593,7637
2593,8305,2593,8075
2593,7332,2593,6767
2593,6665,2593,6589
2593,7717,2593,8231
2593,8100,2593,8203
2593,8129,2593,7661
2594,7332,2594,7971
2594,8537,2594,8767
2594,9100,2594,8536
2594,6382,2594,5028
2594,6643,2594,7437
2594,6206,2594,6589
2594,7259,2594,8380
2594,7613,2594,7131
2594,6590,2594,6591
2594,5748,2595,5845
2595,7129,2595,7745
2595,6338,2595,7003
2595,8229,2595,8204
2595,6846,2595,6952
2595,7206,2595,7152
2595,6209,2595,6330
2595,7589,2595,7640
2595,6333,2595,6692
2595,7333,2595,6413
2595,6288,2596,7307
2596,7539,2596,6567
2596,6513,2596,7051
2596,7641,2596,7230
2596,6282,2596,6744
2596,8231,2596,7078
2596,6186,2596,7437
2596,8232,2596,7514
2596,7720,2596,7587
2596,8177,2596,6516
2596,6078,2597,7436
2597,9486,2597,9048
2597,7692,2597,6739
2597,8074,2597,7436
2597,7948,2597,7026
2597,7745,2597,8509
2597,9406,2597,8278
2597,8486,2597,10482
2597,9226,2597,8382
2597,8661,2597,9252
2597,7614,2598,8481
2598,10455,2598,10454
2598,9742,2598,8509
2598,9974,2598,10273
2598,9098,2598,8023
2598,9993,2598,10046
2598,9328,2598,8486
2598,10277,2598,11198
2598,9559,2598,8871
2598,9919,2598,10198
2598,9785,2599,9508
2599,10018,2599,8868
2599,8021,2599,8562
2599,10021,2599,9791
2599,8485,2599,9049
2599,9915,2599,10635
2599,10840,2599,9740
2599,10226,2599,10276
2599,11047,2599,11482
2599,11354,2599,11404
2600,11250,2600,11606
2600,12836,2600,11760
2600,10480,2600,11116
2600,12557,2600,11303
2600,10378,2600,10839
2600,10658,2600,10606
2600,10477,2600,11400
2600,12453,2600,10202
2600,10281,2600,10561
2600,11068,2600,9894
2601,11070,2601,11581
2601,10637,2601,10429
2601,11043,2601,9713
2601,10249,2601,10072
2601,9151,2601,9660
2601,10301,2601,9278
2601,9357,2601,9278
2601,9686,2601,8664
2601,8024,2601,8073
2601,10097,2601,8895
2602,7254,2602,8433
2602,10070,2602,8846
2602,8202,2602,7765
2602,8510,2602,8968
2602,8816,2602,9354
2602,10608,2602,9687
2602,7485,2602,7100
2602,7696,2602,7153
2602,7205,2602,7153
2602,7410,2602,8252
2603,8330,2603,7414
2603,8664,2603,8690
2603,8895,2603,7769
2603,8253,2603,8202
2603,6952,2603,6844
2603,7768,2603,7845
2603,7590,2603,7233
2603,8074,2603,7435
2603,6872,2603,7664
2603,9022,2604,7870
2604,7205,2604,7588
2604,8077,2604,7464
2604,7282,2604,7028
2604,7023,2604,9175
2604,8405,2604,8278
2604,10607,2604,10197
2604,8254,2604,9025
2604,10892,2604,9893
2604,8612,2604,8817
2604,9889,2605,9226
2605,8793,2605,10169
2605,11043,2605,11506
2605,10149,2605,10021
2605,10455,2605,12067
2605,11786,2605,10636
2605,10608,2605,11862
2605,11836,2605,11177
2605,11556,2605,10329
2605,9944,2605,10406
2605,12453,2606,12093
2606,11786,2606,11736
2606,12197,2606,12631
2606,14524,2606,15062
2606,14932,2606,14345
2606,14554,2606,13964
2606,13756,2606,14269
2606,14193,2606,13500
2606,15448,2606,16601
2606,15397,2606,14728
2606,15675,2607,16440
2607,15315,2607,13425
2607,15189,2607,15372
2607,13834,2607,11862
2607,12577,2607,14139
2607,12939,2607,11990
2607,14115,2607,15754
2607,13963,2607,12683
2607,13450,2607,13145
2607,13040,2607,14370
2607,15236,2608,14221
2608,12605,2608,12658
2608,15006,2608,15828
2608,14425,2608,12452
2608,12501,2608,11811
2608,12012,2608,10605
2608,10221,2608,9891
2608,10124,2608,10760
2608,13145,2608,14216
2608,13656,2608,12582
2609,11606,2609,11353
2609,10636,2609,10761
2609,11042,2609,10661
2609,11349,2609,11835
2609,13140,2609,12349
2609,9920,2609,9637
2609,11553,2609,11324
2609,9995,2609,9098
2609,10047,2609,8689
2609,8202,2609,9661
2610,10456,2610,10228
2610,10302,2610,11556
2610,12196,2610,10761
2610,8866,2610,8175
2610,9281,2610,8434
2610,7691,2610,8199
2610,10407,2610,10531
2610,8255,2610,7713
2610,8790,2610,7643
2610,7286,2610,6899
2611,8257,2611,8564
2611,8204,2611,8535
2611,8948,2611,8202
2611,7742,2611,7588
2611,7947,2611,7671
2611,7132,2611,6745
2611,8512,2611,7900
2611,6184,2611,7078
2611,8154,2611,8610
2611,7641,2611,7181
2612,7769,2612,7257
2612,6667,2612,7027
2612,8564,2612,9509
2612,9335,2612,8074
2612,7565,2612,8051
2612,8127,2612,7462
2612,7946,2612,7489
2612,7027,2612,7336
2612,8458,2612,7589
2612,6488,2613,6999
2613,8128,2613,8458
2613,6616,2613,6514
2613,7359,2613,9124
2613,8460,2613,7227
2613,8636,2613,8203
2613,7002,2613,8412
2613,9332,2613,9045
2613,7870,2613,7819
2613,8845,2613,7742
2613,7130,2614,7053
2614,7896,2614,8509
2614,9071,2614,9073
2614,9328,2614,7383
2614,6363,2614,6209
2614,7285,2614,7563
2614,6484,2614,5850
2614,7004,2614,7436
2614,6923,2614,6463
2614,7950,2614,8636
2614,7257,2615,7383
2615,8690,2615,8461
2615,7820,2615,7354
2615,7483,2615,6436
2615,5541,2615,5747
2615,6824,2615,6824
2615,7079,2615,7896
2615,9687,2615,8101
2615,5979,2615,5570
2615,5723,2615,6388
2616,7589,2616,7819
2616,7895,2616,7488
2616,6846,2616,6948
2616,7949,2616,7744
2616,6233,2616,5492
2616,6363,2616,6027
2616,6718,2616,6744
2616,7667,2616,6948
2616,6670,2616,7486
2616,8459,2616,8256
2617,7745,2617,7589
2617,9229,2617,8588
2617,6821,2617,5514
2617,7514,2617,8433
2617,6668,2617,6184
2617,7665,2617,8738
2617,8434,2617,7900
2617,7488,2617,7153
2617,6281,2617,6947
2617,8251,2617,6947
2618,6109,2618,5188
2618,6565,2618,7974
2618,7513,2618,6262
2618,5693,2618,6312
2618,7999,2618,7848
2618,7769,2618,7975
2618,7946,2618,6694
2618,7104,2618,7278
2618,6439,2618,6104
2618,7409,2618,7233
2619,6668,2619,6900
2619,8538,2619,8586
2619,7691,2619,6462
2619,6383,2619,7589
2619,7024,2619,6899
2619,6874,2619,7460
2619,7232,2619,6545
2619,7616,2619,8330
2619,6900,2619,6129
2619,7410,2620,9609
2620,9945,2620,7412
2620,6795,2620,6540
2620,6259,2620,7512
2620,8431,2620,7003
2620,6209,2620,5363
2620,6669,2620,7282
2620,6388,2620,5466
2620,6362,2620,6488
2620,6155,2620,5720
2620,6310,2621,6386
2621,6794,2621,7002
2621,7460,2621,8634
2621,6716,2621,5437
2621,5975,2621,5898
2621,5209,2621,4645
2621,6669,2621,6183
2621,5643,2621,4593
2621,5258,2621,6795
2621,6793,2621,6184
2621,7180,2622,7437
2622,6283,2622,5799
2622,6183,2622,7587
2622,8305,2622,7843
2622,8614,2622,9612
2622,8436,2622,7793
2622,8382,2622,7463
2622,6542,2622,7537
2622,8407,2622,8126
2622,7336,2622,8637
2623,8330,2623,7693
2623,6822,2623,7103
2623,6614,2623,7257
2623,7310,2623,6206
2623,5647,2623,5489
2623,5847,2623,6080
2623,6083,2623,5977
2623,4749,2623,3827
2623,5260,2623,6414
2623,7411,2623,7975
2624,8359,2624,7154
2624,5749,2624,6259
2624,6767,2624,7436
2624,6950,2624,6669
2624,8129,2624,9280
2624,8869,2624,6796
2624,6619,2624,7386
2624,8278,2624,7332
2624,8075,2624,7077
2624,6744,2624,6410
2625,7591,2625,7718
2625,7742,2625,6948
2625,5846,2625,6056
2625,4880,2625,5465
2625,6925,2625,6695
2625,6206,2625,7511
2625,8330,2625,6719
2625,6130,2625,6716
2625,8482,2625,8178
2625,6716,2626,6256
2626,7716,2626,7894
2626,6462,2626,5182
2626,6076,2626,7488
2626,7561,2626,7132
2626,6487,2626,6696
2626,7001,2626,6565
2626,7204,2626,6465
2626,6207,2626,6690
2626,7491,2626,7514
2626,6082,2627,6127
2627,6614,2627,5666
2627,4928,2627,6128
2627,7744,2627,8229
2627,7616,2627,6949
2627,7663,2627,8076
2627,7380,2627,6027
2627,6261,2627,6568
2627,6105,2627,6513
2627,7668,2627,7411
2627,6105,2628,5260
2628,5999,2628,5952
2628,5667,2628,7204
2628,7232,2628,5641
2628,6028,2628,5873
2628,5542,2628,5543
2628,5083,2628,5669
2628,7515,2628,7587
2628,7459,2628,8252
2628,7867,2628,6615
2628,6287,2629,7739
2629,8634,2629,7306
2629,6974,2629,6384
2629,7154,2629,6001
2629,5310,2629,6207
2629,7848,2629,7130
2629,6693,2629,6770
2629,7565,2629,7818
2629,6489,2629,7051
2629,8613,2629,8717
2630,7179,2630,7509
2630,8048,2630,6433
2630,5926,2630,6308
2630,6899,2630,6948
2630,5847,2630,5724
2630,5851,2630,6517
2630,5950,2630,6643
2630,6668,2630,6155
2630,4594,2630,5618
2630,6846,2630,6795
2631,6874,2631,6540
2631,6770,2631,6666
2631,6024,2631,5516
2631,5745,2631,5745
2631,5105,2631,5925
2631,7923,2631,6385
2631,5595,2631,6721
2631,7309,2631,6437
2631,5362,2631,5464
2631,6107,2631,6283
2632,5925,2632,7155
2632,8484,2632,9000
2632,8331,2632,6721
2632,5901,2632,6467
2632,7233,2632,6795
2632,6003,2632,6361
2632,5955,2632,6591
2632,7255,2632,6081
2632,4977,2632,6281
2632,7027,2633,6488
2633,6564,2633,7282
2633,8535,2633,8206
2633,7331,2633,6488
2633,6818,2633,6795
2633,6310,2633,5874
2633,7050,2633,8280
2633,6104,2633,5822
2633,7126,2633,7231
2633,7435,2633,5954
2633,6080,2634,7209
2634,6978,2634,6926
2634,7743,2634,7307
2634,6546,2634,5850
2634,7539,2634,7766
2634,7818,2634,5415
2634,5436,2634,5388
2634,5515,2634,6412
2634,7894,2634,8868
2634,7773,2634,6408
2634,7202,2635,7050
2635,6745,2635,6616
2635,7127,2635,7564
2635,7258,2635,7180
2635,7615,2635,7591
2635,7051,2635,7332
2635,7563,2635,6772
2635,6385,2635,7104
2635,7746,2635,7641
2635,6109,2635,4953
2636,6491,2636,7385
2636,6846,2636,6054
2636,5873,2636,6236
2636,5925,2636,5339
2636,5751,2636,6080
2636,6438,2636,6028
2636,6180,2636,6286
2636,6517,2636,6951
2636,8100,2636,7050
2636,6644,2636,7102
2637,7842,2637,7128
2637,7360,2637,7078
2637,8690,2637,10226
2637,7692,2637,5595
2637,6311,2637,7637
2637,7361,2637,6748
2637,7307,2637,7101
2637,5516,2637,5032
2637,6819,2637,7384
2637,5951,2638,5056
2638,7281,2638,8740
2638,7510,2638,7133
2638,7337,2638,6644
2638,6489,2638,6618
2638,6332,2638,7894
2638,8918,2638,7334
2638,6309,2638,6666
2638,7178,2638,7463
2638,7791,2638,6617
2638,6228,2639,6436
2639,6612,2639,6565
2639,5923,2639,5415
2639,5313,2639,5079
2639,6387,2639,7741
2639,7795,2639,6669
2639,7050,2639,6310
2639,7488,2639,7155
2639,7312,2639,7410
2639,7742,2639,8792
2639,7949,2640,6873
2640,7179,2640,7409
2640,7515,2640,8764
2640,8255,2640,7156
2640,6082,2640,5998
2640,6591,2640,7233
2640,7461,2640,7817
2640,8178,2640,9666
2640,7541,2640,5873
2640,6462,2640,6688
2641,6256,2641,5695
2641,6873,2641,7233
2641,5849,2641,6231
2641,6848,2641,7408
2641,6822,2641,6820
2641,9127,2641,10737
2641,9050,2641,7487
2641,7484,2641,8179
2641,7309,2641,6103
2641,6719,2641,7563
2642,7972,2642,9020
2642,8765,2642,8538
2642,6949,2642,7996
2642,9125,2642,8151
2642,6693,2642,5441
2642,6464,2642,6181
2642,6821,2642,8205
2642,8279,2642,7995
2642,6820,2642,7027
2642,9228,2642,9558
2643,6870,2643,6464
2643,6769,2643,6767
2643,7103,2643,7027
2643,7127,2643,6642
2643,7126,2643,7640
2643,8383,2643,7308
2643,7255,2643,6870
2643,8022,2643,8462
2643,7664,2643,7387
2643,8663,2644,7844
2644,6284,2644,5566
2644,7435,2644,8283
2644,6846,2644,6511
2644,7560,2644,7638
2644,7152,2644,6643
2644,7694,2644,8052
2644,7128,2644,6364
2644,7436,2644,6617
2644,5719,2644,5898
2644,7230,2645,7820
2645,6104,2645,5743
2645,7512,2645,7591
2645,7179,2645,7564
2645,9124,2645,8536
2645,8025,2645,7330
2645,6720,2645,6437
2645,5491,2645,5973
2645,7076,2645,6591
2645,5899,2645,6925
2645,9225,2646,8896
2646,7205,2646,7100
2646,6665,2646,6590
2646,7460,2646,6487
2646,6693,2646,7460
2646,7944,2646,8330
2646,9073,2646,9557
2646,8688,2646,9534
2646,8968,2646,7693
2646,7309,2646,7511
2647,8610,2647,6921
2647,5413,2647,5797
2647,7766,2647,8306
2647,6797,2647,6184
2647,6744,2647,6411
2647,4723,2647,4956
2647,6463,2647,7744
2647,7821,2647,7204
2647,7793,2647,7769
2647,7843,2647,7051
2648,6922,2648,6491
2648,6206,2648,5975
2648,7079,2648,7309
2648,6592,2648,6642
2648,6898,2648,6203
2648,6208,2648,6362
2648,8026,2648,8281
2648,7510,2648,6562
2648,7437,2648,8561
2648,8124,2649,7002
2649,7819,2649,7764
2649,7485,2649,8434
2649,9251,2649,7693
2649,6000,2649,6130
2649,8123,2649,8613
2649,7229,2649,6539
2649,7407,2649,7818
2649,6767,2649,6642
2649,8511,2649,8511
2649,7486,2650,7027
2650,8100,2650,7947
2650,6822,2650,6819
2650,8741,2650,7972
2650,6824,2650,8228
2650,9789,2650,7948
2650,6543,2650,6670
2650,7384,2650,8022
2650,7182,2650,6924
2650,7334,2650,6671
2650,6157,2651,6181
2651,7436,2651,6723
2651,6053,2651,5999
2651,6314,2651,5467
2651,5747,2651,7027
2651,7053,2651,6054
2651,5515,2651,6717
2651,7717,2651,7103
2651,6770,2651,6513
2651,7102,2651,7305
2652,6767,2652,7330
2652,8024,2652,7334
2652,6540,2652,7462
2652,7769,2652,6667
2652,6615,2652,6747
2652,7972,2652,7589
2652,6335,2652,6207
2652,7233,2652,7106
2652,7692,2652,7389
2652,5823,2652,6411
2653,6720,2653,5978
2653,6670,2653,6333
2653,6229,2653,6516
2653,7485,2653,7334
2653,6027,2653,7310
2653,9047,2653,8257
2653,6696,2653,6695
2653,7640,2653,6850
2653,5899,2653,6721
2653,7819,2654,7102
2654,6384,2654,6694
2654,6972,2654,7024
2654,6487,2654,6002
2654,6362,2654,7460
2654,6850,2654,7283
2654,7487,2654,6311
2654,6414,2654,6465
2654,7895,2654,8027
2654,7742,2654,7818
2654,7821,2655,6920
2655,6332,2655,7232
2655,8053,2655,8383
2655,7178,2655,6515
2655,7947,2655,6948
2655,6261,2655,6971
2655,7946,2655,7027
2655,5743,2655,5616
2655,6820,2655,6824
2655,6183,2655,6336
2656,7539,2656,7283
2656,6130,2656,5672
2656,6309,2656,8027
2656,6539,2656,6640
2656,8204,2656,8022
2656,6543,2656,6562
2656,7360,2656,7205
2656,6286,2656,7381
2656,8023,2656,7079
2656,6617,2656,7843
2657,9148,2657,8614
2657,8817,2657,8283
2657,8691,2657,7254
2657,6642,2657,6845
2657,7487,2657,7821
2657,7769,2657,7643
2657,8921,2657,9486
2657,8947,2657,8510
2657,9024,2657,9508
2657,8637,2657,9329
2658,9562,2658,7691
2658,6771,2658,6461
2658,7203,2658,7409
2658,7640,2658,7356
2658,7744,2658,7719
2658,6946,2658,7180
2658,8562,2658,9047
2658,8281,2658,7714
2658,8844,2658,9662
2658,9999,2659,9383
2659,8740,2659,7767
2659,6104,2659,7206
2659,8153,2659,8279
2659,9023,2659,8076
2659,8074,2659,8051
2659,8460,2659,8818
2659,9661,2659,8998
2659,8485,2659,7948
2659,8587,2659,8511
2659,7693,2660,8407
2660,8405,2660,8126
2660,8969,2660,8509
2660,8305,2660,7234
2660,7179,2660,8150
2660,8537,2660,7638
2660,7382,2660,7921
2660,7691,2660,7999
2660,7972,2660,6592
2660,6308,2660,7233
2661,9073,2661,9534
2661,9352,2661,8332
2661,7178,2661,7357
2661,10073,2661,8714
2661,6390,2661,7028
2661,10303,2661,9638
2661,8205,2661,6949
2661,8024,2661,7898
2661,8052,2661,8353
2661,7870,2661,8563
2662,8508,2662,7764
2662,8484,2662,9202
2662,8457,2662,7129
2662,7590,2662,8715
2662,8766,2662,8099
2662,9202,2662,8560
2662,6848,2662,6769
2662,7898,2662,7538
2662,6005,2662,6057
2662,7437,2663,7719
2663,6057,2663,6611
2663,7769,2663,8205
2663,9227,2663,8356
2663,8438,2663,8052
2663,7053,2663,6003
2663,7231,2663,7464
2663,5570,2663,6080
2663,7256,2663,8358
2663,8181,2663,8408
2663,8948,2664,9071
2664,8408,2664,7152
2664,8815,2664,9895
2664,7741,2664,8051
2664,10000,2664,9101
2664,8845,2664,9406
2664,9892,2664,8539
2664,7641,2664,7998
2664,8667,2664,9177
2664,8459,2664,8972
2665,9967,2665,8738
2665,6513,2665,6210
2665,8229,2665,9199
2665,7921,2665,7537
2665,9405,2665,8946
2665,9096,2665,9589
2665,8435,2665,7716
2665,7871,2665,8663
2665,8766,2665,7589
2665,7104,2665,6411
2666,7538,2666,8718
2666,9024,2666,7562
2666,8129,2666,8716
2666,7358,2666,7614
2666,8104,2666,8305
2666,8125,2666,7920
2666,9226,2666,9407
2666,8255,2666,8076
2666,7869,2666,8279
2666,8307,2666,7816
2667,8434,2667,8510
2667,6873,2667,8614
2667,9916,2667,9559
2667,8460,2667,7921
2667,6867,2667,7309
2667,8895,2667,9075
2667,9484,2667,8667
2667,7028,2667,6565
2667,7589,2667,8153
2667,7103,2668,7056
2668,7484,2668,7586
2668,7719,2668,8508
2668,9100,2668,7230
2668,6362,2668,7998
2668,8842,2668,7512
2668,5664,2668,5671
2668,6794,2668,6819
2668,7003,2668,6512
2668,7767,2668,7380
2668,6665,2669,6972
2669,6795,2669,6797
2669,6282,2669,6489
2669,6643,2669,6259
2669,5977,2669,6846
2669,8381,2669,8175
2669,7024,2669,6666
2669,7640,2669,9100
2669,8486,2669,6848
2669,6258,2669,6337
2670,6361,2670,7178
2670,7973,2670,7387
2670,8127,2670,7563
2670,8126,2670,8178
2670,6669,2670,6720
2670,8126,2670,7000
2670,7052,2670,8077
2670,9534,2670,9356
2670,8666,2670,7155
2670,6975,2670,6847
2671,6820,2671,6645
2671,7693,2671,7642
2671,5821,2671,5975
2671,7841,2671,7179
2671,4799,2671,5392
2671,6771,2671,6332
2671,6461,2671,6997
2671,7845,2671,7514
2671,5873,2671,6154
2671,7538,2672,7873
2672,7050,2672,5825
2672,6232,2672,6107
2672,6157,2672,5798
2672,7255,2672,7665
2672,6135,2672,7206
2672,9019,2672,8614
2672,7410,2672,6358
2672,6415,2672,6361
2672,6409,2672,6642
2672,7049,2673,7668
2673,7438,2673,7745
2673,8972,2673,8718
2673,7563,2673,7102
2673,8177,2673,7104
2673,6693,2673,7129
2673,8970,2673,9636
2673,7844,2673,6770
2673,6976,2673,6900
2673,5722,2673,6181
2674,8792,2674,8025
2674,5851,2674,5878
2674,7000,2674,7714
2674,6669,2674,5490
2674,6306,2674,8589
